2024-10-25 15:20:19 INFO  o.h.validator.internal.util.Version - HV000001: Hibernate Validator 8.0.1.Final
2024-10-25 15:20:19 INFO  com.toray.ojt.OjtApplication - Starting OjtApplication using Java 21.0.4 with PID 19520 (C:\Users\sanjay.nair\Desktop\Toray\ojt\target\classes started by sanjay.nair in C:\Users\sanjay.nair\Desktop\Toray\ojt)
2024-10-25 15:20:19 DEBUG com.toray.ojt.OjtApplication - Running with Spring Boot v3.3.4, Spring v6.1.13
2024-10-25 15:20:19 INFO  com.toray.ojt.OjtApplication - No active profile set, falling back to 1 default profile: "default"
2024-10-25 15:20:23 DEBUG o.m.s.mapper.ClassPathMapperScanner - Identified candidate component class: file [C:\Users\sanjay.nair\Desktop\Toray\ojt\target\classes\com\toray\ojt\web\mapper\BaseAttachmentMapper.class]
2024-10-25 15:20:23 DEBUG o.m.s.mapper.ClassPathMapperScanner - Identified candidate component class: file [C:\Users\sanjay.nair\Desktop\Toray\ojt\target\classes\com\toray\ojt\web\mapper\BaseAttributeMapper.class]
2024-10-25 15:20:23 DEBUG o.m.s.mapper.ClassPathMapperScanner - Identified candidate component class: file [C:\Users\sanjay.nair\Desktop\Toray\ojt\target\classes\com\toray\ojt\web\mapper\BaseInfoMapper.class]
2024-10-25 15:20:23 DEBUG o.m.s.mapper.ClassPathMapperScanner - Identified candidate component class: file [C:\Users\sanjay.nair\Desktop\Toray\ojt\target\classes\com\toray\ojt\web\mapper\TGuideMapper.class]
2024-10-25 15:20:23 DEBUG o.m.s.mapper.ClassPathMapperScanner - Identified candidate component class: file [C:\Users\sanjay.nair\Desktop\Toray\ojt\target\classes\com\toray\ojt\web\mapper\ToDoMapper.class]
2024-10-25 15:20:23 DEBUG o.m.s.mapper.ClassPathMapperScanner - Identified candidate component class: file [C:\Users\sanjay.nair\Desktop\Toray\ojt\target\classes\com\toray\ojt\web\mapper\UserDetailsMapper.class]
2024-10-25 15:20:23 DEBUG o.m.s.mapper.ClassPathMapperScanner - Identified candidate component class: file [C:\Users\sanjay.nair\Desktop\Toray\ojt\target\classes\com\toray\ojt\web\mapper\UserMapper.class]
2024-10-25 15:20:23 DEBUG o.m.s.mapper.ClassPathMapperScanner - Creating MapperFactoryBean with name 'baseAttachmentMapper' and 'com.toray.ojt.web.mapper.BaseAttachmentMapper' mapperInterface
2024-10-25 15:20:23 DEBUG o.m.s.mapper.ClassPathMapperScanner - Enabling autowire by type for MapperFactoryBean with name 'baseAttachmentMapper'.
2024-10-25 15:20:23 DEBUG o.m.s.mapper.ClassPathMapperScanner - Creating MapperFactoryBean with name 'baseAttributeMapper' and 'com.toray.ojt.web.mapper.BaseAttributeMapper' mapperInterface
2024-10-25 15:20:23 DEBUG o.m.s.mapper.ClassPathMapperScanner - Enabling autowire by type for MapperFactoryBean with name 'baseAttributeMapper'.
2024-10-25 15:20:23 DEBUG o.m.s.mapper.ClassPathMapperScanner - Creating MapperFactoryBean with name 'baseInfoMapper' and 'com.toray.ojt.web.mapper.BaseInfoMapper' mapperInterface
2024-10-25 15:20:23 DEBUG o.m.s.mapper.ClassPathMapperScanner - Enabling autowire by type for MapperFactoryBean with name 'baseInfoMapper'.
2024-10-25 15:20:23 DEBUG o.m.s.mapper.ClassPathMapperScanner - Creating MapperFactoryBean with name 'TGuideMapper' and 'com.toray.ojt.web.mapper.TGuideMapper' mapperInterface
2024-10-25 15:20:23 DEBUG o.m.s.mapper.ClassPathMapperScanner - Enabling autowire by type for MapperFactoryBean with name 'TGuideMapper'.
2024-10-25 15:20:23 DEBUG o.m.s.mapper.ClassPathMapperScanner - Creating MapperFactoryBean with name 'toDoMapper' and 'com.toray.ojt.web.mapper.ToDoMapper' mapperInterface
2024-10-25 15:20:23 DEBUG o.m.s.mapper.ClassPathMapperScanner - Enabling autowire by type for MapperFactoryBean with name 'toDoMapper'.
2024-10-25 15:20:23 DEBUG o.m.s.mapper.ClassPathMapperScanner - Creating MapperFactoryBean with name 'userDetailsMapper' and 'com.toray.ojt.web.mapper.UserDetailsMapper' mapperInterface
2024-10-25 15:20:23 DEBUG o.m.s.mapper.ClassPathMapperScanner - Enabling autowire by type for MapperFactoryBean with name 'userDetailsMapper'.
2024-10-25 15:20:23 DEBUG o.m.s.mapper.ClassPathMapperScanner - Creating MapperFactoryBean with name 'userMapper' and 'com.toray.ojt.web.mapper.UserMapper' mapperInterface
2024-10-25 15:20:23 DEBUG o.m.s.mapper.ClassPathMapperScanner - Enabling autowire by type for MapperFactoryBean with name 'userMapper'.
2024-10-25 15:20:24 INFO  o.s.b.w.e.tomcat.TomcatWebServer - Tomcat initialized with port 8080 (http)
2024-10-25 15:20:24 INFO  o.a.coyote.http11.Http11NioProtocol - Initializing ProtocolHandler ["http-nio-8080"]
2024-10-25 15:20:24 INFO  o.a.catalina.core.StandardService - Starting service [Tomcat]
2024-10-25 15:20:24 INFO  o.a.catalina.core.StandardEngine - Starting Servlet engine: [Apache Tomcat/10.1.30]
2024-10-25 15:20:25 INFO  o.a.c.c.C.[Tomcat].[localhost].[/] - Initializing Spring embedded WebApplicationContext
2024-10-25 15:20:25 INFO  o.s.b.w.s.c.ServletWebServerApplicationContext - Root WebApplicationContext: initialization completed in 5028 ms
2024-10-25 15:20:25 DEBUG o.m.spring.SqlSessionFactoryBean - Property 'configuration' or 'configLocation' not specified, using default MyBatis Configuration
2024-10-25 15:20:26 DEBUG o.m.spring.SqlSessionFactoryBean - Parsed mapper file: 'file [C:\Users\sanjay.nair\Desktop\Toray\ojt\target\classes\mappers\BaseAttachmentMapper.xml]'
2024-10-25 15:20:26 DEBUG o.m.spring.SqlSessionFactoryBean - Parsed mapper file: 'file [C:\Users\sanjay.nair\Desktop\Toray\ojt\target\classes\mappers\BaseAttributeMapper.xml]'
2024-10-25 15:20:26 DEBUG o.m.spring.SqlSessionFactoryBean - Parsed mapper file: 'file [C:\Users\sanjay.nair\Desktop\Toray\ojt\target\classes\mappers\BaseInfo.xml]'
2024-10-25 15:20:26 DEBUG o.m.spring.SqlSessionFactoryBean - Parsed mapper file: 'file [C:\Users\sanjay.nair\Desktop\Toray\ojt\target\classes\mappers\BaseInfoMapper.xml]'
2024-10-25 15:20:26 DEBUG o.m.spring.SqlSessionFactoryBean - Parsed mapper file: 'file [C:\Users\sanjay.nair\Desktop\Toray\ojt\target\classes\mappers\TGuideMapper.xml]'
2024-10-25 15:20:26 DEBUG o.m.spring.SqlSessionFactoryBean - Parsed mapper file: 'file [C:\Users\sanjay.nair\Desktop\Toray\ojt\target\classes\mappers\ToDoMapper.xml]'
2024-10-25 15:20:26 DEBUG o.m.spring.SqlSessionFactoryBean - Parsed mapper file: 'file [C:\Users\sanjay.nair\Desktop\Toray\ojt\target\classes\mappers\UserDetailsMapper.xml]'
2024-10-25 15:20:26 DEBUG o.m.spring.SqlSessionFactoryBean - Parsed mapper file: 'file [C:\Users\sanjay.nair\Desktop\Toray\ojt\target\classes\mappers\UserMapper.xml]'
2024-10-25 15:20:27 DEBUG o.f.c.i.s.classpath.ClassPathScanner - Scanning for classpath resources at 'classpath:db/callback' ...
2024-10-25 15:20:27 DEBUG o.f.c.i.s.classpath.ClassPathScanner - Determining location urls for classpath:db/callback using ClassLoader jdk.internal.loader.ClassLoaders$AppClassLoader@76ed5528 ...
2024-10-25 15:20:27 DEBUG o.f.c.i.s.classpath.ClassPathScanner - Unable to resolve location classpath:db/callback.
2024-10-25 15:20:27 DEBUG o.f.c.i.s.classpath.ClassPathScanner - Scanning for classpath resources at 'classpath:db/migration' ...
2024-10-25 15:20:27 DEBUG o.f.c.i.s.classpath.ClassPathScanner - Determining location urls for classpath:db/migration using ClassLoader jdk.internal.loader.ClassLoaders$AppClassLoader@76ed5528 ...
2024-10-25 15:20:27 DEBUG o.f.c.i.s.classpath.ClassPathScanner - Scanning URL: file:/C:/Users/sanjay.nair/Desktop/Toray/ojt/target/classes/db/migration
2024-10-25 15:20:27 DEBUG o.f.c.i.s.c.FileSystemClassPathLocationScanner - Scanning starting at classpath root in filesystem: C:\Users\sanjay.nair\Desktop\Toray\ojt\target\classes\
2024-10-25 15:20:27 DEBUG o.f.c.i.s.c.FileSystemClassPathLocationScanner - Scanning for resources in path: C:\Users\sanjay.nair\Desktop\Toray\ojt\target\classes\db\migration (db/migration)
2024-10-25 15:20:27 DEBUG o.f.c.i.s.classpath.ClassPathScanner - Found resource: db/migration/V2__create_table_ddl_statements.sql
2024-10-25 15:20:27 DEBUG o.f.c.i.s.classpath.ClassPathScanner - Found resource: db/migration/V3__foreign_key_setup.sql
2024-10-25 15:20:27 DEBUG o.f.c.i.s.classpath.ClassPathScanner - Found resource: db/migration/V4__Initial_Insert.sql
2024-10-25 15:20:27 DEBUG o.f.c.i.s.classpath.ClassPathScanner - Found resource: db/migration/V5__Insert_M_GYOMU_IRAI.sql
2024-10-25 15:20:27 DEBUG o.f.c.i.s.classpath.ClassPathScanner - Found resource: db/migration/V8__Insert_Base_info1.sql
2024-10-25 15:20:27 DEBUG o.f.c.i.s.classpath.ClassPathScanner - Scanning for classes at classpath:db/migration
2024-10-25 15:20:27 DEBUG o.f.c.i.r.ResourceNameValidator - Validating V4__Initial_Insert.sql
2024-10-25 15:20:27 INFO  com.zaxxer.hikari.HikariDataSource - HikariPool-1 - Starting...
2024-10-25 15:20:28 INFO  com.zaxxer.hikari.pool.HikariPool - HikariPool-1 - Added connection oracle.jdbc.driver.T4CConnection@4a31ed12
2024-10-25 15:20:28 INFO  com.zaxxer.hikari.HikariDataSource - HikariPool-1 - Start completed.
2024-10-25 15:20:28 DEBUG o.f.c.i.r.ResourceNameValidator - Validating V8__Insert_Base_info1.sql
2024-10-25 15:20:28 DEBUG o.f.c.i.r.ResourceNameValidator - Validating V3__foreign_key_setup.sql
2024-10-25 15:20:28 DEBUG o.f.c.i.r.ResourceNameValidator - Validating V2__create_table_ddl_statements.sql
2024-10-25 15:20:28 DEBUG o.f.c.i.r.ResourceNameValidator - Validating V5__Insert_M_GYOMU_IRAI.sql
2024-10-25 15:20:28 INFO  org.flywaydb.core.FlywayExecutor - Database: jdbc:oracle:thin:@localhost:1521/test (Oracle 19.0)
2024-10-25 15:20:28 DEBUG org.flywaydb.core.FlywayExecutor - Driver: Oracle JDBC driver 19.8.0.0.0
2024-10-25 15:20:28 DEBUG org.flywaydb.core.FlywayExecutor - DDL Transactions Supported: false
2024-10-25 15:20:28 DEBUG o.f.c.i.s.SchemaHistoryFactory - Schemas: 
2024-10-25 15:20:28 DEBUG o.f.c.i.s.SchemaHistoryFactory - Default schema: null
2024-10-25 15:20:29 DEBUG o.f.c.i.c.SqlScriptCallbackFactory - Scanning for SQL callbacks ...
2024-10-25 15:20:29 DEBUG o.f.core.internal.command.DbValidate - Validating migrations ...
2024-10-25 15:20:29 DEBUG o.f.c.a.c.ClassicConfiguration - CherryPickConfigurationExtension not found
2024-10-25 15:20:29 DEBUG o.f.core.internal.scanner.Scanner - Filtering out resource: db/migration/V4__Initial_Insert.sql (filename: V4__Initial_Insert.sql)
2024-10-25 15:20:29 DEBUG o.f.core.internal.scanner.Scanner - Filtering out resource: db/migration/V8__Insert_Base_info1.sql (filename: V8__Insert_Base_info1.sql)
2024-10-25 15:20:29 DEBUG o.f.core.internal.scanner.Scanner - Filtering out resource: db/migration/V3__foreign_key_setup.sql (filename: V3__foreign_key_setup.sql)
2024-10-25 15:20:29 DEBUG o.f.core.internal.scanner.Scanner - Filtering out resource: db/migration/V2__create_table_ddl_statements.sql (filename: V2__create_table_ddl_statements.sql)
2024-10-25 15:20:29 DEBUG o.f.core.internal.scanner.Scanner - Filtering out resource: db/migration/V5__Insert_M_GYOMU_IRAI.sql (filename: V5__Insert_M_GYOMU_IRAI.sql)
2024-10-25 15:20:29 DEBUG o.f.core.internal.scanner.Scanner - Filtering out resource: db/migration/V4__Initial_Insert.sql (filename: V4__Initial_Insert.sql)
2024-10-25 15:20:29 DEBUG o.f.core.internal.scanner.Scanner - Filtering out resource: db/migration/V8__Insert_Base_info1.sql (filename: V8__Insert_Base_info1.sql)
2024-10-25 15:20:29 DEBUG o.f.core.internal.scanner.Scanner - Filtering out resource: db/migration/V3__foreign_key_setup.sql (filename: V3__foreign_key_setup.sql)
2024-10-25 15:20:29 DEBUG o.f.core.internal.scanner.Scanner - Filtering out resource: db/migration/V2__create_table_ddl_statements.sql (filename: V2__create_table_ddl_statements.sql)
2024-10-25 15:20:29 DEBUG o.f.core.internal.scanner.Scanner - Filtering out resource: db/migration/V5__Insert_M_GYOMU_IRAI.sql (filename: V5__Insert_M_GYOMU_IRAI.sql)
2024-10-25 15:20:29 INFO  o.f.core.internal.command.DbValidate - Successfully validated 6 migrations (execution time 00:00.339s)
2024-10-25 15:20:29 DEBUG o.f.core.internal.command.DbSchemas - Skipping creation of existing schema: "SYS"
2024-10-25 15:20:29 DEBUG o.f.c.a.c.ClassicConfiguration - CherryPickConfigurationExtension not found
2024-10-25 15:20:29 INFO  o.f.core.internal.command.DbMigrate - Current version of schema "SYS": 8
2024-10-25 15:20:29 INFO  o.f.core.internal.command.DbMigrate - Schema "SYS" is up to date. No migration necessary.
2024-10-25 15:20:29 DEBUG org.flywaydb.core.FlywayExecutor - Memory usage: 58 of 150M
2024-10-25 15:20:30 INFO  o.s.s.c.a.a.c.InitializeUserDetailsBeanManagerConfigurer$InitializeUserDetailsManagerConfigurer - Global AuthenticationManager configured with UserDetailsService bean with name customUserDetailsService
2024-10-25 15:20:31 DEBUG o.s.s.web.DefaultSecurityFilterChain - Will secure any request with filters: DisableEncodeUrlFilter, WebAsyncManagerIntegrationFilter, SecurityContextHolderFilter, HeaderWriterFilter, CsrfFilter, LogoutFilter, UsernamePasswordAuthenticationFilter, RequestCacheAwareFilter, SecurityContextHolderAwareRequestFilter, AnonymousAuthenticationFilter, ExceptionTranslationFilter, AuthorizationFilter
2024-10-25 15:20:32 INFO  o.a.coyote.http11.Http11NioProtocol - Starting ProtocolHandler ["http-nio-8080"]
2024-10-25 15:20:32 INFO  o.s.b.w.e.tomcat.TomcatWebServer - Tomcat started on port 8080 (http) with context path '/'
2024-10-25 15:20:32 INFO  com.toray.ojt.OjtApplication - Started OjtApplication in 14.764 seconds (process running for 15.863)
2024-10-25 15:20:35 INFO  o.a.c.c.C.[Tomcat].[localhost].[/] - Initializing Spring DispatcherServlet 'dispatcherServlet'
2024-10-25 15:20:35 INFO  o.s.web.servlet.DispatcherServlet - Initializing Servlet 'dispatcherServlet'
2024-10-25 15:20:35 INFO  o.s.web.servlet.DispatcherServlet - Completed initialization in 2 ms
2024-10-25 15:20:35 DEBUG o.s.security.web.FilterChainProxy - Securing GET /
2024-10-25 15:20:35 DEBUG o.s.security.web.FilterChainProxy - Secured GET /
2024-10-25 15:20:35 DEBUG o.s.s.w.a.AnonymousAuthenticationFilter - Set SecurityContextHolder to anonymous SecurityContext
2024-10-25 15:20:35 DEBUG o.s.security.web.FilterChainProxy - Securing GET /images/GIPS_logo.jpg
2024-10-25 15:20:35 DEBUG o.s.security.web.FilterChainProxy - Securing GET /css/login.css
2024-10-25 15:20:35 DEBUG o.s.security.web.FilterChainProxy - Secured GET /css/login.css
2024-10-25 15:20:35 DEBUG o.s.security.web.FilterChainProxy - Secured GET /images/GIPS_logo.jpg
2024-10-25 15:20:35 DEBUG o.s.s.w.a.AnonymousAuthenticationFilter - Set SecurityContextHolder to anonymous SecurityContext
2024-10-25 15:20:35 DEBUG o.s.s.w.a.AnonymousAuthenticationFilter - Set SecurityContextHolder to anonymous SecurityContext
2024-10-25 15:20:35 DEBUG o.s.security.web.FilterChainProxy - Securing GET /favicon.ico
2024-10-25 15:20:35 DEBUG o.s.s.w.a.AnonymousAuthenticationFilter - Set SecurityContextHolder to anonymous SecurityContext
2024-10-25 15:20:35 DEBUG o.s.s.web.DefaultRedirectStrategy - Redirecting to http://localhost:8080/
2024-10-25 15:20:35 DEBUG o.s.security.web.FilterChainProxy - Securing GET /
2024-10-25 15:20:35 DEBUG o.s.security.web.FilterChainProxy - Secured GET /
2024-10-25 15:20:35 DEBUG o.s.s.w.a.AnonymousAuthenticationFilter - Set SecurityContextHolder to anonymous SecurityContext
2024-10-25 15:20:37 DEBUG o.s.security.web.FilterChainProxy - Securing POST /login
2024-10-25 15:20:37 DEBUG c.t.o.w.s.i.CustomUserDetailsService - Parameter username: A12345
2024-10-25 15:20:37 DEBUG org.mybatis.spring.SqlSessionUtils - Creating a new SqlSession
2024-10-25 15:20:37 DEBUG org.mybatis.spring.SqlSessionUtils - SqlSession [org.apache.ibatis.session.defaults.DefaultSqlSession@f51457a] was not registered for synchronization because synchronization is not active
2024-10-25 15:20:37 DEBUG o.m.s.t.SpringManagedTransaction - JDBC Connection [HikariProxyConnection@905929416 wrapping oracle.jdbc.driver.T4CConnection@4a31ed12] will not be managed by Spring
2024-10-25 15:20:37 DEBUG c.t.o.w.m.UserMapper.findByAccountId - ==>  Preparing: SELECT * FROM BASE_PARTY_ACCOUNT WHERE ACCOUNT_ID = ?
2024-10-25 15:20:37 DEBUG c.t.o.w.m.UserMapper.findByAccountId - ==> Parameters: A12345(String)
2024-10-25 15:20:37 DEBUG c.t.o.w.m.UserMapper.findByAccountId - <==      Total: 1
2024-10-25 15:20:37 DEBUG org.mybatis.spring.SqlSessionUtils - Closing non transactional SqlSession [org.apache.ibatis.session.defaults.DefaultSqlSession@f51457a]
2024-10-25 15:20:37 DEBUG c.t.o.w.s.i.CustomUserDetailsService - User Object: com.toray.ojt.web.entity.User@3f0b5b77
2024-10-25 15:20:37 DEBUG c.t.o.w.s.i.CustomUserDetailsService - isExpired: 1
2024-10-25 15:20:37 DEBUG org.mybatis.spring.SqlSessionUtils - Creating a new SqlSession
2024-10-25 15:20:37 DEBUG org.mybatis.spring.SqlSessionUtils - SqlSession [org.apache.ibatis.session.defaults.DefaultSqlSession@6bd3191d] was not registered for synchronization because synchronization is not active
2024-10-25 15:20:37 DEBUG o.m.s.t.SpringManagedTransaction - JDBC Connection [HikariProxyConnection@828070154 wrapping oracle.jdbc.driver.T4CConnection@4a31ed12] will not be managed by Spring
2024-10-25 15:20:37 DEBUG c.t.o.w.m.B.findAtrributeNameByPartyId - ==>  Preparing: SELECT ATTRIBUTE_NAME FROM BASE_PARTY_ATTRIBUTE WHERE PARTY_ID = ?
2024-10-25 15:20:37 DEBUG c.t.o.w.m.B.findAtrributeNameByPartyId - ==> Parameters: P12345(String)
2024-10-25 15:20:37 DEBUG c.t.o.w.m.B.findAtrributeNameByPartyId - <==      Total: 1
2024-10-25 15:20:37 DEBUG org.mybatis.spring.SqlSessionUtils - Closing non transactional SqlSession [org.apache.ibatis.session.defaults.DefaultSqlSession@6bd3191d]
2024-10-25 15:20:37 DEBUG c.t.o.w.s.i.CustomUserDetailsService - User role: base_admin
2024-10-25 15:20:37 DEBUG org.mybatis.spring.SqlSessionUtils - Creating a new SqlSession
2024-10-25 15:20:37 DEBUG org.mybatis.spring.SqlSessionUtils - SqlSession [org.apache.ibatis.session.defaults.DefaultSqlSession@7a0748ba] was not registered for synchronization because synchronization is not active
2024-10-25 15:20:37 DEBUG o.m.s.t.SpringManagedTransaction - JDBC Connection [HikariProxyConnection@327415774 wrapping oracle.jdbc.driver.T4CConnection@4a31ed12] will not be managed by Spring
2024-10-25 15:20:37 DEBUG c.t.o.w.m.U.findUserNameByPartyId - ==>  Preparing: SELECT * FROM BASE_PARTY WHERE PARTY_ID = ?
2024-10-25 15:20:37 DEBUG c.t.o.w.m.U.findUserNameByPartyId - ==> Parameters: P12345(String)
2024-10-25 15:20:37 DEBUG c.t.o.w.m.U.findUserNameByPartyId - <==      Total: 1
2024-10-25 15:20:37 DEBUG org.mybatis.spring.SqlSessionUtils - Closing non transactional SqlSession [org.apache.ibatis.session.defaults.DefaultSqlSession@7a0748ba]
2024-10-25 15:20:37 DEBUG o.s.s.a.d.DaoAuthenticationProvider - Authenticated user
2024-10-25 15:20:37 DEBUG o.s.s.w.a.s.ChangeSessionIdAuthenticationStrategy - Changed session id from CC1E2DAB5A7D3A2538C15CB2CB24D8B4
2024-10-25 15:20:37 DEBUG o.s.s.w.c.CsrfAuthenticationStrategy - Replaced CSRF Token
2024-10-25 15:20:37 DEBUG o.s.s.w.c.HttpSessionSecurityContextRepository - Stored SecurityContextImpl [Authentication=UsernamePasswordAuthenticationToken [Principal=com.toray.ojt.web.entity.CustomUserDetails@17d79ea5, Credentials=[PROTECTED], Authenticated=true, Details=WebAuthenticationDetails [RemoteIpAddress=0:0:0:0:0:0:0:1, SessionId=CC1E2DAB5A7D3A2538C15CB2CB24D8B4], Granted Authorities=[base_admin]]] to HttpSession [org.apache.catalina.session.StandardSessionFacade@27c99098]
2024-10-25 15:20:37 DEBUG o.s.s.w.a.UsernamePasswordAuthenticationFilter - Set SecurityContextHolder to UsernamePasswordAuthenticationToken [Principal=com.toray.ojt.web.entity.CustomUserDetails@17d79ea5, Credentials=[PROTECTED], Authenticated=true, Details=WebAuthenticationDetails [RemoteIpAddress=0:0:0:0:0:0:0:1, SessionId=CC1E2DAB5A7D3A2538C15CB2CB24D8B4], Granted Authorities=[base_admin]]
2024-10-25 15:20:37 DEBUG org.mybatis.spring.SqlSessionUtils - Creating a new SqlSession
2024-10-25 15:20:37 DEBUG org.mybatis.spring.SqlSessionUtils - SqlSession [org.apache.ibatis.session.defaults.DefaultSqlSession@739fe965] was not registered for synchronization because synchronization is not active
2024-10-25 15:20:37 DEBUG o.m.s.t.SpringManagedTransaction - JDBC Connection [HikariProxyConnection@1486254853 wrapping oracle.jdbc.driver.T4CConnection@4a31ed12] will not be managed by Spring
2024-10-25 15:20:37 DEBUG c.t.o.w.m.UserMapper.findByAccountId - ==>  Preparing: SELECT * FROM BASE_PARTY_ACCOUNT WHERE ACCOUNT_ID = ?
2024-10-25 15:20:37 DEBUG c.t.o.w.m.UserMapper.findByAccountId - ==> Parameters: A12345(String)
2024-10-25 15:20:37 DEBUG c.t.o.w.m.UserMapper.findByAccountId - <==      Total: 1
2024-10-25 15:20:37 DEBUG org.mybatis.spring.SqlSessionUtils - Closing non transactional SqlSession [org.apache.ibatis.session.defaults.DefaultSqlSession@739fe965]
2024-10-25 15:20:37 DEBUG org.mybatis.spring.SqlSessionUtils - Creating a new SqlSession
2024-10-25 15:20:37 DEBUG org.mybatis.spring.SqlSessionUtils - SqlSession [org.apache.ibatis.session.defaults.DefaultSqlSession@333065df] was not registered for synchronization because synchronization is not active
2024-10-25 15:20:37 DEBUG o.m.s.t.SpringManagedTransaction - JDBC Connection [HikariProxyConnection@1161389611 wrapping oracle.jdbc.driver.T4CConnection@4a31ed12] will not be managed by Spring
2024-10-25 15:20:37 DEBUG c.t.o.w.m.U.updateFailedLoginAttempt - ==>  Preparing: UPDATE BASE_PARTY_ACCOUNT SET STATE = CASE WHEN ? IS NOT NULL THEN ? ELSE STATE END, FAILED_LOGIN_ATTEMPTS = CASE WHEN ? IS NOT NULL THEN ? ELSE FAILED_LOGIN_ATTEMPTS END, UPD_TIMESTAMP = CURRENT_TIMESTAMP -- Update timestamp for when the user was updated WHERE ACCOUNT_ID = ?
2024-10-25 15:20:37 DEBUG c.t.o.w.m.U.updateFailedLoginAttempt - ==> Parameters: A(String), A(String), 0(Integer), 0(Integer), A12345(String)
2024-10-25 15:20:37 DEBUG c.t.o.w.m.U.updateFailedLoginAttempt - <==    Updates: 1
2024-10-25 15:20:37 DEBUG org.mybatis.spring.SqlSessionUtils - Closing non transactional SqlSession [org.apache.ibatis.session.defaults.DefaultSqlSession@333065df]
2024-10-25 15:20:37 DEBUG o.s.security.web.FilterChainProxy - Securing GET /toppage
2024-10-25 15:20:37 DEBUG o.s.s.w.c.HttpSessionSecurityContextRepository - Retrieved SecurityContextImpl [Authentication=UsernamePasswordAuthenticationToken [Principal=com.toray.ojt.web.entity.CustomUserDetails@17d79ea5, Credentials=[PROTECTED], Authenticated=true, Details=WebAuthenticationDetails [RemoteIpAddress=0:0:0:0:0:0:0:1, SessionId=CC1E2DAB5A7D3A2538C15CB2CB24D8B4], Granted Authorities=[base_admin]]]
2024-10-25 15:20:37 DEBUG o.s.security.web.FilterChainProxy - Secured GET /toppage
2024-10-25 15:20:37 DEBUG org.mybatis.spring.SqlSessionUtils - Creating a new SqlSession
2024-10-25 15:20:37 DEBUG org.mybatis.spring.SqlSessionUtils - SqlSession [org.apache.ibatis.session.defaults.DefaultSqlSession@494ddd36] was not registered for synchronization because synchronization is not active
2024-10-25 15:20:37 DEBUG o.m.s.t.SpringManagedTransaction - JDBC Connection [HikariProxyConnection@206523003 wrapping oracle.jdbc.driver.T4CConnection@4a31ed12] will not be managed by Spring
2024-10-25 15:20:37 DEBUG c.t.o.w.m.B.findBaseInfo - ==>  Preparing: SELECT TITLE AS title, BEGIN_YMD AS beginYmd, IMPORTANT_FLG AS importantFlg FROM BASE_INFO WHERE CURRENT_DATE BETWEEN BEGIN_YMD AND END_YMD ORDER BY IMPORTANT_FLG desc
2024-10-25 15:20:37 DEBUG c.t.o.w.m.B.findBaseInfo - ==> Parameters: 
2024-10-25 15:20:37 DEBUG c.t.o.w.m.B.findBaseInfo - <==      Total: 9
2024-10-25 15:20:37 DEBUG org.mybatis.spring.SqlSessionUtils - Closing non transactional SqlSession [org.apache.ibatis.session.defaults.DefaultSqlSession@494ddd36]
2024-10-25 15:20:37 DEBUG org.mybatis.spring.SqlSessionUtils - Creating a new SqlSession
2024-10-25 15:20:37 DEBUG org.mybatis.spring.SqlSessionUtils - SqlSession [org.apache.ibatis.session.defaults.DefaultSqlSession@682eadfd] was not registered for synchronization because synchronization is not active
2024-10-25 15:20:37 DEBUG o.m.s.t.SpringManagedTransaction - JDBC Connection [HikariProxyConnection@1281841341 wrapping oracle.jdbc.driver.T4CConnection@4a31ed12] will not be managed by Spring
2024-10-25 15:20:37 DEBUG c.t.o.w.m.TGuideMapper.findTGuide - ==>  Preparing: SELECT TITLE AS title, BEGIN_YMD AS beginYmd, IMPORTANT_FLG AS importantFlg FROM T_GUIDE WHERE CURRENT_DATE BETWEEN BEGIN_YMD AND END_YMD ORDER BY IMPORTANT_FLG desc
2024-10-25 15:20:37 DEBUG c.t.o.w.m.TGuideMapper.findTGuide - ==> Parameters: 
2024-10-25 15:20:37 DEBUG c.t.o.w.m.TGuideMapper.findTGuide - <==      Total: 1
2024-10-25 15:20:37 DEBUG org.mybatis.spring.SqlSessionUtils - Closing non transactional SqlSession [org.apache.ibatis.session.defaults.DefaultSqlSession@682eadfd]
2024-10-25 15:20:37 DEBUG org.mybatis.spring.SqlSessionUtils - Creating a new SqlSession
2024-10-25 15:20:37 DEBUG org.mybatis.spring.SqlSessionUtils - SqlSession [org.apache.ibatis.session.defaults.DefaultSqlSession@407101bc] was not registered for synchronization because synchronization is not active
2024-10-25 15:20:37 DEBUG o.m.s.t.SpringManagedTransaction - JDBC Connection [HikariProxyConnection@1305319290 wrapping oracle.jdbc.driver.T4CConnection@4a31ed12] will not be managed by Spring
2024-10-25 15:20:37 DEBUG c.t.o.w.m.T.findToDoByLocale - ==>  Preparing: SELECT T1.GYOMU_CD || '-' || T1.CYCLE_NO AS gyomuCd, T1.SHUSHU_TXT AS shushuTxt, TO_CHAR(TO_DATE(T1.SHIMEKIRI_YMD, 'YYYY-MM-DD'), 'yyyy/mm/dd') AS shimekiriYMD, T1.IRAI_STATUS AS iraiStatus, T1.SEQ_IRAI AS seqIrai, COALESCE(T2.KAITO_STATUS, 'N/A') AS kaitoStatus, COALESCE(T3.USER_KBN, 'Unknown') AS userKbn, COALESCE(T3.USERID, 'Unknown') AS userId, COALESCE(T4.PARTY_NAME_EN, 'No Party') AS partyNameEn, COALESCE(T5.CODE_VALUE1, 'No Value') AS codeValue1, (SELECT COUNT(*) FROM T_IRAI) AS requestTotal FROM T_IRAI T1 LEFT JOIN T_KAITO T2 ON T1.SEQ_IRAI = T2.SEQ_IRAI LEFT JOIN T_KAITO_USER T3 ON T2.SEQ_KAITO = T3.SEQ_KAITO LEFT JOIN BASE_PARTY T4 ON T3.USERID = T4.PARTY_ID LEFT JOIN BASE_CODE T5 ON T2.KAITO_STATUS = T5.CODE AND T5.CODE_KIND = 'KAITO_STATUS' AND T5.LOCALE = ? ORDER BY shimekiriYMD
2024-10-25 15:20:37 DEBUG c.t.o.w.m.T.findToDoByLocale - ==> Parameters: en(String)
2024-10-25 15:20:37 DEBUG c.t.o.w.m.T.findToDoByLocale - <==      Total: 1
2024-10-25 15:20:37 DEBUG org.mybatis.spring.SqlSessionUtils - Closing non transactional SqlSession [org.apache.ibatis.session.defaults.DefaultSqlSession@407101bc]
2024-10-25 15:20:37 DEBUG org.mybatis.spring.SqlSessionUtils - Creating a new SqlSession
2024-10-25 15:20:37 DEBUG org.mybatis.spring.SqlSessionUtils - SqlSession [org.apache.ibatis.session.defaults.DefaultSqlSession@1ceda9e2] was not registered for synchronization because synchronization is not active
2024-10-25 15:20:37 DEBUG o.m.s.t.SpringManagedTransaction - JDBC Connection [HikariProxyConnection@551778978 wrapping oracle.jdbc.driver.T4CConnection@4a31ed12] will not be managed by Spring
2024-10-25 15:20:37 DEBUG c.t.o.w.m.T.findToDoByLocale - ==>  Preparing: SELECT T1.GYOMU_CD || '-' || T1.CYCLE_NO AS gyomuCd, T1.SHUSHU_TXT AS shushuTxt, TO_CHAR(TO_DATE(T1.SHIMEKIRI_YMD, 'YYYY-MM-DD'), 'yyyy/mm/dd') AS shimekiriYMD, T1.IRAI_STATUS AS iraiStatus, T1.SEQ_IRAI AS seqIrai, COALESCE(T2.KAITO_STATUS, 'N/A') AS kaitoStatus, COALESCE(T3.USER_KBN, 'Unknown') AS userKbn, COALESCE(T3.USERID, 'Unknown') AS userId, COALESCE(T4.PARTY_NAME_EN, 'No Party') AS partyNameEn, COALESCE(T5.CODE_VALUE1, 'No Value') AS codeValue1, (SELECT COUNT(*) FROM T_IRAI) AS requestTotal FROM T_IRAI T1 LEFT JOIN T_KAITO T2 ON T1.SEQ_IRAI = T2.SEQ_IRAI LEFT JOIN T_KAITO_USER T3 ON T2.SEQ_KAITO = T3.SEQ_KAITO LEFT JOIN BASE_PARTY T4 ON T3.USERID = T4.PARTY_ID LEFT JOIN BASE_CODE T5 ON T2.KAITO_STATUS = T5.CODE AND T5.CODE_KIND = 'KAITO_STATUS' AND T5.LOCALE = ? ORDER BY shimekiriYMD
2024-10-25 15:20:37 DEBUG c.t.o.w.m.T.findToDoByLocale - ==> Parameters: en(String)
2024-10-25 15:20:37 DEBUG c.t.o.w.m.T.findToDoByLocale - <==      Total: 1
2024-10-25 15:20:37 DEBUG org.mybatis.spring.SqlSessionUtils - Closing non transactional SqlSession [org.apache.ibatis.session.defaults.DefaultSqlSession@1ceda9e2]
2024-10-25 15:20:37 DEBUG o.s.security.web.FilterChainProxy - Securing GET /images/Toray.png
2024-10-25 15:20:37 DEBUG o.s.security.web.FilterChainProxy - Secured GET /images/Toray.png
2024-10-25 15:20:37 DEBUG o.s.security.web.FilterChainProxy - Securing GET /css/top.css
2024-10-25 15:20:37 DEBUG o.s.security.web.FilterChainProxy - Secured GET /css/top.css
2024-10-25 15:20:37 DEBUG o.s.security.web.FilterChainProxy - Securing GET /images/gips.jpg
2024-10-25 15:20:37 DEBUG o.s.security.web.FilterChainProxy - Secured GET /images/gips.jpg
2024-10-25 15:20:37 DEBUG o.s.s.w.c.HttpSessionSecurityContextRepository - Retrieved SecurityContextImpl [Authentication=UsernamePasswordAuthenticationToken [Principal=com.toray.ojt.web.entity.CustomUserDetails@17d79ea5, Credentials=[PROTECTED], Authenticated=true, Details=WebAuthenticationDetails [RemoteIpAddress=0:0:0:0:0:0:0:1, SessionId=CC1E2DAB5A7D3A2538C15CB2CB24D8B4], Granted Authorities=[base_admin]]]
2024-10-25 15:20:37 DEBUG o.s.s.w.c.HttpSessionSecurityContextRepository - Retrieved SecurityContextImpl [Authentication=UsernamePasswordAuthenticationToken [Principal=com.toray.ojt.web.entity.CustomUserDetails@17d79ea5, Credentials=[PROTECTED], Authenticated=true, Details=WebAuthenticationDetails [RemoteIpAddress=0:0:0:0:0:0:0:1, SessionId=CC1E2DAB5A7D3A2538C15CB2CB24D8B4], Granted Authorities=[base_admin]]]
2024-10-25 15:20:37 DEBUG o.s.s.w.c.HttpSessionSecurityContextRepository - Retrieved SecurityContextImpl [Authentication=UsernamePasswordAuthenticationToken [Principal=com.toray.ojt.web.entity.CustomUserDetails@17d79ea5, Credentials=[PROTECTED], Authenticated=true, Details=WebAuthenticationDetails [RemoteIpAddress=0:0:0:0:0:0:0:1, SessionId=CC1E2DAB5A7D3A2538C15CB2CB24D8B4], Granted Authorities=[base_admin]]]
2024-10-25 15:20:37 DEBUG o.s.security.web.FilterChainProxy - Securing GET /images/important.png
2024-10-25 15:20:37 DEBUG o.s.security.web.FilterChainProxy - Secured GET /images/important.png
2024-10-25 15:20:37 DEBUG o.s.s.w.c.HttpSessionSecurityContextRepository - Retrieved SecurityContextImpl [Authentication=UsernamePasswordAuthenticationToken [Principal=com.toray.ojt.web.entity.CustomUserDetails@17d79ea5, Credentials=[PROTECTED], Authenticated=true, Details=WebAuthenticationDetails [RemoteIpAddress=0:0:0:0:0:0:0:1, SessionId=CC1E2DAB5A7D3A2538C15CB2CB24D8B4], Granted Authorities=[base_admin]]]
2024-10-25 15:20:37 DEBUG o.s.security.web.FilterChainProxy - Securing GET /favicon.ico
2024-10-25 15:20:37 DEBUG o.s.s.w.c.HttpSessionSecurityContextRepository - Retrieved SecurityContextImpl [Authentication=UsernamePasswordAuthenticationToken [Principal=com.toray.ojt.web.entity.CustomUserDetails@17d79ea5, Credentials=[PROTECTED], Authenticated=true, Details=WebAuthenticationDetails [RemoteIpAddress=0:0:0:0:0:0:0:1, SessionId=CC1E2DAB5A7D3A2538C15CB2CB24D8B4], Granted Authorities=[base_admin]]]
2024-10-25 15:20:37 DEBUG o.s.security.web.FilterChainProxy - Secured GET /favicon.ico
2024-10-25 15:20:38 WARN  o.s.w.s.m.s.DefaultHandlerExceptionResolver - Resolved [org.springframework.web.HttpRequestMethodNotSupportedException: Request method 'GET' is not supported]
2024-10-25 15:20:38 DEBUG o.s.security.web.FilterChainProxy - Securing GET /error
2024-10-25 15:20:38 DEBUG o.s.s.w.c.HttpSessionSecurityContextRepository - Retrieved SecurityContextImpl [Authentication=UsernamePasswordAuthenticationToken [Principal=com.toray.ojt.web.entity.CustomUserDetails@17d79ea5, Credentials=[PROTECTED], Authenticated=true, Details=WebAuthenticationDetails [RemoteIpAddress=0:0:0:0:0:0:0:1, SessionId=CC1E2DAB5A7D3A2538C15CB2CB24D8B4], Granted Authorities=[base_admin]]]
2024-10-25 15:20:38 DEBUG o.s.security.web.FilterChainProxy - Secured GET /error
2024-10-25 15:20:46 DEBUG o.s.security.web.FilterChainProxy - Securing GET /test
2024-10-25 15:20:46 DEBUG o.s.s.w.c.HttpSessionSecurityContextRepository - Retrieved SecurityContextImpl [Authentication=UsernamePasswordAuthenticationToken [Principal=com.toray.ojt.web.entity.CustomUserDetails@17d79ea5, Credentials=[PROTECTED], Authenticated=true, Details=WebAuthenticationDetails [RemoteIpAddress=0:0:0:0:0:0:0:1, SessionId=CC1E2DAB5A7D3A2538C15CB2CB24D8B4], Granted Authorities=[base_admin]]]
2024-10-25 15:20:46 DEBUG o.s.security.web.FilterChainProxy - Secured GET /test
2024-10-25 15:20:46 WARN  o.s.w.s.m.s.DefaultHandlerExceptionResolver - Resolved [org.springframework.web.HttpRequestMethodNotSupportedException: Request method 'GET' is not supported]
2024-10-25 15:20:46 DEBUG o.s.security.web.FilterChainProxy - Securing GET /error
2024-10-25 15:20:46 DEBUG o.s.s.w.c.HttpSessionSecurityContextRepository - Retrieved SecurityContextImpl [Authentication=UsernamePasswordAuthenticationToken [Principal=com.toray.ojt.web.entity.CustomUserDetails@17d79ea5, Credentials=[PROTECTED], Authenticated=true, Details=WebAuthenticationDetails [RemoteIpAddress=0:0:0:0:0:0:0:1, SessionId=CC1E2DAB5A7D3A2538C15CB2CB24D8B4], Granted Authorities=[base_admin]]]
2024-10-25 15:20:46 DEBUG o.s.security.web.FilterChainProxy - Secured GET /error
2024-10-25 15:20:46 DEBUG o.s.security.web.FilterChainProxy - Securing GET /favicon.ico
2024-10-25 15:20:46 DEBUG o.s.s.w.c.HttpSessionSecurityContextRepository - Retrieved SecurityContextImpl [Authentication=UsernamePasswordAuthenticationToken [Principal=com.toray.ojt.web.entity.CustomUserDetails@17d79ea5, Credentials=[PROTECTED], Authenticated=true, Details=WebAuthenticationDetails [RemoteIpAddress=0:0:0:0:0:0:0:1, SessionId=CC1E2DAB5A7D3A2538C15CB2CB24D8B4], Granted Authorities=[base_admin]]]
2024-10-25 15:20:46 DEBUG o.s.security.web.FilterChainProxy - Secured GET /favicon.ico
2024-10-25 15:20:46 WARN  o.s.w.s.m.s.DefaultHandlerExceptionResolver - Resolved [org.springframework.web.HttpRequestMethodNotSupportedException: Request method 'GET' is not supported]
2024-10-25 15:20:46 DEBUG o.s.security.web.FilterChainProxy - Securing GET /error
2024-10-25 15:20:46 DEBUG o.s.s.w.c.HttpSessionSecurityContextRepository - Retrieved SecurityContextImpl [Authentication=UsernamePasswordAuthenticationToken [Principal=com.toray.ojt.web.entity.CustomUserDetails@17d79ea5, Credentials=[PROTECTED], Authenticated=true, Details=WebAuthenticationDetails [RemoteIpAddress=0:0:0:0:0:0:0:1, SessionId=CC1E2DAB5A7D3A2538C15CB2CB24D8B4], Granted Authorities=[base_admin]]]
2024-10-25 15:20:46 DEBUG o.s.security.web.FilterChainProxy - Secured GET /error
2024-10-25 15:21:00 DEBUG o.s.security.web.FilterChainProxy - Securing GET /Test
2024-10-25 15:21:00 DEBUG o.s.s.w.c.HttpSessionSecurityContextRepository - Retrieved SecurityContextImpl [Authentication=UsernamePasswordAuthenticationToken [Principal=com.toray.ojt.web.entity.CustomUserDetails@17d79ea5, Credentials=[PROTECTED], Authenticated=true, Details=WebAuthenticationDetails [RemoteIpAddress=0:0:0:0:0:0:0:1, SessionId=CC1E2DAB5A7D3A2538C15CB2CB24D8B4], Granted Authorities=[base_admin]]]
2024-10-25 15:21:00 DEBUG o.s.security.web.FilterChainProxy - Secured GET /Test
2024-10-25 15:21:00 ERROR org.thymeleaf.TemplateEngine - [THYMELEAF][http-nio-8080-exec-5] Exception processing template "layout/test": Exception evaluating SpringEL expression: "#numbers.sum(numbers)" (template: "layout/test" - line 37, col 11)
org.thymeleaf.exceptions.TemplateProcessingException: Exception evaluating SpringEL expression: "#numbers.sum(numbers)" (template: "layout/test" - line 37, col 11)
	at org.thymeleaf.spring6.expression.SPELVariableExpressionEvaluator.evaluate(SPELVariableExpressionEvaluator.java:292)
	at org.thymeleaf.standard.expression.VariableExpression.executeVariableExpression(VariableExpression.java:166)
	at org.thymeleaf.standard.expression.SimpleExpression.executeSimple(SimpleExpression.java:66)
	at org.thymeleaf.standard.expression.Expression.execute(Expression.java:109)
	at org.thymeleaf.standard.expression.Expression.execute(Expression.java:138)
	at org.thymeleaf.standard.processor.AbstractStandardExpressionAttributeTagProcessor.doProcess(AbstractStandardExpressionAttributeTagProcessor.java:144)
	at org.thymeleaf.processor.element.AbstractAttributeTagProcessor.doProcess(AbstractAttributeTagProcessor.java:74)
	at org.thymeleaf.processor.element.AbstractElementTagProcessor.process(AbstractElementTagProcessor.java:95)
	at org.thymeleaf.util.ProcessorConfigurationUtils$ElementTagProcessorWrapper.process(ProcessorConfigurationUtils.java:633)
	at org.thymeleaf.engine.ProcessorTemplateHandler.handleOpenElement(ProcessorTemplateHandler.java:1314)
	at org.thymeleaf.engine.OpenElementTag.beHandled(OpenElementTag.java:205)
	at org.thymeleaf.engine.TemplateModel.process(TemplateModel.java:136)
	at org.thymeleaf.engine.TemplateManager.parseAndProcess(TemplateManager.java:661)
	at org.thymeleaf.TemplateEngine.process(TemplateEngine.java:1103)
	at org.thymeleaf.TemplateEngine.process(TemplateEngine.java:1077)
	at org.thymeleaf.spring6.view.ThymeleafView.renderFragment(ThymeleafView.java:372)
	at org.thymeleaf.spring6.view.ThymeleafView.render(ThymeleafView.java:192)
	at org.springframework.web.servlet.DispatcherServlet.render(DispatcherServlet.java:1432)
	at org.springframework.web.servlet.DispatcherServlet.processDispatchResult(DispatcherServlet.java:1168)
	at org.springframework.web.servlet.DispatcherServlet.doDispatch(DispatcherServlet.java:1106)
	at org.springframework.web.servlet.DispatcherServlet.doService(DispatcherServlet.java:979)
	at org.springframework.web.servlet.FrameworkServlet.processRequest(FrameworkServlet.java:1014)
	at org.springframework.web.servlet.FrameworkServlet.doGet(FrameworkServlet.java:903)
	at jakarta.servlet.http.HttpServlet.service(HttpServlet.java:564)
	at org.springframework.web.servlet.FrameworkServlet.service(FrameworkServlet.java:885)
	at jakarta.servlet.http.HttpServlet.service(HttpServlet.java:658)
	at org.apache.catalina.core.ApplicationFilterChain.internalDoFilter(ApplicationFilterChain.java:195)
	at org.apache.catalina.core.ApplicationFilterChain.doFilter(ApplicationFilterChain.java:140)
	at org.apache.tomcat.websocket.server.WsFilter.doFilter(WsFilter.java:51)
	at org.apache.catalina.core.ApplicationFilterChain.internalDoFilter(ApplicationFilterChain.java:164)
	at org.apache.catalina.core.ApplicationFilterChain.doFilter(ApplicationFilterChain.java:140)
	at org.springframework.web.filter.HiddenHttpMethodFilter.doFilterInternal(HiddenHttpMethodFilter.java:91)
	at org.springframework.web.filter.OncePerRequestFilter.doFilter(OncePerRequestFilter.java:116)
	at org.apache.catalina.core.ApplicationFilterChain.internalDoFilter(ApplicationFilterChain.java:164)
	at org.apache.catalina.core.ApplicationFilterChain.doFilter(ApplicationFilterChain.java:140)
	at org.springframework.web.filter.CompositeFilter$VirtualFilterChain.doFilter(CompositeFilter.java:108)
	at org.springframework.security.web.FilterChainProxy.lambda$doFilterInternal$3(FilterChainProxy.java:231)
	at org.springframework.security.web.FilterChainProxy$VirtualFilterChain.doFilter(FilterChainProxy.java:365)
	at org.springframework.security.web.access.intercept.AuthorizationFilter.doFilter(AuthorizationFilter.java:100)
	at org.springframework.security.web.FilterChainProxy$VirtualFilterChain.doFilter(FilterChainProxy.java:374)
	at org.springframework.security.web.access.ExceptionTranslationFilter.doFilter(ExceptionTranslationFilter.java:126)
	at org.springframework.security.web.access.ExceptionTranslationFilter.doFilter(ExceptionTranslationFilter.java:120)
	at org.springframework.security.web.FilterChainProxy$VirtualFilterChain.doFilter(FilterChainProxy.java:374)
	at org.springframework.security.web.authentication.AnonymousAuthenticationFilter.doFilter(AnonymousAuthenticationFilter.java:100)
	at org.springframework.security.web.FilterChainProxy$VirtualFilterChain.doFilter(FilterChainProxy.java:374)
	at org.springframework.security.web.servletapi.SecurityContextHolderAwareRequestFilter.doFilter(SecurityContextHolderAwareRequestFilter.java:179)
	at org.springframework.security.web.FilterChainProxy$VirtualFilterChain.doFilter(FilterChainProxy.java:374)
	at org.springframework.security.web.savedrequest.RequestCacheAwareFilter.doFilter(RequestCacheAwareFilter.java:63)
	at org.springframework.security.web.FilterChainProxy$VirtualFilterChain.doFilter(FilterChainProxy.java:374)
	at org.springframework.security.web.authentication.AbstractAuthenticationProcessingFilter.doFilter(AbstractAuthenticationProcessingFilter.java:227)
	at org.springframework.security.web.authentication.AbstractAuthenticationProcessingFilter.doFilter(AbstractAuthenticationProcessingFilter.java:221)
	at org.springframework.security.web.FilterChainProxy$VirtualFilterChain.doFilter(FilterChainProxy.java:374)
	at org.springframework.security.web.authentication.logout.LogoutFilter.doFilter(LogoutFilter.java:107)
	at org.springframework.security.web.authentication.logout.LogoutFilter.doFilter(LogoutFilter.java:93)
	at org.springframework.security.web.FilterChainProxy$VirtualFilterChain.doFilter(FilterChainProxy.java:374)
	at org.springframework.security.web.csrf.CsrfFilter.doFilterInternal(CsrfFilter.java:117)
	at org.springframework.web.filter.OncePerRequestFilter.doFilter(OncePerRequestFilter.java:116)
	at org.springframework.security.web.FilterChainProxy$VirtualFilterChain.doFilter(FilterChainProxy.java:374)
	at org.springframework.security.web.header.HeaderWriterFilter.doHeadersAfter(HeaderWriterFilter.java:90)
	at org.springframework.security.web.header.HeaderWriterFilter.doFilterInternal(HeaderWriterFilter.java:75)
	at org.springframework.web.filter.OncePerRequestFilter.doFilter(OncePerRequestFilter.java:116)
	at org.springframework.security.web.FilterChainProxy$VirtualFilterChain.doFilter(FilterChainProxy.java:374)
	at org.springframework.security.web.context.SecurityContextHolderFilter.doFilter(SecurityContextHolderFilter.java:82)
	at org.springframework.security.web.context.SecurityContextHolderFilter.doFilter(SecurityContextHolderFilter.java:69)
	at org.springframework.security.web.FilterChainProxy$VirtualFilterChain.doFilter(FilterChainProxy.java:374)
	at org.springframework.security.web.context.request.async.WebAsyncManagerIntegrationFilter.doFilterInternal(WebAsyncManagerIntegrationFilter.java:62)
	at org.springframework.web.filter.OncePerRequestFilter.doFilter(OncePerRequestFilter.java:116)
	at org.springframework.security.web.FilterChainProxy$VirtualFilterChain.doFilter(FilterChainProxy.java:374)
	at org.springframework.security.web.session.DisableEncodeUrlFilter.doFilterInternal(DisableEncodeUrlFilter.java:42)
	at org.springframework.web.filter.OncePerRequestFilter.doFilter(OncePerRequestFilter.java:116)
	at org.springframework.security.web.FilterChainProxy$VirtualFilterChain.doFilter(FilterChainProxy.java:374)
	at org.springframework.security.web.FilterChainProxy.doFilterInternal(FilterChainProxy.java:233)
	at org.springframework.security.web.FilterChainProxy.doFilter(FilterChainProxy.java:191)
	at org.springframework.web.filter.CompositeFilter$VirtualFilterChain.doFilter(CompositeFilter.java:113)
	at org.springframework.web.servlet.handler.HandlerMappingIntrospector.lambda$createCacheFilter$3(HandlerMappingIntrospector.java:195)
	at org.springframework.web.filter.CompositeFilter$VirtualFilterChain.doFilter(CompositeFilter.java:113)
	at org.springframework.web.filter.CompositeFilter.doFilter(CompositeFilter.java:74)
	at org.springframework.security.config.annotation.web.configuration.WebMvcSecurityConfiguration$CompositeFilterChainProxy.doFilter(WebMvcSecurityConfiguration.java:230)
	at org.springframework.web.filter.DelegatingFilterProxy.invokeDelegate(DelegatingFilterProxy.java:352)
	at org.springframework.web.filter.DelegatingFilterProxy.doFilter(DelegatingFilterProxy.java:268)
	at org.apache.catalina.core.ApplicationFilterChain.internalDoFilter(ApplicationFilterChain.java:164)
	at org.apache.catalina.core.ApplicationFilterChain.doFilter(ApplicationFilterChain.java:140)
	at org.springframework.web.filter.RequestContextFilter.doFilterInternal(RequestContextFilter.java:100)
	at org.springframework.web.filter.OncePerRequestFilter.doFilter(OncePerRequestFilter.java:116)
	at org.apache.catalina.core.ApplicationFilterChain.internalDoFilter(ApplicationFilterChain.java:164)
	at org.apache.catalina.core.ApplicationFilterChain.doFilter(ApplicationFilterChain.java:140)
	at org.springframework.web.filter.FormContentFilter.doFilterInternal(FormContentFilter.java:93)
	at org.springframework.web.filter.OncePerRequestFilter.doFilter(OncePerRequestFilter.java:116)
	at org.apache.catalina.core.ApplicationFilterChain.internalDoFilter(ApplicationFilterChain.java:164)
	at org.apache.catalina.core.ApplicationFilterChain.doFilter(ApplicationFilterChain.java:140)
	at org.springframework.web.filter.CharacterEncodingFilter.doFilterInternal(CharacterEncodingFilter.java:201)
	at org.springframework.web.filter.OncePerRequestFilter.doFilter(OncePerRequestFilter.java:116)
	at org.apache.catalina.core.ApplicationFilterChain.internalDoFilter(ApplicationFilterChain.java:164)
	at org.apache.catalina.core.ApplicationFilterChain.doFilter(ApplicationFilterChain.java:140)
	at org.apache.catalina.core.StandardWrapperValve.invoke(StandardWrapperValve.java:167)
	at org.apache.catalina.core.StandardContextValve.invoke(StandardContextValve.java:90)
	at org.apache.catalina.authenticator.AuthenticatorBase.invoke(AuthenticatorBase.java:483)
	at org.apache.catalina.core.StandardHostValve.invoke(StandardHostValve.java:115)
	at org.apache.catalina.valves.ErrorReportValve.invoke(ErrorReportValve.java:93)
	at org.apache.catalina.core.StandardEngineValve.invoke(StandardEngineValve.java:74)
	at org.apache.catalina.connector.CoyoteAdapter.service(CoyoteAdapter.java:344)
	at org.apache.coyote.http11.Http11Processor.service(Http11Processor.java:384)
	at org.apache.coyote.AbstractProcessorLight.process(AbstractProcessorLight.java:63)
	at org.apache.coyote.AbstractProtocol$ConnectionHandler.process(AbstractProtocol.java:905)
	at org.apache.tomcat.util.net.NioEndpoint$SocketProcessor.doRun(NioEndpoint.java:1741)
	at org.apache.tomcat.util.net.SocketProcessorBase.run(SocketProcessorBase.java:52)
	at org.apache.tomcat.util.threads.ThreadPoolExecutor.runWorker(ThreadPoolExecutor.java:1190)
	at org.apache.tomcat.util.threads.ThreadPoolExecutor$Worker.run(ThreadPoolExecutor.java:659)
	at org.apache.tomcat.util.threads.TaskThread$WrappingRunnable.run(TaskThread.java:63)
	at java.base/java.lang.Thread.run(Thread.java:1583)
Caused by: org.springframework.expression.spel.SpelEvaluationException: EL1004E: Method call: Method sum(java.lang.Integer[]) cannot be found on type org.thymeleaf.expression.Numbers
	at org.springframework.expression.spel.ast.MethodReference.findAccessorForMethod(MethodReference.java:238)
	at org.springframework.expression.spel.ast.MethodReference.getValueInternal(MethodReference.java:148)
	at org.springframework.expression.spel.ast.MethodReference$MethodValueRef.getValue(MethodReference.java:401)
	at org.springframework.expression.spel.ast.CompoundExpression.getValueInternal(CompoundExpression.java:97)
	at org.springframework.expression.spel.ast.SpelNodeImpl.getValue(SpelNodeImpl.java:114)
	at org.springframework.expression.spel.standard.SpelExpression.getValue(SpelExpression.java:338)
	at org.thymeleaf.spring6.expression.SPELVariableExpressionEvaluator.evaluate(SPELVariableExpressionEvaluator.java:265)
	... 109 common frames omitted
2024-10-25 15:21:00 ERROR o.a.c.c.C.[.[.[.[dispatcherServlet] - Servlet.service() for servlet [dispatcherServlet] in context with path [] threw exception [Request processing failed: org.thymeleaf.exceptions.TemplateProcessingException: Exception evaluating SpringEL expression: "#numbers.sum(numbers)" (template: "layout/test" - line 37, col 11)] with root cause
org.springframework.expression.spel.SpelEvaluationException: EL1004E: Method call: Method sum(java.lang.Integer[]) cannot be found on type org.thymeleaf.expression.Numbers
	at org.springframework.expression.spel.ast.MethodReference.findAccessorForMethod(MethodReference.java:238)
	at org.springframework.expression.spel.ast.MethodReference.getValueInternal(MethodReference.java:148)
	at org.springframework.expression.spel.ast.MethodReference$MethodValueRef.getValue(MethodReference.java:401)
	at org.springframework.expression.spel.ast.CompoundExpression.getValueInternal(CompoundExpression.java:97)
	at org.springframework.expression.spel.ast.SpelNodeImpl.getValue(SpelNodeImpl.java:114)
	at org.springframework.expression.spel.standard.SpelExpression.getValue(SpelExpression.java:338)
	at org.thymeleaf.spring6.expression.SPELVariableExpressionEvaluator.evaluate(SPELVariableExpressionEvaluator.java:265)
	at org.thymeleaf.standard.expression.VariableExpression.executeVariableExpression(VariableExpression.java:166)
	at org.thymeleaf.standard.expression.SimpleExpression.executeSimple(SimpleExpression.java:66)
	at org.thymeleaf.standard.expression.Expression.execute(Expression.java:109)
	at org.thymeleaf.standard.expression.Expression.execute(Expression.java:138)
	at org.thymeleaf.standard.processor.AbstractStandardExpressionAttributeTagProcessor.doProcess(AbstractStandardExpressionAttributeTagProcessor.java:144)
	at org.thymeleaf.processor.element.AbstractAttributeTagProcessor.doProcess(AbstractAttributeTagProcessor.java:74)
	at org.thymeleaf.processor.element.AbstractElementTagProcessor.process(AbstractElementTagProcessor.java:95)
	at org.thymeleaf.util.ProcessorConfigurationUtils$ElementTagProcessorWrapper.process(ProcessorConfigurationUtils.java:633)
	at org.thymeleaf.engine.ProcessorTemplateHandler.handleOpenElement(ProcessorTemplateHandler.java:1314)
	at org.thymeleaf.engine.OpenElementTag.beHandled(OpenElementTag.java:205)
	at org.thymeleaf.engine.TemplateModel.process(TemplateModel.java:136)
	at org.thymeleaf.engine.TemplateManager.parseAndProcess(TemplateManager.java:661)
	at org.thymeleaf.TemplateEngine.process(TemplateEngine.java:1103)
	at org.thymeleaf.TemplateEngine.process(TemplateEngine.java:1077)
	at org.thymeleaf.spring6.view.ThymeleafView.renderFragment(ThymeleafView.java:372)
	at org.thymeleaf.spring6.view.ThymeleafView.render(ThymeleafView.java:192)
	at org.springframework.web.servlet.DispatcherServlet.render(DispatcherServlet.java:1432)
	at org.springframework.web.servlet.DispatcherServlet.processDispatchResult(DispatcherServlet.java:1168)
	at org.springframework.web.servlet.DispatcherServlet.doDispatch(DispatcherServlet.java:1106)
	at org.springframework.web.servlet.DispatcherServlet.doService(DispatcherServlet.java:979)
	at org.springframework.web.servlet.FrameworkServlet.processRequest(FrameworkServlet.java:1014)
	at org.springframework.web.servlet.FrameworkServlet.doGet(FrameworkServlet.java:903)
	at jakarta.servlet.http.HttpServlet.service(HttpServlet.java:564)
	at org.springframework.web.servlet.FrameworkServlet.service(FrameworkServlet.java:885)
	at jakarta.servlet.http.HttpServlet.service(HttpServlet.java:658)
	at org.apache.catalina.core.ApplicationFilterChain.internalDoFilter(ApplicationFilterChain.java:195)
	at org.apache.catalina.core.ApplicationFilterChain.doFilter(ApplicationFilterChain.java:140)
	at org.apache.tomcat.websocket.server.WsFilter.doFilter(WsFilter.java:51)
	at org.apache.catalina.core.ApplicationFilterChain.internalDoFilter(ApplicationFilterChain.java:164)
	at org.apache.catalina.core.ApplicationFilterChain.doFilter(ApplicationFilterChain.java:140)
	at org.springframework.web.filter.HiddenHttpMethodFilter.doFilterInternal(HiddenHttpMethodFilter.java:91)
	at org.springframework.web.filter.OncePerRequestFilter.doFilter(OncePerRequestFilter.java:116)
	at org.apache.catalina.core.ApplicationFilterChain.internalDoFilter(ApplicationFilterChain.java:164)
	at org.apache.catalina.core.ApplicationFilterChain.doFilter(ApplicationFilterChain.java:140)
	at org.springframework.web.filter.CompositeFilter$VirtualFilterChain.doFilter(CompositeFilter.java:108)
	at org.springframework.security.web.FilterChainProxy.lambda$doFilterInternal$3(FilterChainProxy.java:231)
	at org.springframework.security.web.FilterChainProxy$VirtualFilterChain.doFilter(FilterChainProxy.java:365)
	at org.springframework.security.web.access.intercept.AuthorizationFilter.doFilter(AuthorizationFilter.java:100)
	at org.springframework.security.web.FilterChainProxy$VirtualFilterChain.doFilter(FilterChainProxy.java:374)
	at org.springframework.security.web.access.ExceptionTranslationFilter.doFilter(ExceptionTranslationFilter.java:126)
	at org.springframework.security.web.access.ExceptionTranslationFilter.doFilter(ExceptionTranslationFilter.java:120)
	at org.springframework.security.web.FilterChainProxy$VirtualFilterChain.doFilter(FilterChainProxy.java:374)
	at org.springframework.security.web.authentication.AnonymousAuthenticationFilter.doFilter(AnonymousAuthenticationFilter.java:100)
	at org.springframework.security.web.FilterChainProxy$VirtualFilterChain.doFilter(FilterChainProxy.java:374)
	at org.springframework.security.web.servletapi.SecurityContextHolderAwareRequestFilter.doFilter(SecurityContextHolderAwareRequestFilter.java:179)
	at org.springframework.security.web.FilterChainProxy$VirtualFilterChain.doFilter(FilterChainProxy.java:374)
	at org.springframework.security.web.savedrequest.RequestCacheAwareFilter.doFilter(RequestCacheAwareFilter.java:63)
	at org.springframework.security.web.FilterChainProxy$VirtualFilterChain.doFilter(FilterChainProxy.java:374)
	at org.springframework.security.web.authentication.AbstractAuthenticationProcessingFilter.doFilter(AbstractAuthenticationProcessingFilter.java:227)
	at org.springframework.security.web.authentication.AbstractAuthenticationProcessingFilter.doFilter(AbstractAuthenticationProcessingFilter.java:221)
	at org.springframework.security.web.FilterChainProxy$VirtualFilterChain.doFilter(FilterChainProxy.java:374)
	at org.springframework.security.web.authentication.logout.LogoutFilter.doFilter(LogoutFilter.java:107)
	at org.springframework.security.web.authentication.logout.LogoutFilter.doFilter(LogoutFilter.java:93)
	at org.springframework.security.web.FilterChainProxy$VirtualFilterChain.doFilter(FilterChainProxy.java:374)
	at org.springframework.security.web.csrf.CsrfFilter.doFilterInternal(CsrfFilter.java:117)
	at org.springframework.web.filter.OncePerRequestFilter.doFilter(OncePerRequestFilter.java:116)
	at org.springframework.security.web.FilterChainProxy$VirtualFilterChain.doFilter(FilterChainProxy.java:374)
	at org.springframework.security.web.header.HeaderWriterFilter.doHeadersAfter(HeaderWriterFilter.java:90)
	at org.springframework.security.web.header.HeaderWriterFilter.doFilterInternal(HeaderWriterFilter.java:75)
	at org.springframework.web.filter.OncePerRequestFilter.doFilter(OncePerRequestFilter.java:116)
	at org.springframework.security.web.FilterChainProxy$VirtualFilterChain.doFilter(FilterChainProxy.java:374)
	at org.springframework.security.web.context.SecurityContextHolderFilter.doFilter(SecurityContextHolderFilter.java:82)
	at org.springframework.security.web.context.SecurityContextHolderFilter.doFilter(SecurityContextHolderFilter.java:69)
	at org.springframework.security.web.FilterChainProxy$VirtualFilterChain.doFilter(FilterChainProxy.java:374)
	at org.springframework.security.web.context.request.async.WebAsyncManagerIntegrationFilter.doFilterInternal(WebAsyncManagerIntegrationFilter.java:62)
	at org.springframework.web.filter.OncePerRequestFilter.doFilter(OncePerRequestFilter.java:116)
	at org.springframework.security.web.FilterChainProxy$VirtualFilterChain.doFilter(FilterChainProxy.java:374)
	at org.springframework.security.web.session.DisableEncodeUrlFilter.doFilterInternal(DisableEncodeUrlFilter.java:42)
	at org.springframework.web.filter.OncePerRequestFilter.doFilter(OncePerRequestFilter.java:116)
	at org.springframework.security.web.FilterChainProxy$VirtualFilterChain.doFilter(FilterChainProxy.java:374)
	at org.springframework.security.web.FilterChainProxy.doFilterInternal(FilterChainProxy.java:233)
	at org.springframework.security.web.FilterChainProxy.doFilter(FilterChainProxy.java:191)
	at org.springframework.web.filter.CompositeFilter$VirtualFilterChain.doFilter(CompositeFilter.java:113)
	at org.springframework.web.servlet.handler.HandlerMappingIntrospector.lambda$createCacheFilter$3(HandlerMappingIntrospector.java:195)
	at org.springframework.web.filter.CompositeFilter$VirtualFilterChain.doFilter(CompositeFilter.java:113)
	at org.springframework.web.filter.CompositeFilter.doFilter(CompositeFilter.java:74)
	at org.springframework.security.config.annotation.web.configuration.WebMvcSecurityConfiguration$CompositeFilterChainProxy.doFilter(WebMvcSecurityConfiguration.java:230)
	at org.springframework.web.filter.DelegatingFilterProxy.invokeDelegate(DelegatingFilterProxy.java:352)
	at org.springframework.web.filter.DelegatingFilterProxy.doFilter(DelegatingFilterProxy.java:268)
	at org.apache.catalina.core.ApplicationFilterChain.internalDoFilter(ApplicationFilterChain.java:164)
	at org.apache.catalina.core.ApplicationFilterChain.doFilter(ApplicationFilterChain.java:140)
	at org.springframework.web.filter.RequestContextFilter.doFilterInternal(RequestContextFilter.java:100)
	at org.springframework.web.filter.OncePerRequestFilter.doFilter(OncePerRequestFilter.java:116)
	at org.apache.catalina.core.ApplicationFilterChain.internalDoFilter(ApplicationFilterChain.java:164)
	at org.apache.catalina.core.ApplicationFilterChain.doFilter(ApplicationFilterChain.java:140)
	at org.springframework.web.filter.FormContentFilter.doFilterInternal(FormContentFilter.java:93)
	at org.springframework.web.filter.OncePerRequestFilter.doFilter(OncePerRequestFilter.java:116)
	at org.apache.catalina.core.ApplicationFilterChain.internalDoFilter(ApplicationFilterChain.java:164)
	at org.apache.catalina.core.ApplicationFilterChain.doFilter(ApplicationFilterChain.java:140)
	at org.springframework.web.filter.CharacterEncodingFilter.doFilterInternal(CharacterEncodingFilter.java:201)
	at org.springframework.web.filter.OncePerRequestFilter.doFilter(OncePerRequestFilter.java:116)
	at org.apache.catalina.core.ApplicationFilterChain.internalDoFilter(ApplicationFilterChain.java:164)
	at org.apache.catalina.core.ApplicationFilterChain.doFilter(ApplicationFilterChain.java:140)
	at org.apache.catalina.core.StandardWrapperValve.invoke(StandardWrapperValve.java:167)
	at org.apache.catalina.core.StandardContextValve.invoke(StandardContextValve.java:90)
	at org.apache.catalina.authenticator.AuthenticatorBase.invoke(AuthenticatorBase.java:483)
	at org.apache.catalina.core.StandardHostValve.invoke(StandardHostValve.java:115)
	at org.apache.catalina.valves.ErrorReportValve.invoke(ErrorReportValve.java:93)
	at org.apache.catalina.core.StandardEngineValve.invoke(StandardEngineValve.java:74)
	at org.apache.catalina.connector.CoyoteAdapter.service(CoyoteAdapter.java:344)
	at org.apache.coyote.http11.Http11Processor.service(Http11Processor.java:384)
	at org.apache.coyote.AbstractProcessorLight.process(AbstractProcessorLight.java:63)
	at org.apache.coyote.AbstractProtocol$ConnectionHandler.process(AbstractProtocol.java:905)
	at org.apache.tomcat.util.net.NioEndpoint$SocketProcessor.doRun(NioEndpoint.java:1741)
	at org.apache.tomcat.util.net.SocketProcessorBase.run(SocketProcessorBase.java:52)
	at org.apache.tomcat.util.threads.ThreadPoolExecutor.runWorker(ThreadPoolExecutor.java:1190)
	at org.apache.tomcat.util.threads.ThreadPoolExecutor$Worker.run(ThreadPoolExecutor.java:659)
	at org.apache.tomcat.util.threads.TaskThread$WrappingRunnable.run(TaskThread.java:63)
	at java.base/java.lang.Thread.run(Thread.java:1583)
2024-10-25 15:21:00 DEBUG o.s.security.web.FilterChainProxy - Securing GET /error
2024-10-25 15:21:00 DEBUG o.s.s.w.c.HttpSessionSecurityContextRepository - Retrieved SecurityContextImpl [Authentication=UsernamePasswordAuthenticationToken [Principal=com.toray.ojt.web.entity.CustomUserDetails@17d79ea5, Credentials=[PROTECTED], Authenticated=true, Details=WebAuthenticationDetails [RemoteIpAddress=0:0:0:0:0:0:0:1, SessionId=CC1E2DAB5A7D3A2538C15CB2CB24D8B4], Granted Authorities=[base_admin]]]
2024-10-25 15:21:00 DEBUG o.s.security.web.FilterChainProxy - Secured GET /error
2024-10-25 15:21:00 DEBUG o.s.security.web.FilterChainProxy - Securing GET /favicon.ico
2024-10-25 15:21:00 DEBUG o.s.s.w.c.HttpSessionSecurityContextRepository - Retrieved SecurityContextImpl [Authentication=UsernamePasswordAuthenticationToken [Principal=com.toray.ojt.web.entity.CustomUserDetails@17d79ea5, Credentials=[PROTECTED], Authenticated=true, Details=WebAuthenticationDetails [RemoteIpAddress=0:0:0:0:0:0:0:1, SessionId=CC1E2DAB5A7D3A2538C15CB2CB24D8B4], Granted Authorities=[base_admin]]]
2024-10-25 15:21:00 DEBUG o.s.security.web.FilterChainProxy - Secured GET /favicon.ico
2024-10-25 15:21:00 WARN  o.s.w.s.m.s.DefaultHandlerExceptionResolver - Resolved [org.springframework.web.HttpRequestMethodNotSupportedException: Request method 'GET' is not supported]
2024-10-25 15:21:00 DEBUG o.s.security.web.FilterChainProxy - Securing GET /error
2024-10-25 15:21:00 DEBUG o.s.s.w.c.HttpSessionSecurityContextRepository - Retrieved SecurityContextImpl [Authentication=UsernamePasswordAuthenticationToken [Principal=com.toray.ojt.web.entity.CustomUserDetails@17d79ea5, Credentials=[PROTECTED], Authenticated=true, Details=WebAuthenticationDetails [RemoteIpAddress=0:0:0:0:0:0:0:1, SessionId=CC1E2DAB5A7D3A2538C15CB2CB24D8B4], Granted Authorities=[base_admin]]]
2024-10-25 15:21:00 DEBUG o.s.security.web.FilterChainProxy - Secured GET /error
2024-10-25 15:21:30 INFO  com.zaxxer.hikari.HikariDataSource - HikariPool-1 - Shutdown initiated...
2024-10-25 15:21:30 INFO  com.zaxxer.hikari.HikariDataSource - HikariPool-1 - Shutdown completed.
2024-10-25 15:21:36 INFO  o.h.validator.internal.util.Version - HV000001: Hibernate Validator 8.0.1.Final
2024-10-25 15:21:36 INFO  com.toray.ojt.OjtApplication - Starting OjtApplication using Java 21.0.4 with PID 11908 (C:\Users\sanjay.nair\Desktop\Toray\ojt\target\classes started by sanjay.nair in C:\Users\sanjay.nair\Desktop\Toray\ojt)
2024-10-25 15:21:36 DEBUG com.toray.ojt.OjtApplication - Running with Spring Boot v3.3.4, Spring v6.1.13
2024-10-25 15:21:36 INFO  com.toray.ojt.OjtApplication - No active profile set, falling back to 1 default profile: "default"
2024-10-25 15:21:38 DEBUG o.m.s.mapper.ClassPathMapperScanner - Identified candidate component class: file [C:\Users\sanjay.nair\Desktop\Toray\ojt\target\classes\com\toray\ojt\web\mapper\BaseAttachmentMapper.class]
2024-10-25 15:21:38 DEBUG o.m.s.mapper.ClassPathMapperScanner - Identified candidate component class: file [C:\Users\sanjay.nair\Desktop\Toray\ojt\target\classes\com\toray\ojt\web\mapper\BaseAttributeMapper.class]
2024-10-25 15:21:38 DEBUG o.m.s.mapper.ClassPathMapperScanner - Identified candidate component class: file [C:\Users\sanjay.nair\Desktop\Toray\ojt\target\classes\com\toray\ojt\web\mapper\BaseInfoMapper.class]
2024-10-25 15:21:38 DEBUG o.m.s.mapper.ClassPathMapperScanner - Identified candidate component class: file [C:\Users\sanjay.nair\Desktop\Toray\ojt\target\classes\com\toray\ojt\web\mapper\TGuideMapper.class]
2024-10-25 15:21:38 DEBUG o.m.s.mapper.ClassPathMapperScanner - Identified candidate component class: file [C:\Users\sanjay.nair\Desktop\Toray\ojt\target\classes\com\toray\ojt\web\mapper\ToDoMapper.class]
2024-10-25 15:21:38 DEBUG o.m.s.mapper.ClassPathMapperScanner - Identified candidate component class: file [C:\Users\sanjay.nair\Desktop\Toray\ojt\target\classes\com\toray\ojt\web\mapper\UserDetailsMapper.class]
2024-10-25 15:21:38 DEBUG o.m.s.mapper.ClassPathMapperScanner - Identified candidate component class: file [C:\Users\sanjay.nair\Desktop\Toray\ojt\target\classes\com\toray\ojt\web\mapper\UserMapper.class]
2024-10-25 15:21:38 DEBUG o.m.s.mapper.ClassPathMapperScanner - Creating MapperFactoryBean with name 'baseAttachmentMapper' and 'com.toray.ojt.web.mapper.BaseAttachmentMapper' mapperInterface
2024-10-25 15:21:38 DEBUG o.m.s.mapper.ClassPathMapperScanner - Enabling autowire by type for MapperFactoryBean with name 'baseAttachmentMapper'.
2024-10-25 15:21:38 DEBUG o.m.s.mapper.ClassPathMapperScanner - Creating MapperFactoryBean with name 'baseAttributeMapper' and 'com.toray.ojt.web.mapper.BaseAttributeMapper' mapperInterface
2024-10-25 15:21:38 DEBUG o.m.s.mapper.ClassPathMapperScanner - Enabling autowire by type for MapperFactoryBean with name 'baseAttributeMapper'.
2024-10-25 15:21:38 DEBUG o.m.s.mapper.ClassPathMapperScanner - Creating MapperFactoryBean with name 'baseInfoMapper' and 'com.toray.ojt.web.mapper.BaseInfoMapper' mapperInterface
2024-10-25 15:21:38 DEBUG o.m.s.mapper.ClassPathMapperScanner - Enabling autowire by type for MapperFactoryBean with name 'baseInfoMapper'.
2024-10-25 15:21:38 DEBUG o.m.s.mapper.ClassPathMapperScanner - Creating MapperFactoryBean with name 'TGuideMapper' and 'com.toray.ojt.web.mapper.TGuideMapper' mapperInterface
2024-10-25 15:21:38 DEBUG o.m.s.mapper.ClassPathMapperScanner - Enabling autowire by type for MapperFactoryBean with name 'TGuideMapper'.
2024-10-25 15:21:38 DEBUG o.m.s.mapper.ClassPathMapperScanner - Creating MapperFactoryBean with name 'toDoMapper' and 'com.toray.ojt.web.mapper.ToDoMapper' mapperInterface
2024-10-25 15:21:38 DEBUG o.m.s.mapper.ClassPathMapperScanner - Enabling autowire by type for MapperFactoryBean with name 'toDoMapper'.
2024-10-25 15:21:38 DEBUG o.m.s.mapper.ClassPathMapperScanner - Creating MapperFactoryBean with name 'userDetailsMapper' and 'com.toray.ojt.web.mapper.UserDetailsMapper' mapperInterface
2024-10-25 15:21:38 DEBUG o.m.s.mapper.ClassPathMapperScanner - Enabling autowire by type for MapperFactoryBean with name 'userDetailsMapper'.
2024-10-25 15:21:38 DEBUG o.m.s.mapper.ClassPathMapperScanner - Creating MapperFactoryBean with name 'userMapper' and 'com.toray.ojt.web.mapper.UserMapper' mapperInterface
2024-10-25 15:21:38 DEBUG o.m.s.mapper.ClassPathMapperScanner - Enabling autowire by type for MapperFactoryBean with name 'userMapper'.
2024-10-25 15:21:39 INFO  o.s.b.w.e.tomcat.TomcatWebServer - Tomcat initialized with port 8080 (http)
2024-10-25 15:21:39 INFO  o.a.coyote.http11.Http11NioProtocol - Initializing ProtocolHandler ["http-nio-8080"]
2024-10-25 15:21:39 INFO  o.a.catalina.core.StandardService - Starting service [Tomcat]
2024-10-25 15:21:39 INFO  o.a.catalina.core.StandardEngine - Starting Servlet engine: [Apache Tomcat/10.1.30]
2024-10-25 15:21:39 INFO  o.a.c.c.C.[Tomcat].[localhost].[/] - Initializing Spring embedded WebApplicationContext
2024-10-25 15:21:39 INFO  o.s.b.w.s.c.ServletWebServerApplicationContext - Root WebApplicationContext: initialization completed in 2789 ms
2024-10-25 15:21:40 DEBUG o.m.spring.SqlSessionFactoryBean - Property 'configuration' or 'configLocation' not specified, using default MyBatis Configuration
2024-10-25 15:21:40 DEBUG o.m.spring.SqlSessionFactoryBean - Parsed mapper file: 'file [C:\Users\sanjay.nair\Desktop\Toray\ojt\target\classes\mappers\BaseAttachmentMapper.xml]'
2024-10-25 15:21:40 DEBUG o.m.spring.SqlSessionFactoryBean - Parsed mapper file: 'file [C:\Users\sanjay.nair\Desktop\Toray\ojt\target\classes\mappers\BaseAttributeMapper.xml]'
2024-10-25 15:21:40 DEBUG o.m.spring.SqlSessionFactoryBean - Parsed mapper file: 'file [C:\Users\sanjay.nair\Desktop\Toray\ojt\target\classes\mappers\BaseInfo.xml]'
2024-10-25 15:21:40 DEBUG o.m.spring.SqlSessionFactoryBean - Parsed mapper file: 'file [C:\Users\sanjay.nair\Desktop\Toray\ojt\target\classes\mappers\BaseInfoMapper.xml]'
2024-10-25 15:21:40 DEBUG o.m.spring.SqlSessionFactoryBean - Parsed mapper file: 'file [C:\Users\sanjay.nair\Desktop\Toray\ojt\target\classes\mappers\TGuideMapper.xml]'
2024-10-25 15:21:40 DEBUG o.m.spring.SqlSessionFactoryBean - Parsed mapper file: 'file [C:\Users\sanjay.nair\Desktop\Toray\ojt\target\classes\mappers\ToDoMapper.xml]'
2024-10-25 15:21:40 DEBUG o.m.spring.SqlSessionFactoryBean - Parsed mapper file: 'file [C:\Users\sanjay.nair\Desktop\Toray\ojt\target\classes\mappers\UserDetailsMapper.xml]'
2024-10-25 15:21:40 DEBUG o.m.spring.SqlSessionFactoryBean - Parsed mapper file: 'file [C:\Users\sanjay.nair\Desktop\Toray\ojt\target\classes\mappers\UserMapper.xml]'
2024-10-25 15:21:41 DEBUG o.f.c.i.s.classpath.ClassPathScanner - Scanning for classpath resources at 'classpath:db/callback' ...
2024-10-25 15:21:41 DEBUG o.f.c.i.s.classpath.ClassPathScanner - Determining location urls for classpath:db/callback using ClassLoader jdk.internal.loader.ClassLoaders$AppClassLoader@76ed5528 ...
2024-10-25 15:21:41 DEBUG o.f.c.i.s.classpath.ClassPathScanner - Unable to resolve location classpath:db/callback.
2024-10-25 15:21:41 DEBUG o.f.c.i.s.classpath.ClassPathScanner - Scanning for classpath resources at 'classpath:db/migration' ...
2024-10-25 15:21:41 DEBUG o.f.c.i.s.classpath.ClassPathScanner - Determining location urls for classpath:db/migration using ClassLoader jdk.internal.loader.ClassLoaders$AppClassLoader@76ed5528 ...
2024-10-25 15:21:41 DEBUG o.f.c.i.s.classpath.ClassPathScanner - Scanning URL: file:/C:/Users/sanjay.nair/Desktop/Toray/ojt/target/classes/db/migration
2024-10-25 15:21:41 DEBUG o.f.c.i.s.c.FileSystemClassPathLocationScanner - Scanning starting at classpath root in filesystem: C:\Users\sanjay.nair\Desktop\Toray\ojt\target\classes\
2024-10-25 15:21:41 DEBUG o.f.c.i.s.c.FileSystemClassPathLocationScanner - Scanning for resources in path: C:\Users\sanjay.nair\Desktop\Toray\ojt\target\classes\db\migration (db/migration)
2024-10-25 15:21:41 DEBUG o.f.c.i.s.classpath.ClassPathScanner - Found resource: db/migration/V2__create_table_ddl_statements.sql
2024-10-25 15:21:41 DEBUG o.f.c.i.s.classpath.ClassPathScanner - Found resource: db/migration/V3__foreign_key_setup.sql
2024-10-25 15:21:41 DEBUG o.f.c.i.s.classpath.ClassPathScanner - Found resource: db/migration/V4__Initial_Insert.sql
2024-10-25 15:21:41 DEBUG o.f.c.i.s.classpath.ClassPathScanner - Found resource: db/migration/V5__Insert_M_GYOMU_IRAI.sql
2024-10-25 15:21:41 DEBUG o.f.c.i.s.classpath.ClassPathScanner - Found resource: db/migration/V8__Insert_Base_info1.sql
2024-10-25 15:21:41 DEBUG o.f.c.i.s.classpath.ClassPathScanner - Scanning for classes at classpath:db/migration
2024-10-25 15:21:41 DEBUG o.f.c.i.r.ResourceNameValidator - Validating V4__Initial_Insert.sql
2024-10-25 15:21:41 INFO  com.zaxxer.hikari.HikariDataSource - HikariPool-1 - Starting...
2024-10-25 15:21:42 INFO  com.zaxxer.hikari.pool.HikariPool - HikariPool-1 - Added connection oracle.jdbc.driver.T4CConnection@584ca390
2024-10-25 15:21:42 INFO  com.zaxxer.hikari.HikariDataSource - HikariPool-1 - Start completed.
2024-10-25 15:21:42 DEBUG o.f.c.i.r.ResourceNameValidator - Validating V8__Insert_Base_info1.sql
2024-10-25 15:21:42 DEBUG o.f.c.i.r.ResourceNameValidator - Validating V3__foreign_key_setup.sql
2024-10-25 15:21:42 DEBUG o.f.c.i.r.ResourceNameValidator - Validating V2__create_table_ddl_statements.sql
2024-10-25 15:21:42 DEBUG o.f.c.i.r.ResourceNameValidator - Validating V5__Insert_M_GYOMU_IRAI.sql
2024-10-25 15:21:42 INFO  org.flywaydb.core.FlywayExecutor - Database: jdbc:oracle:thin:@localhost:1521/test (Oracle 19.0)
2024-10-25 15:21:42 DEBUG org.flywaydb.core.FlywayExecutor - Driver: Oracle JDBC driver 19.8.0.0.0
2024-10-25 15:21:42 DEBUG org.flywaydb.core.FlywayExecutor - DDL Transactions Supported: false
2024-10-25 15:21:42 DEBUG o.f.c.i.s.SchemaHistoryFactory - Schemas: 
2024-10-25 15:21:42 DEBUG o.f.c.i.s.SchemaHistoryFactory - Default schema: null
2024-10-25 15:21:42 DEBUG o.f.c.i.c.SqlScriptCallbackFactory - Scanning for SQL callbacks ...
2024-10-25 15:21:42 DEBUG o.f.core.internal.command.DbValidate - Validating migrations ...
2024-10-25 15:21:42 DEBUG o.f.c.a.c.ClassicConfiguration - CherryPickConfigurationExtension not found
2024-10-25 15:21:42 DEBUG o.f.core.internal.scanner.Scanner - Filtering out resource: db/migration/V4__Initial_Insert.sql (filename: V4__Initial_Insert.sql)
2024-10-25 15:21:42 DEBUG o.f.core.internal.scanner.Scanner - Filtering out resource: db/migration/V8__Insert_Base_info1.sql (filename: V8__Insert_Base_info1.sql)
2024-10-25 15:21:42 DEBUG o.f.core.internal.scanner.Scanner - Filtering out resource: db/migration/V3__foreign_key_setup.sql (filename: V3__foreign_key_setup.sql)
2024-10-25 15:21:42 DEBUG o.f.core.internal.scanner.Scanner - Filtering out resource: db/migration/V2__create_table_ddl_statements.sql (filename: V2__create_table_ddl_statements.sql)
2024-10-25 15:21:42 DEBUG o.f.core.internal.scanner.Scanner - Filtering out resource: db/migration/V5__Insert_M_GYOMU_IRAI.sql (filename: V5__Insert_M_GYOMU_IRAI.sql)
2024-10-25 15:21:42 DEBUG o.f.core.internal.scanner.Scanner - Filtering out resource: db/migration/V4__Initial_Insert.sql (filename: V4__Initial_Insert.sql)
2024-10-25 15:21:42 DEBUG o.f.core.internal.scanner.Scanner - Filtering out resource: db/migration/V8__Insert_Base_info1.sql (filename: V8__Insert_Base_info1.sql)
2024-10-25 15:21:42 DEBUG o.f.core.internal.scanner.Scanner - Filtering out resource: db/migration/V3__foreign_key_setup.sql (filename: V3__foreign_key_setup.sql)
2024-10-25 15:21:42 DEBUG o.f.core.internal.scanner.Scanner - Filtering out resource: db/migration/V2__create_table_ddl_statements.sql (filename: V2__create_table_ddl_statements.sql)
2024-10-25 15:21:42 DEBUG o.f.core.internal.scanner.Scanner - Filtering out resource: db/migration/V5__Insert_M_GYOMU_IRAI.sql (filename: V5__Insert_M_GYOMU_IRAI.sql)
2024-10-25 15:21:42 INFO  o.f.core.internal.command.DbValidate - Successfully validated 6 migrations (execution time 00:00.115s)
2024-10-25 15:21:42 DEBUG o.f.core.internal.command.DbSchemas - Skipping creation of existing schema: "SYS"
2024-10-25 15:21:42 DEBUG o.f.c.a.c.ClassicConfiguration - CherryPickConfigurationExtension not found
2024-10-25 15:21:42 INFO  o.f.core.internal.command.DbMigrate - Current version of schema "SYS": 8
2024-10-25 15:21:42 INFO  o.f.core.internal.command.DbMigrate - Schema "SYS" is up to date. No migration necessary.
2024-10-25 15:21:42 DEBUG org.flywaydb.core.FlywayExecutor - Memory usage: 43 of 64M
2024-10-25 15:21:43 INFO  o.s.s.c.a.a.c.InitializeUserDetailsBeanManagerConfigurer$InitializeUserDetailsManagerConfigurer - Global AuthenticationManager configured with UserDetailsService bean with name customUserDetailsService
2024-10-25 15:21:43 DEBUG o.s.s.web.DefaultSecurityFilterChain - Will secure any request with filters: DisableEncodeUrlFilter, WebAsyncManagerIntegrationFilter, SecurityContextHolderFilter, HeaderWriterFilter, CsrfFilter, LogoutFilter, UsernamePasswordAuthenticationFilter, RequestCacheAwareFilter, SecurityContextHolderAwareRequestFilter, AnonymousAuthenticationFilter, ExceptionTranslationFilter, AuthorizationFilter
2024-10-25 15:21:44 INFO  o.a.coyote.http11.Http11NioProtocol - Starting ProtocolHandler ["http-nio-8080"]
2024-10-25 15:21:44 INFO  o.s.b.w.e.tomcat.TomcatWebServer - Tomcat started on port 8080 (http) with context path '/'
2024-10-25 15:21:44 INFO  com.toray.ojt.OjtApplication - Started OjtApplication in 9.343 seconds (process running for 10.254)
2024-10-25 15:21:49 INFO  o.a.c.c.C.[Tomcat].[localhost].[/] - Initializing Spring DispatcherServlet 'dispatcherServlet'
2024-10-25 15:21:49 INFO  o.s.web.servlet.DispatcherServlet - Initializing Servlet 'dispatcherServlet'
2024-10-25 15:21:49 INFO  o.s.web.servlet.DispatcherServlet - Completed initialization in 1 ms
2024-10-25 15:21:49 DEBUG o.s.security.web.FilterChainProxy - Securing GET /Test
2024-10-25 15:21:49 DEBUG o.s.s.w.a.AnonymousAuthenticationFilter - Set SecurityContextHolder to anonymous SecurityContext
2024-10-25 15:21:49 DEBUG o.s.s.w.s.HttpSessionRequestCache - Saved request http://localhost:8080/Test?continue to session
2024-10-25 15:21:49 DEBUG o.s.s.web.DefaultRedirectStrategy - Redirecting to http://localhost:8080/
2024-10-25 15:21:49 DEBUG o.s.security.web.FilterChainProxy - Securing GET /
2024-10-25 15:21:49 DEBUG o.s.security.web.FilterChainProxy - Secured GET /
2024-10-25 15:21:50 DEBUG o.s.s.w.a.AnonymousAuthenticationFilter - Set SecurityContextHolder to anonymous SecurityContext
2024-10-25 15:21:50 DEBUG o.s.security.web.FilterChainProxy - Securing GET /css/login.css
2024-10-25 15:21:50 DEBUG o.s.security.web.FilterChainProxy - Secured GET /css/login.css
2024-10-25 15:21:50 DEBUG o.s.security.web.FilterChainProxy - Securing GET /images/GIPS_logo.jpg
2024-10-25 15:21:50 DEBUG o.s.security.web.FilterChainProxy - Secured GET /images/GIPS_logo.jpg
2024-10-25 15:21:50 DEBUG o.s.s.w.a.AnonymousAuthenticationFilter - Set SecurityContextHolder to anonymous SecurityContext
2024-10-25 15:21:50 DEBUG o.s.s.w.a.AnonymousAuthenticationFilter - Set SecurityContextHolder to anonymous SecurityContext
2024-10-25 15:21:50 DEBUG o.s.security.web.FilterChainProxy - Securing GET /favicon.ico
2024-10-25 15:21:50 DEBUG o.s.s.w.a.AnonymousAuthenticationFilter - Set SecurityContextHolder to anonymous SecurityContext
2024-10-25 15:21:50 DEBUG o.s.s.web.DefaultRedirectStrategy - Redirecting to http://localhost:8080/
2024-10-25 15:21:50 DEBUG o.s.security.web.FilterChainProxy - Securing GET /
2024-10-25 15:21:50 DEBUG o.s.security.web.FilterChainProxy - Secured GET /
2024-10-25 15:21:50 DEBUG o.s.s.w.a.AnonymousAuthenticationFilter - Set SecurityContextHolder to anonymous SecurityContext
2024-10-25 15:21:51 DEBUG o.s.security.web.FilterChainProxy - Securing POST /login
2024-10-25 15:21:51 DEBUG c.t.o.w.s.i.CustomUserDetailsService - Parameter username: A12345
2024-10-25 15:21:51 DEBUG org.mybatis.spring.SqlSessionUtils - Creating a new SqlSession
2024-10-25 15:21:51 DEBUG org.mybatis.spring.SqlSessionUtils - SqlSession [org.apache.ibatis.session.defaults.DefaultSqlSession@2249f0e4] was not registered for synchronization because synchronization is not active
2024-10-25 15:21:51 DEBUG o.m.s.t.SpringManagedTransaction - JDBC Connection [HikariProxyConnection@891093698 wrapping oracle.jdbc.driver.T4CConnection@584ca390] will not be managed by Spring
2024-10-25 15:21:51 DEBUG c.t.o.w.m.UserMapper.findByAccountId - ==>  Preparing: SELECT * FROM BASE_PARTY_ACCOUNT WHERE ACCOUNT_ID = ?
2024-10-25 15:21:51 DEBUG c.t.o.w.m.UserMapper.findByAccountId - ==> Parameters: A12345(String)
2024-10-25 15:21:51 DEBUG c.t.o.w.m.UserMapper.findByAccountId - <==      Total: 1
2024-10-25 15:21:51 DEBUG org.mybatis.spring.SqlSessionUtils - Closing non transactional SqlSession [org.apache.ibatis.session.defaults.DefaultSqlSession@2249f0e4]
2024-10-25 15:21:51 DEBUG c.t.o.w.s.i.CustomUserDetailsService - User Object: com.toray.ojt.web.entity.User@20cef7e6
2024-10-25 15:21:51 DEBUG c.t.o.w.s.i.CustomUserDetailsService - isExpired: 1
2024-10-25 15:21:51 DEBUG org.mybatis.spring.SqlSessionUtils - Creating a new SqlSession
2024-10-25 15:21:51 DEBUG org.mybatis.spring.SqlSessionUtils - SqlSession [org.apache.ibatis.session.defaults.DefaultSqlSession@289d51cc] was not registered for synchronization because synchronization is not active
2024-10-25 15:21:51 DEBUG o.m.s.t.SpringManagedTransaction - JDBC Connection [HikariProxyConnection@1509935107 wrapping oracle.jdbc.driver.T4CConnection@584ca390] will not be managed by Spring
2024-10-25 15:21:51 DEBUG c.t.o.w.m.B.findAtrributeNameByPartyId - ==>  Preparing: SELECT ATTRIBUTE_NAME FROM BASE_PARTY_ATTRIBUTE WHERE PARTY_ID = ?
2024-10-25 15:21:51 DEBUG c.t.o.w.m.B.findAtrributeNameByPartyId - ==> Parameters: P12345(String)
2024-10-25 15:21:51 DEBUG c.t.o.w.m.B.findAtrributeNameByPartyId - <==      Total: 1
2024-10-25 15:21:51 DEBUG org.mybatis.spring.SqlSessionUtils - Closing non transactional SqlSession [org.apache.ibatis.session.defaults.DefaultSqlSession@289d51cc]
2024-10-25 15:21:51 DEBUG c.t.o.w.s.i.CustomUserDetailsService - User role: base_admin
2024-10-25 15:21:51 DEBUG org.mybatis.spring.SqlSessionUtils - Creating a new SqlSession
2024-10-25 15:21:51 DEBUG org.mybatis.spring.SqlSessionUtils - SqlSession [org.apache.ibatis.session.defaults.DefaultSqlSession@48e05227] was not registered for synchronization because synchronization is not active
2024-10-25 15:21:51 DEBUG o.m.s.t.SpringManagedTransaction - JDBC Connection [HikariProxyConnection@371498799 wrapping oracle.jdbc.driver.T4CConnection@584ca390] will not be managed by Spring
2024-10-25 15:21:51 DEBUG c.t.o.w.m.U.findUserNameByPartyId - ==>  Preparing: SELECT * FROM BASE_PARTY WHERE PARTY_ID = ?
2024-10-25 15:21:52 DEBUG c.t.o.w.m.U.findUserNameByPartyId - ==> Parameters: P12345(String)
2024-10-25 15:21:52 DEBUG c.t.o.w.m.U.findUserNameByPartyId - <==      Total: 1
2024-10-25 15:21:52 DEBUG org.mybatis.spring.SqlSessionUtils - Closing non transactional SqlSession [org.apache.ibatis.session.defaults.DefaultSqlSession@48e05227]
2024-10-25 15:21:52 DEBUG o.s.s.a.d.DaoAuthenticationProvider - Authenticated user
2024-10-25 15:21:52 DEBUG o.s.s.w.a.s.ChangeSessionIdAuthenticationStrategy - Changed session id from B064A5E085600860502C6ACAA389DB42
2024-10-25 15:21:52 DEBUG o.s.s.w.c.CsrfAuthenticationStrategy - Replaced CSRF Token
2024-10-25 15:21:52 DEBUG o.s.s.w.c.HttpSessionSecurityContextRepository - Stored SecurityContextImpl [Authentication=UsernamePasswordAuthenticationToken [Principal=com.toray.ojt.web.entity.CustomUserDetails@43edd69b, Credentials=[PROTECTED], Authenticated=true, Details=WebAuthenticationDetails [RemoteIpAddress=0:0:0:0:0:0:0:1, SessionId=B064A5E085600860502C6ACAA389DB42], Granted Authorities=[base_admin]]] to HttpSession [org.apache.catalina.session.StandardSessionFacade@50df1e4e]
2024-10-25 15:21:52 DEBUG o.s.s.w.a.UsernamePasswordAuthenticationFilter - Set SecurityContextHolder to UsernamePasswordAuthenticationToken [Principal=com.toray.ojt.web.entity.CustomUserDetails@43edd69b, Credentials=[PROTECTED], Authenticated=true, Details=WebAuthenticationDetails [RemoteIpAddress=0:0:0:0:0:0:0:1, SessionId=B064A5E085600860502C6ACAA389DB42], Granted Authorities=[base_admin]]
2024-10-25 15:21:52 DEBUG org.mybatis.spring.SqlSessionUtils - Creating a new SqlSession
2024-10-25 15:21:52 DEBUG org.mybatis.spring.SqlSessionUtils - SqlSession [org.apache.ibatis.session.defaults.DefaultSqlSession@28ed7994] was not registered for synchronization because synchronization is not active
2024-10-25 15:21:52 DEBUG o.m.s.t.SpringManagedTransaction - JDBC Connection [HikariProxyConnection@85535516 wrapping oracle.jdbc.driver.T4CConnection@584ca390] will not be managed by Spring
2024-10-25 15:21:52 DEBUG c.t.o.w.m.UserMapper.findByAccountId - ==>  Preparing: SELECT * FROM BASE_PARTY_ACCOUNT WHERE ACCOUNT_ID = ?
2024-10-25 15:21:52 DEBUG c.t.o.w.m.UserMapper.findByAccountId - ==> Parameters: A12345(String)
2024-10-25 15:21:52 DEBUG c.t.o.w.m.UserMapper.findByAccountId - <==      Total: 1
2024-10-25 15:21:52 DEBUG org.mybatis.spring.SqlSessionUtils - Closing non transactional SqlSession [org.apache.ibatis.session.defaults.DefaultSqlSession@28ed7994]
2024-10-25 15:21:52 DEBUG org.mybatis.spring.SqlSessionUtils - Creating a new SqlSession
2024-10-25 15:21:52 DEBUG org.mybatis.spring.SqlSessionUtils - SqlSession [org.apache.ibatis.session.defaults.DefaultSqlSession@2d1c789f] was not registered for synchronization because synchronization is not active
2024-10-25 15:21:52 DEBUG o.m.s.t.SpringManagedTransaction - JDBC Connection [HikariProxyConnection@1964778421 wrapping oracle.jdbc.driver.T4CConnection@584ca390] will not be managed by Spring
2024-10-25 15:21:52 DEBUG c.t.o.w.m.U.updateFailedLoginAttempt - ==>  Preparing: UPDATE BASE_PARTY_ACCOUNT SET STATE = CASE WHEN ? IS NOT NULL THEN ? ELSE STATE END, FAILED_LOGIN_ATTEMPTS = CASE WHEN ? IS NOT NULL THEN ? ELSE FAILED_LOGIN_ATTEMPTS END, UPD_TIMESTAMP = CURRENT_TIMESTAMP -- Update timestamp for when the user was updated WHERE ACCOUNT_ID = ?
2024-10-25 15:21:52 DEBUG c.t.o.w.m.U.updateFailedLoginAttempt - ==> Parameters: A(String), A(String), 0(Integer), 0(Integer), A12345(String)
2024-10-25 15:21:52 DEBUG c.t.o.w.m.U.updateFailedLoginAttempt - <==    Updates: 1
2024-10-25 15:21:52 DEBUG org.mybatis.spring.SqlSessionUtils - Closing non transactional SqlSession [org.apache.ibatis.session.defaults.DefaultSqlSession@2d1c789f]
2024-10-25 15:21:52 DEBUG o.s.security.web.FilterChainProxy - Securing GET /toppage
2024-10-25 15:21:52 DEBUG o.s.s.w.c.HttpSessionSecurityContextRepository - Retrieved SecurityContextImpl [Authentication=UsernamePasswordAuthenticationToken [Principal=com.toray.ojt.web.entity.CustomUserDetails@43edd69b, Credentials=[PROTECTED], Authenticated=true, Details=WebAuthenticationDetails [RemoteIpAddress=0:0:0:0:0:0:0:1, SessionId=B064A5E085600860502C6ACAA389DB42], Granted Authorities=[base_admin]]]
2024-10-25 15:21:52 DEBUG o.s.security.web.FilterChainProxy - Secured GET /toppage
2024-10-25 15:21:52 DEBUG org.mybatis.spring.SqlSessionUtils - Creating a new SqlSession
2024-10-25 15:21:52 DEBUG org.mybatis.spring.SqlSessionUtils - SqlSession [org.apache.ibatis.session.defaults.DefaultSqlSession@1979c28b] was not registered for synchronization because synchronization is not active
2024-10-25 15:21:52 DEBUG o.m.s.t.SpringManagedTransaction - JDBC Connection [HikariProxyConnection@1551585216 wrapping oracle.jdbc.driver.T4CConnection@584ca390] will not be managed by Spring
2024-10-25 15:21:52 DEBUG c.t.o.w.m.B.findBaseInfo - ==>  Preparing: SELECT TITLE AS title, BEGIN_YMD AS beginYmd, IMPORTANT_FLG AS importantFlg FROM BASE_INFO WHERE CURRENT_DATE BETWEEN BEGIN_YMD AND END_YMD ORDER BY IMPORTANT_FLG desc
2024-10-25 15:21:52 DEBUG c.t.o.w.m.B.findBaseInfo - ==> Parameters: 
2024-10-25 15:21:52 DEBUG c.t.o.w.m.B.findBaseInfo - <==      Total: 9
2024-10-25 15:21:52 DEBUG org.mybatis.spring.SqlSessionUtils - Closing non transactional SqlSession [org.apache.ibatis.session.defaults.DefaultSqlSession@1979c28b]
2024-10-25 15:21:52 DEBUG org.mybatis.spring.SqlSessionUtils - Creating a new SqlSession
2024-10-25 15:21:52 DEBUG org.mybatis.spring.SqlSessionUtils - SqlSession [org.apache.ibatis.session.defaults.DefaultSqlSession@381a6872] was not registered for synchronization because synchronization is not active
2024-10-25 15:21:52 DEBUG o.m.s.t.SpringManagedTransaction - JDBC Connection [HikariProxyConnection@2112569979 wrapping oracle.jdbc.driver.T4CConnection@584ca390] will not be managed by Spring
2024-10-25 15:21:52 DEBUG c.t.o.w.m.TGuideMapper.findTGuide - ==>  Preparing: SELECT TITLE AS title, BEGIN_YMD AS beginYmd, IMPORTANT_FLG AS importantFlg FROM T_GUIDE WHERE CURRENT_DATE BETWEEN BEGIN_YMD AND END_YMD ORDER BY IMPORTANT_FLG desc
2024-10-25 15:21:52 DEBUG c.t.o.w.m.TGuideMapper.findTGuide - ==> Parameters: 
2024-10-25 15:21:52 DEBUG c.t.o.w.m.TGuideMapper.findTGuide - <==      Total: 1
2024-10-25 15:21:52 DEBUG org.mybatis.spring.SqlSessionUtils - Closing non transactional SqlSession [org.apache.ibatis.session.defaults.DefaultSqlSession@381a6872]
2024-10-25 15:21:52 DEBUG org.mybatis.spring.SqlSessionUtils - Creating a new SqlSession
2024-10-25 15:21:52 DEBUG org.mybatis.spring.SqlSessionUtils - SqlSession [org.apache.ibatis.session.defaults.DefaultSqlSession@74dcc8aa] was not registered for synchronization because synchronization is not active
2024-10-25 15:21:52 DEBUG o.m.s.t.SpringManagedTransaction - JDBC Connection [HikariProxyConnection@900354283 wrapping oracle.jdbc.driver.T4CConnection@584ca390] will not be managed by Spring
2024-10-25 15:21:52 DEBUG c.t.o.w.m.T.findToDoByLocale - ==>  Preparing: SELECT T1.GYOMU_CD || '-' || T1.CYCLE_NO AS gyomuCd, T1.SHUSHU_TXT AS shushuTxt, TO_CHAR(TO_DATE(T1.SHIMEKIRI_YMD, 'YYYY-MM-DD'), 'yyyy/mm/dd') AS shimekiriYMD, T1.IRAI_STATUS AS iraiStatus, T1.SEQ_IRAI AS seqIrai, COALESCE(T2.KAITO_STATUS, 'N/A') AS kaitoStatus, COALESCE(T3.USER_KBN, 'Unknown') AS userKbn, COALESCE(T3.USERID, 'Unknown') AS userId, COALESCE(T4.PARTY_NAME_EN, 'No Party') AS partyNameEn, COALESCE(T5.CODE_VALUE1, 'No Value') AS codeValue1, (SELECT COUNT(*) FROM T_IRAI) AS requestTotal FROM T_IRAI T1 LEFT JOIN T_KAITO T2 ON T1.SEQ_IRAI = T2.SEQ_IRAI LEFT JOIN T_KAITO_USER T3 ON T2.SEQ_KAITO = T3.SEQ_KAITO LEFT JOIN BASE_PARTY T4 ON T3.USERID = T4.PARTY_ID LEFT JOIN BASE_CODE T5 ON T2.KAITO_STATUS = T5.CODE AND T5.CODE_KIND = 'KAITO_STATUS' AND T5.LOCALE = ? ORDER BY shimekiriYMD
2024-10-25 15:21:52 DEBUG c.t.o.w.m.T.findToDoByLocale - ==> Parameters: en(String)
2024-10-25 15:21:52 DEBUG c.t.o.w.m.T.findToDoByLocale - <==      Total: 1
2024-10-25 15:21:52 DEBUG org.mybatis.spring.SqlSessionUtils - Closing non transactional SqlSession [org.apache.ibatis.session.defaults.DefaultSqlSession@74dcc8aa]
2024-10-25 15:21:52 DEBUG org.mybatis.spring.SqlSessionUtils - Creating a new SqlSession
2024-10-25 15:21:52 DEBUG org.mybatis.spring.SqlSessionUtils - SqlSession [org.apache.ibatis.session.defaults.DefaultSqlSession@70e2fe82] was not registered for synchronization because synchronization is not active
2024-10-25 15:21:52 DEBUG o.m.s.t.SpringManagedTransaction - JDBC Connection [HikariProxyConnection@783904919 wrapping oracle.jdbc.driver.T4CConnection@584ca390] will not be managed by Spring
2024-10-25 15:21:52 DEBUG c.t.o.w.m.T.findToDoByLocale - ==>  Preparing: SELECT T1.GYOMU_CD || '-' || T1.CYCLE_NO AS gyomuCd, T1.SHUSHU_TXT AS shushuTxt, TO_CHAR(TO_DATE(T1.SHIMEKIRI_YMD, 'YYYY-MM-DD'), 'yyyy/mm/dd') AS shimekiriYMD, T1.IRAI_STATUS AS iraiStatus, T1.SEQ_IRAI AS seqIrai, COALESCE(T2.KAITO_STATUS, 'N/A') AS kaitoStatus, COALESCE(T3.USER_KBN, 'Unknown') AS userKbn, COALESCE(T3.USERID, 'Unknown') AS userId, COALESCE(T4.PARTY_NAME_EN, 'No Party') AS partyNameEn, COALESCE(T5.CODE_VALUE1, 'No Value') AS codeValue1, (SELECT COUNT(*) FROM T_IRAI) AS requestTotal FROM T_IRAI T1 LEFT JOIN T_KAITO T2 ON T1.SEQ_IRAI = T2.SEQ_IRAI LEFT JOIN T_KAITO_USER T3 ON T2.SEQ_KAITO = T3.SEQ_KAITO LEFT JOIN BASE_PARTY T4 ON T3.USERID = T4.PARTY_ID LEFT JOIN BASE_CODE T5 ON T2.KAITO_STATUS = T5.CODE AND T5.CODE_KIND = 'KAITO_STATUS' AND T5.LOCALE = ? ORDER BY shimekiriYMD
2024-10-25 15:21:52 DEBUG c.t.o.w.m.T.findToDoByLocale - ==> Parameters: en(String)
2024-10-25 15:21:52 DEBUG c.t.o.w.m.T.findToDoByLocale - <==      Total: 1
2024-10-25 15:21:52 DEBUG org.mybatis.spring.SqlSessionUtils - Closing non transactional SqlSession [org.apache.ibatis.session.defaults.DefaultSqlSession@70e2fe82]
2024-10-25 15:21:52 DEBUG o.s.security.web.FilterChainProxy - Securing GET /css/top.css
2024-10-25 15:21:52 DEBUG o.s.security.web.FilterChainProxy - Securing GET /images/Toray.png
2024-10-25 15:21:52 DEBUG o.s.security.web.FilterChainProxy - Securing GET /images/gips.jpg
2024-10-25 15:21:52 DEBUG o.s.security.web.FilterChainProxy - Secured GET /css/top.css
2024-10-25 15:21:52 DEBUG o.s.security.web.FilterChainProxy - Secured GET /images/Toray.png
2024-10-25 15:21:52 DEBUG o.s.security.web.FilterChainProxy - Secured GET /images/gips.jpg
2024-10-25 15:21:52 DEBUG o.s.s.w.c.HttpSessionSecurityContextRepository - Retrieved SecurityContextImpl [Authentication=UsernamePasswordAuthenticationToken [Principal=com.toray.ojt.web.entity.CustomUserDetails@43edd69b, Credentials=[PROTECTED], Authenticated=true, Details=WebAuthenticationDetails [RemoteIpAddress=0:0:0:0:0:0:0:1, SessionId=B064A5E085600860502C6ACAA389DB42], Granted Authorities=[base_admin]]]
2024-10-25 15:21:52 DEBUG o.s.s.w.c.HttpSessionSecurityContextRepository - Retrieved SecurityContextImpl [Authentication=UsernamePasswordAuthenticationToken [Principal=com.toray.ojt.web.entity.CustomUserDetails@43edd69b, Credentials=[PROTECTED], Authenticated=true, Details=WebAuthenticationDetails [RemoteIpAddress=0:0:0:0:0:0:0:1, SessionId=B064A5E085600860502C6ACAA389DB42], Granted Authorities=[base_admin]]]
2024-10-25 15:21:52 DEBUG o.s.s.w.c.HttpSessionSecurityContextRepository - Retrieved SecurityContextImpl [Authentication=UsernamePasswordAuthenticationToken [Principal=com.toray.ojt.web.entity.CustomUserDetails@43edd69b, Credentials=[PROTECTED], Authenticated=true, Details=WebAuthenticationDetails [RemoteIpAddress=0:0:0:0:0:0:0:1, SessionId=B064A5E085600860502C6ACAA389DB42], Granted Authorities=[base_admin]]]
2024-10-25 15:21:52 DEBUG o.s.security.web.FilterChainProxy - Securing GET /images/important.png
2024-10-25 15:21:52 DEBUG o.s.security.web.FilterChainProxy - Secured GET /images/important.png
2024-10-25 15:21:52 DEBUG o.s.s.w.c.HttpSessionSecurityContextRepository - Retrieved SecurityContextImpl [Authentication=UsernamePasswordAuthenticationToken [Principal=com.toray.ojt.web.entity.CustomUserDetails@43edd69b, Credentials=[PROTECTED], Authenticated=true, Details=WebAuthenticationDetails [RemoteIpAddress=0:0:0:0:0:0:0:1, SessionId=B064A5E085600860502C6ACAA389DB42], Granted Authorities=[base_admin]]]
2024-10-25 15:21:52 DEBUG o.s.security.web.FilterChainProxy - Securing GET /favicon.ico
2024-10-25 15:21:52 DEBUG o.s.s.w.c.HttpSessionSecurityContextRepository - Retrieved SecurityContextImpl [Authentication=UsernamePasswordAuthenticationToken [Principal=com.toray.ojt.web.entity.CustomUserDetails@43edd69b, Credentials=[PROTECTED], Authenticated=true, Details=WebAuthenticationDetails [RemoteIpAddress=0:0:0:0:0:0:0:1, SessionId=B064A5E085600860502C6ACAA389DB42], Granted Authorities=[base_admin]]]
2024-10-25 15:21:52 DEBUG o.s.security.web.FilterChainProxy - Secured GET /favicon.ico
2024-10-25 15:21:52 WARN  o.s.w.s.m.s.DefaultHandlerExceptionResolver - Resolved [org.springframework.web.HttpRequestMethodNotSupportedException: Request method 'GET' is not supported]
2024-10-25 15:21:52 DEBUG o.s.security.web.FilterChainProxy - Securing GET /error
2024-10-25 15:21:52 DEBUG o.s.s.w.c.HttpSessionSecurityContextRepository - Retrieved SecurityContextImpl [Authentication=UsernamePasswordAuthenticationToken [Principal=com.toray.ojt.web.entity.CustomUserDetails@43edd69b, Credentials=[PROTECTED], Authenticated=true, Details=WebAuthenticationDetails [RemoteIpAddress=0:0:0:0:0:0:0:1, SessionId=B064A5E085600860502C6ACAA389DB42], Granted Authorities=[base_admin]]]
2024-10-25 15:21:52 DEBUG o.s.security.web.FilterChainProxy - Secured GET /error
2024-10-25 15:21:57 DEBUG o.s.security.web.FilterChainProxy - Securing GET /Test
2024-10-25 15:21:57 DEBUG o.s.s.w.c.HttpSessionSecurityContextRepository - Retrieved SecurityContextImpl [Authentication=UsernamePasswordAuthenticationToken [Principal=com.toray.ojt.web.entity.CustomUserDetails@43edd69b, Credentials=[PROTECTED], Authenticated=true, Details=WebAuthenticationDetails [RemoteIpAddress=0:0:0:0:0:0:0:1, SessionId=B064A5E085600860502C6ACAA389DB42], Granted Authorities=[base_admin]]]
2024-10-25 15:21:57 DEBUG o.s.security.web.FilterChainProxy - Secured GET /Test
2024-10-25 15:21:57 ERROR org.thymeleaf.TemplateEngine - [THYMELEAF][http-nio-8080-exec-4] Exception processing template "layout/Test": Exception evaluating SpringEL expression: "#numbers.sum(numbers)" (template: "layout/Test" - line 37, col 11)
org.thymeleaf.exceptions.TemplateProcessingException: Exception evaluating SpringEL expression: "#numbers.sum(numbers)" (template: "layout/Test" - line 37, col 11)
	at org.thymeleaf.spring6.expression.SPELVariableExpressionEvaluator.evaluate(SPELVariableExpressionEvaluator.java:292)
	at org.thymeleaf.standard.expression.VariableExpression.executeVariableExpression(VariableExpression.java:166)
	at org.thymeleaf.standard.expression.SimpleExpression.executeSimple(SimpleExpression.java:66)
	at org.thymeleaf.standard.expression.Expression.execute(Expression.java:109)
	at org.thymeleaf.standard.expression.Expression.execute(Expression.java:138)
	at org.thymeleaf.standard.processor.AbstractStandardExpressionAttributeTagProcessor.doProcess(AbstractStandardExpressionAttributeTagProcessor.java:144)
	at org.thymeleaf.processor.element.AbstractAttributeTagProcessor.doProcess(AbstractAttributeTagProcessor.java:74)
	at org.thymeleaf.processor.element.AbstractElementTagProcessor.process(AbstractElementTagProcessor.java:95)
	at org.thymeleaf.util.ProcessorConfigurationUtils$ElementTagProcessorWrapper.process(ProcessorConfigurationUtils.java:633)
	at org.thymeleaf.engine.ProcessorTemplateHandler.handleOpenElement(ProcessorTemplateHandler.java:1314)
	at org.thymeleaf.engine.OpenElementTag.beHandled(OpenElementTag.java:205)
	at org.thymeleaf.engine.TemplateModel.process(TemplateModel.java:136)
	at org.thymeleaf.engine.TemplateManager.parseAndProcess(TemplateManager.java:661)
	at org.thymeleaf.TemplateEngine.process(TemplateEngine.java:1103)
	at org.thymeleaf.TemplateEngine.process(TemplateEngine.java:1077)
	at org.thymeleaf.spring6.view.ThymeleafView.renderFragment(ThymeleafView.java:372)
	at org.thymeleaf.spring6.view.ThymeleafView.render(ThymeleafView.java:192)
	at org.springframework.web.servlet.DispatcherServlet.render(DispatcherServlet.java:1432)
	at org.springframework.web.servlet.DispatcherServlet.processDispatchResult(DispatcherServlet.java:1168)
	at org.springframework.web.servlet.DispatcherServlet.doDispatch(DispatcherServlet.java:1106)
	at org.springframework.web.servlet.DispatcherServlet.doService(DispatcherServlet.java:979)
	at org.springframework.web.servlet.FrameworkServlet.processRequest(FrameworkServlet.java:1014)
	at org.springframework.web.servlet.FrameworkServlet.doGet(FrameworkServlet.java:903)
	at jakarta.servlet.http.HttpServlet.service(HttpServlet.java:564)
	at org.springframework.web.servlet.FrameworkServlet.service(FrameworkServlet.java:885)
	at jakarta.servlet.http.HttpServlet.service(HttpServlet.java:658)
	at org.apache.catalina.core.ApplicationFilterChain.internalDoFilter(ApplicationFilterChain.java:195)
	at org.apache.catalina.core.ApplicationFilterChain.doFilter(ApplicationFilterChain.java:140)
	at org.apache.tomcat.websocket.server.WsFilter.doFilter(WsFilter.java:51)
	at org.apache.catalina.core.ApplicationFilterChain.internalDoFilter(ApplicationFilterChain.java:164)
	at org.apache.catalina.core.ApplicationFilterChain.doFilter(ApplicationFilterChain.java:140)
	at org.springframework.web.filter.HiddenHttpMethodFilter.doFilterInternal(HiddenHttpMethodFilter.java:91)
	at org.springframework.web.filter.OncePerRequestFilter.doFilter(OncePerRequestFilter.java:116)
	at org.apache.catalina.core.ApplicationFilterChain.internalDoFilter(ApplicationFilterChain.java:164)
	at org.apache.catalina.core.ApplicationFilterChain.doFilter(ApplicationFilterChain.java:140)
	at org.springframework.web.filter.CompositeFilter$VirtualFilterChain.doFilter(CompositeFilter.java:108)
	at org.springframework.security.web.FilterChainProxy.lambda$doFilterInternal$3(FilterChainProxy.java:231)
	at org.springframework.security.web.FilterChainProxy$VirtualFilterChain.doFilter(FilterChainProxy.java:365)
	at org.springframework.security.web.access.intercept.AuthorizationFilter.doFilter(AuthorizationFilter.java:100)
	at org.springframework.security.web.FilterChainProxy$VirtualFilterChain.doFilter(FilterChainProxy.java:374)
	at org.springframework.security.web.access.ExceptionTranslationFilter.doFilter(ExceptionTranslationFilter.java:126)
	at org.springframework.security.web.access.ExceptionTranslationFilter.doFilter(ExceptionTranslationFilter.java:120)
	at org.springframework.security.web.FilterChainProxy$VirtualFilterChain.doFilter(FilterChainProxy.java:374)
	at org.springframework.security.web.authentication.AnonymousAuthenticationFilter.doFilter(AnonymousAuthenticationFilter.java:100)
	at org.springframework.security.web.FilterChainProxy$VirtualFilterChain.doFilter(FilterChainProxy.java:374)
	at org.springframework.security.web.servletapi.SecurityContextHolderAwareRequestFilter.doFilter(SecurityContextHolderAwareRequestFilter.java:179)
	at org.springframework.security.web.FilterChainProxy$VirtualFilterChain.doFilter(FilterChainProxy.java:374)
	at org.springframework.security.web.savedrequest.RequestCacheAwareFilter.doFilter(RequestCacheAwareFilter.java:63)
	at org.springframework.security.web.FilterChainProxy$VirtualFilterChain.doFilter(FilterChainProxy.java:374)
	at org.springframework.security.web.authentication.AbstractAuthenticationProcessingFilter.doFilter(AbstractAuthenticationProcessingFilter.java:227)
	at org.springframework.security.web.authentication.AbstractAuthenticationProcessingFilter.doFilter(AbstractAuthenticationProcessingFilter.java:221)
	at org.springframework.security.web.FilterChainProxy$VirtualFilterChain.doFilter(FilterChainProxy.java:374)
	at org.springframework.security.web.authentication.logout.LogoutFilter.doFilter(LogoutFilter.java:107)
	at org.springframework.security.web.authentication.logout.LogoutFilter.doFilter(LogoutFilter.java:93)
	at org.springframework.security.web.FilterChainProxy$VirtualFilterChain.doFilter(FilterChainProxy.java:374)
	at org.springframework.security.web.csrf.CsrfFilter.doFilterInternal(CsrfFilter.java:117)
	at org.springframework.web.filter.OncePerRequestFilter.doFilter(OncePerRequestFilter.java:116)
	at org.springframework.security.web.FilterChainProxy$VirtualFilterChain.doFilter(FilterChainProxy.java:374)
	at org.springframework.security.web.header.HeaderWriterFilter.doHeadersAfter(HeaderWriterFilter.java:90)
	at org.springframework.security.web.header.HeaderWriterFilter.doFilterInternal(HeaderWriterFilter.java:75)
	at org.springframework.web.filter.OncePerRequestFilter.doFilter(OncePerRequestFilter.java:116)
	at org.springframework.security.web.FilterChainProxy$VirtualFilterChain.doFilter(FilterChainProxy.java:374)
	at org.springframework.security.web.context.SecurityContextHolderFilter.doFilter(SecurityContextHolderFilter.java:82)
	at org.springframework.security.web.context.SecurityContextHolderFilter.doFilter(SecurityContextHolderFilter.java:69)
	at org.springframework.security.web.FilterChainProxy$VirtualFilterChain.doFilter(FilterChainProxy.java:374)
	at org.springframework.security.web.context.request.async.WebAsyncManagerIntegrationFilter.doFilterInternal(WebAsyncManagerIntegrationFilter.java:62)
	at org.springframework.web.filter.OncePerRequestFilter.doFilter(OncePerRequestFilter.java:116)
	at org.springframework.security.web.FilterChainProxy$VirtualFilterChain.doFilter(FilterChainProxy.java:374)
	at org.springframework.security.web.session.DisableEncodeUrlFilter.doFilterInternal(DisableEncodeUrlFilter.java:42)
	at org.springframework.web.filter.OncePerRequestFilter.doFilter(OncePerRequestFilter.java:116)
	at org.springframework.security.web.FilterChainProxy$VirtualFilterChain.doFilter(FilterChainProxy.java:374)
	at org.springframework.security.web.FilterChainProxy.doFilterInternal(FilterChainProxy.java:233)
	at org.springframework.security.web.FilterChainProxy.doFilter(FilterChainProxy.java:191)
	at org.springframework.web.filter.CompositeFilter$VirtualFilterChain.doFilter(CompositeFilter.java:113)
	at org.springframework.web.servlet.handler.HandlerMappingIntrospector.lambda$createCacheFilter$3(HandlerMappingIntrospector.java:195)
	at org.springframework.web.filter.CompositeFilter$VirtualFilterChain.doFilter(CompositeFilter.java:113)
	at org.springframework.web.filter.CompositeFilter.doFilter(CompositeFilter.java:74)
	at org.springframework.security.config.annotation.web.configuration.WebMvcSecurityConfiguration$CompositeFilterChainProxy.doFilter(WebMvcSecurityConfiguration.java:230)
	at org.springframework.web.filter.DelegatingFilterProxy.invokeDelegate(DelegatingFilterProxy.java:352)
	at org.springframework.web.filter.DelegatingFilterProxy.doFilter(DelegatingFilterProxy.java:268)
	at org.apache.catalina.core.ApplicationFilterChain.internalDoFilter(ApplicationFilterChain.java:164)
	at org.apache.catalina.core.ApplicationFilterChain.doFilter(ApplicationFilterChain.java:140)
	at org.springframework.web.filter.RequestContextFilter.doFilterInternal(RequestContextFilter.java:100)
	at org.springframework.web.filter.OncePerRequestFilter.doFilter(OncePerRequestFilter.java:116)
	at org.apache.catalina.core.ApplicationFilterChain.internalDoFilter(ApplicationFilterChain.java:164)
	at org.apache.catalina.core.ApplicationFilterChain.doFilter(ApplicationFilterChain.java:140)
	at org.springframework.web.filter.FormContentFilter.doFilterInternal(FormContentFilter.java:93)
	at org.springframework.web.filter.OncePerRequestFilter.doFilter(OncePerRequestFilter.java:116)
	at org.apache.catalina.core.ApplicationFilterChain.internalDoFilter(ApplicationFilterChain.java:164)
	at org.apache.catalina.core.ApplicationFilterChain.doFilter(ApplicationFilterChain.java:140)
	at org.springframework.web.filter.CharacterEncodingFilter.doFilterInternal(CharacterEncodingFilter.java:201)
	at org.springframework.web.filter.OncePerRequestFilter.doFilter(OncePerRequestFilter.java:116)
	at org.apache.catalina.core.ApplicationFilterChain.internalDoFilter(ApplicationFilterChain.java:164)
	at org.apache.catalina.core.ApplicationFilterChain.doFilter(ApplicationFilterChain.java:140)
	at org.apache.catalina.core.StandardWrapperValve.invoke(StandardWrapperValve.java:167)
	at org.apache.catalina.core.StandardContextValve.invoke(StandardContextValve.java:90)
	at org.apache.catalina.authenticator.AuthenticatorBase.invoke(AuthenticatorBase.java:483)
	at org.apache.catalina.core.StandardHostValve.invoke(StandardHostValve.java:115)
	at org.apache.catalina.valves.ErrorReportValve.invoke(ErrorReportValve.java:93)
	at org.apache.catalina.core.StandardEngineValve.invoke(StandardEngineValve.java:74)
	at org.apache.catalina.connector.CoyoteAdapter.service(CoyoteAdapter.java:344)
	at org.apache.coyote.http11.Http11Processor.service(Http11Processor.java:384)
	at org.apache.coyote.AbstractProcessorLight.process(AbstractProcessorLight.java:63)
	at org.apache.coyote.AbstractProtocol$ConnectionHandler.process(AbstractProtocol.java:905)
	at org.apache.tomcat.util.net.NioEndpoint$SocketProcessor.doRun(NioEndpoint.java:1741)
	at org.apache.tomcat.util.net.SocketProcessorBase.run(SocketProcessorBase.java:52)
	at org.apache.tomcat.util.threads.ThreadPoolExecutor.runWorker(ThreadPoolExecutor.java:1190)
	at org.apache.tomcat.util.threads.ThreadPoolExecutor$Worker.run(ThreadPoolExecutor.java:659)
	at org.apache.tomcat.util.threads.TaskThread$WrappingRunnable.run(TaskThread.java:63)
	at java.base/java.lang.Thread.run(Thread.java:1583)
Caused by: org.springframework.expression.spel.SpelEvaluationException: EL1004E: Method call: Method sum(java.lang.Integer[]) cannot be found on type org.thymeleaf.expression.Numbers
	at org.springframework.expression.spel.ast.MethodReference.findAccessorForMethod(MethodReference.java:238)
	at org.springframework.expression.spel.ast.MethodReference.getValueInternal(MethodReference.java:148)
	at org.springframework.expression.spel.ast.MethodReference$MethodValueRef.getValue(MethodReference.java:401)
	at org.springframework.expression.spel.ast.CompoundExpression.getValueInternal(CompoundExpression.java:97)
	at org.springframework.expression.spel.ast.SpelNodeImpl.getValue(SpelNodeImpl.java:114)
	at org.springframework.expression.spel.standard.SpelExpression.getValue(SpelExpression.java:338)
	at org.thymeleaf.spring6.expression.SPELVariableExpressionEvaluator.evaluate(SPELVariableExpressionEvaluator.java:265)
	... 109 common frames omitted
2024-10-25 15:21:57 ERROR o.a.c.c.C.[.[.[.[dispatcherServlet] - Servlet.service() for servlet [dispatcherServlet] in context with path [] threw exception [Request processing failed: org.thymeleaf.exceptions.TemplateProcessingException: Exception evaluating SpringEL expression: "#numbers.sum(numbers)" (template: "layout/Test" - line 37, col 11)] with root cause
org.springframework.expression.spel.SpelEvaluationException: EL1004E: Method call: Method sum(java.lang.Integer[]) cannot be found on type org.thymeleaf.expression.Numbers
	at org.springframework.expression.spel.ast.MethodReference.findAccessorForMethod(MethodReference.java:238)
	at org.springframework.expression.spel.ast.MethodReference.getValueInternal(MethodReference.java:148)
	at org.springframework.expression.spel.ast.MethodReference$MethodValueRef.getValue(MethodReference.java:401)
	at org.springframework.expression.spel.ast.CompoundExpression.getValueInternal(CompoundExpression.java:97)
	at org.springframework.expression.spel.ast.SpelNodeImpl.getValue(SpelNodeImpl.java:114)
	at org.springframework.expression.spel.standard.SpelExpression.getValue(SpelExpression.java:338)
	at org.thymeleaf.spring6.expression.SPELVariableExpressionEvaluator.evaluate(SPELVariableExpressionEvaluator.java:265)
	at org.thymeleaf.standard.expression.VariableExpression.executeVariableExpression(VariableExpression.java:166)
	at org.thymeleaf.standard.expression.SimpleExpression.executeSimple(SimpleExpression.java:66)
	at org.thymeleaf.standard.expression.Expression.execute(Expression.java:109)
	at org.thymeleaf.standard.expression.Expression.execute(Expression.java:138)
	at org.thymeleaf.standard.processor.AbstractStandardExpressionAttributeTagProcessor.doProcess(AbstractStandardExpressionAttributeTagProcessor.java:144)
	at org.thymeleaf.processor.element.AbstractAttributeTagProcessor.doProcess(AbstractAttributeTagProcessor.java:74)
	at org.thymeleaf.processor.element.AbstractElementTagProcessor.process(AbstractElementTagProcessor.java:95)
	at org.thymeleaf.util.ProcessorConfigurationUtils$ElementTagProcessorWrapper.process(ProcessorConfigurationUtils.java:633)
	at org.thymeleaf.engine.ProcessorTemplateHandler.handleOpenElement(ProcessorTemplateHandler.java:1314)
	at org.thymeleaf.engine.OpenElementTag.beHandled(OpenElementTag.java:205)
	at org.thymeleaf.engine.TemplateModel.process(TemplateModel.java:136)
	at org.thymeleaf.engine.TemplateManager.parseAndProcess(TemplateManager.java:661)
	at org.thymeleaf.TemplateEngine.process(TemplateEngine.java:1103)
	at org.thymeleaf.TemplateEngine.process(TemplateEngine.java:1077)
	at org.thymeleaf.spring6.view.ThymeleafView.renderFragment(ThymeleafView.java:372)
	at org.thymeleaf.spring6.view.ThymeleafView.render(ThymeleafView.java:192)
	at org.springframework.web.servlet.DispatcherServlet.render(DispatcherServlet.java:1432)
	at org.springframework.web.servlet.DispatcherServlet.processDispatchResult(DispatcherServlet.java:1168)
	at org.springframework.web.servlet.DispatcherServlet.doDispatch(DispatcherServlet.java:1106)
	at org.springframework.web.servlet.DispatcherServlet.doService(DispatcherServlet.java:979)
	at org.springframework.web.servlet.FrameworkServlet.processRequest(FrameworkServlet.java:1014)
	at org.springframework.web.servlet.FrameworkServlet.doGet(FrameworkServlet.java:903)
	at jakarta.servlet.http.HttpServlet.service(HttpServlet.java:564)
	at org.springframework.web.servlet.FrameworkServlet.service(FrameworkServlet.java:885)
	at jakarta.servlet.http.HttpServlet.service(HttpServlet.java:658)
	at org.apache.catalina.core.ApplicationFilterChain.internalDoFilter(ApplicationFilterChain.java:195)
	at org.apache.catalina.core.ApplicationFilterChain.doFilter(ApplicationFilterChain.java:140)
	at org.apache.tomcat.websocket.server.WsFilter.doFilter(WsFilter.java:51)
	at org.apache.catalina.core.ApplicationFilterChain.internalDoFilter(ApplicationFilterChain.java:164)
	at org.apache.catalina.core.ApplicationFilterChain.doFilter(ApplicationFilterChain.java:140)
	at org.springframework.web.filter.HiddenHttpMethodFilter.doFilterInternal(HiddenHttpMethodFilter.java:91)
	at org.springframework.web.filter.OncePerRequestFilter.doFilter(OncePerRequestFilter.java:116)
	at org.apache.catalina.core.ApplicationFilterChain.internalDoFilter(ApplicationFilterChain.java:164)
	at org.apache.catalina.core.ApplicationFilterChain.doFilter(ApplicationFilterChain.java:140)
	at org.springframework.web.filter.CompositeFilter$VirtualFilterChain.doFilter(CompositeFilter.java:108)
	at org.springframework.security.web.FilterChainProxy.lambda$doFilterInternal$3(FilterChainProxy.java:231)
	at org.springframework.security.web.FilterChainProxy$VirtualFilterChain.doFilter(FilterChainProxy.java:365)
	at org.springframework.security.web.access.intercept.AuthorizationFilter.doFilter(AuthorizationFilter.java:100)
	at org.springframework.security.web.FilterChainProxy$VirtualFilterChain.doFilter(FilterChainProxy.java:374)
	at org.springframework.security.web.access.ExceptionTranslationFilter.doFilter(ExceptionTranslationFilter.java:126)
	at org.springframework.security.web.access.ExceptionTranslationFilter.doFilter(ExceptionTranslationFilter.java:120)
	at org.springframework.security.web.FilterChainProxy$VirtualFilterChain.doFilter(FilterChainProxy.java:374)
	at org.springframework.security.web.authentication.AnonymousAuthenticationFilter.doFilter(AnonymousAuthenticationFilter.java:100)
	at org.springframework.security.web.FilterChainProxy$VirtualFilterChain.doFilter(FilterChainProxy.java:374)
	at org.springframework.security.web.servletapi.SecurityContextHolderAwareRequestFilter.doFilter(SecurityContextHolderAwareRequestFilter.java:179)
	at org.springframework.security.web.FilterChainProxy$VirtualFilterChain.doFilter(FilterChainProxy.java:374)
	at org.springframework.security.web.savedrequest.RequestCacheAwareFilter.doFilter(RequestCacheAwareFilter.java:63)
	at org.springframework.security.web.FilterChainProxy$VirtualFilterChain.doFilter(FilterChainProxy.java:374)
	at org.springframework.security.web.authentication.AbstractAuthenticationProcessingFilter.doFilter(AbstractAuthenticationProcessingFilter.java:227)
	at org.springframework.security.web.authentication.AbstractAuthenticationProcessingFilter.doFilter(AbstractAuthenticationProcessingFilter.java:221)
	at org.springframework.security.web.FilterChainProxy$VirtualFilterChain.doFilter(FilterChainProxy.java:374)
	at org.springframework.security.web.authentication.logout.LogoutFilter.doFilter(LogoutFilter.java:107)
	at org.springframework.security.web.authentication.logout.LogoutFilter.doFilter(LogoutFilter.java:93)
	at org.springframework.security.web.FilterChainProxy$VirtualFilterChain.doFilter(FilterChainProxy.java:374)
	at org.springframework.security.web.csrf.CsrfFilter.doFilterInternal(CsrfFilter.java:117)
	at org.springframework.web.filter.OncePerRequestFilter.doFilter(OncePerRequestFilter.java:116)
	at org.springframework.security.web.FilterChainProxy$VirtualFilterChain.doFilter(FilterChainProxy.java:374)
	at org.springframework.security.web.header.HeaderWriterFilter.doHeadersAfter(HeaderWriterFilter.java:90)
	at org.springframework.security.web.header.HeaderWriterFilter.doFilterInternal(HeaderWriterFilter.java:75)
	at org.springframework.web.filter.OncePerRequestFilter.doFilter(OncePerRequestFilter.java:116)
	at org.springframework.security.web.FilterChainProxy$VirtualFilterChain.doFilter(FilterChainProxy.java:374)
	at org.springframework.security.web.context.SecurityContextHolderFilter.doFilter(SecurityContextHolderFilter.java:82)
	at org.springframework.security.web.context.SecurityContextHolderFilter.doFilter(SecurityContextHolderFilter.java:69)
	at org.springframework.security.web.FilterChainProxy$VirtualFilterChain.doFilter(FilterChainProxy.java:374)
	at org.springframework.security.web.context.request.async.WebAsyncManagerIntegrationFilter.doFilterInternal(WebAsyncManagerIntegrationFilter.java:62)
	at org.springframework.web.filter.OncePerRequestFilter.doFilter(OncePerRequestFilter.java:116)
	at org.springframework.security.web.FilterChainProxy$VirtualFilterChain.doFilter(FilterChainProxy.java:374)
	at org.springframework.security.web.session.DisableEncodeUrlFilter.doFilterInternal(DisableEncodeUrlFilter.java:42)
	at org.springframework.web.filter.OncePerRequestFilter.doFilter(OncePerRequestFilter.java:116)
	at org.springframework.security.web.FilterChainProxy$VirtualFilterChain.doFilter(FilterChainProxy.java:374)
	at org.springframework.security.web.FilterChainProxy.doFilterInternal(FilterChainProxy.java:233)
	at org.springframework.security.web.FilterChainProxy.doFilter(FilterChainProxy.java:191)
	at org.springframework.web.filter.CompositeFilter$VirtualFilterChain.doFilter(CompositeFilter.java:113)
	at org.springframework.web.servlet.handler.HandlerMappingIntrospector.lambda$createCacheFilter$3(HandlerMappingIntrospector.java:195)
	at org.springframework.web.filter.CompositeFilter$VirtualFilterChain.doFilter(CompositeFilter.java:113)
	at org.springframework.web.filter.CompositeFilter.doFilter(CompositeFilter.java:74)
	at org.springframework.security.config.annotation.web.configuration.WebMvcSecurityConfiguration$CompositeFilterChainProxy.doFilter(WebMvcSecurityConfiguration.java:230)
	at org.springframework.web.filter.DelegatingFilterProxy.invokeDelegate(DelegatingFilterProxy.java:352)
	at org.springframework.web.filter.DelegatingFilterProxy.doFilter(DelegatingFilterProxy.java:268)
	at org.apache.catalina.core.ApplicationFilterChain.internalDoFilter(ApplicationFilterChain.java:164)
	at org.apache.catalina.core.ApplicationFilterChain.doFilter(ApplicationFilterChain.java:140)
	at org.springframework.web.filter.RequestContextFilter.doFilterInternal(RequestContextFilter.java:100)
	at org.springframework.web.filter.OncePerRequestFilter.doFilter(OncePerRequestFilter.java:116)
	at org.apache.catalina.core.ApplicationFilterChain.internalDoFilter(ApplicationFilterChain.java:164)
	at org.apache.catalina.core.ApplicationFilterChain.doFilter(ApplicationFilterChain.java:140)
	at org.springframework.web.filter.FormContentFilter.doFilterInternal(FormContentFilter.java:93)
	at org.springframework.web.filter.OncePerRequestFilter.doFilter(OncePerRequestFilter.java:116)
	at org.apache.catalina.core.ApplicationFilterChain.internalDoFilter(ApplicationFilterChain.java:164)
	at org.apache.catalina.core.ApplicationFilterChain.doFilter(ApplicationFilterChain.java:140)
	at org.springframework.web.filter.CharacterEncodingFilter.doFilterInternal(CharacterEncodingFilter.java:201)
	at org.springframework.web.filter.OncePerRequestFilter.doFilter(OncePerRequestFilter.java:116)
	at org.apache.catalina.core.ApplicationFilterChain.internalDoFilter(ApplicationFilterChain.java:164)
	at org.apache.catalina.core.ApplicationFilterChain.doFilter(ApplicationFilterChain.java:140)
	at org.apache.catalina.core.StandardWrapperValve.invoke(StandardWrapperValve.java:167)
	at org.apache.catalina.core.StandardContextValve.invoke(StandardContextValve.java:90)
	at org.apache.catalina.authenticator.AuthenticatorBase.invoke(AuthenticatorBase.java:483)
	at org.apache.catalina.core.StandardHostValve.invoke(StandardHostValve.java:115)
	at org.apache.catalina.valves.ErrorReportValve.invoke(ErrorReportValve.java:93)
	at org.apache.catalina.core.StandardEngineValve.invoke(StandardEngineValve.java:74)
	at org.apache.catalina.connector.CoyoteAdapter.service(CoyoteAdapter.java:344)
	at org.apache.coyote.http11.Http11Processor.service(Http11Processor.java:384)
	at org.apache.coyote.AbstractProcessorLight.process(AbstractProcessorLight.java:63)
	at org.apache.coyote.AbstractProtocol$ConnectionHandler.process(AbstractProtocol.java:905)
	at org.apache.tomcat.util.net.NioEndpoint$SocketProcessor.doRun(NioEndpoint.java:1741)
	at org.apache.tomcat.util.net.SocketProcessorBase.run(SocketProcessorBase.java:52)
	at org.apache.tomcat.util.threads.ThreadPoolExecutor.runWorker(ThreadPoolExecutor.java:1190)
	at org.apache.tomcat.util.threads.ThreadPoolExecutor$Worker.run(ThreadPoolExecutor.java:659)
	at org.apache.tomcat.util.threads.TaskThread$WrappingRunnable.run(TaskThread.java:63)
	at java.base/java.lang.Thread.run(Thread.java:1583)
2024-10-25 15:21:57 DEBUG o.s.security.web.FilterChainProxy - Securing GET /error
2024-10-25 15:21:57 DEBUG o.s.s.w.c.HttpSessionSecurityContextRepository - Retrieved SecurityContextImpl [Authentication=UsernamePasswordAuthenticationToken [Principal=com.toray.ojt.web.entity.CustomUserDetails@43edd69b, Credentials=[PROTECTED], Authenticated=true, Details=WebAuthenticationDetails [RemoteIpAddress=0:0:0:0:0:0:0:1, SessionId=B064A5E085600860502C6ACAA389DB42], Granted Authorities=[base_admin]]]
2024-10-25 15:21:57 DEBUG o.s.security.web.FilterChainProxy - Secured GET /error
2024-10-25 15:21:57 DEBUG o.s.security.web.FilterChainProxy - Securing GET /favicon.ico
2024-10-25 15:21:57 DEBUG o.s.s.w.c.HttpSessionSecurityContextRepository - Retrieved SecurityContextImpl [Authentication=UsernamePasswordAuthenticationToken [Principal=com.toray.ojt.web.entity.CustomUserDetails@43edd69b, Credentials=[PROTECTED], Authenticated=true, Details=WebAuthenticationDetails [RemoteIpAddress=0:0:0:0:0:0:0:1, SessionId=B064A5E085600860502C6ACAA389DB42], Granted Authorities=[base_admin]]]
2024-10-25 15:21:57 DEBUG o.s.security.web.FilterChainProxy - Secured GET /favicon.ico
2024-10-25 15:21:57 WARN  o.s.w.s.m.s.DefaultHandlerExceptionResolver - Resolved [org.springframework.web.HttpRequestMethodNotSupportedException: Request method 'GET' is not supported]
2024-10-25 15:21:57 DEBUG o.s.security.web.FilterChainProxy - Securing GET /error
2024-10-25 15:21:57 DEBUG o.s.s.w.c.HttpSessionSecurityContextRepository - Retrieved SecurityContextImpl [Authentication=UsernamePasswordAuthenticationToken [Principal=com.toray.ojt.web.entity.CustomUserDetails@43edd69b, Credentials=[PROTECTED], Authenticated=true, Details=WebAuthenticationDetails [RemoteIpAddress=0:0:0:0:0:0:0:1, SessionId=B064A5E085600860502C6ACAA389DB42], Granted Authorities=[base_admin]]]
2024-10-25 15:21:57 DEBUG o.s.security.web.FilterChainProxy - Secured GET /error
2024-10-25 15:23:32 INFO  com.zaxxer.hikari.HikariDataSource - HikariPool-1 - Shutdown initiated...
2024-10-25 15:23:32 INFO  com.zaxxer.hikari.HikariDataSource - HikariPool-1 - Shutdown completed.
2024-10-25 15:23:39 INFO  o.h.validator.internal.util.Version - HV000001: Hibernate Validator 8.0.1.Final
2024-10-25 15:23:39 INFO  com.toray.ojt.OjtApplication - Starting OjtApplication using Java 21.0.4 with PID 14764 (C:\Users\sanjay.nair\Desktop\Toray\ojt\target\classes started by sanjay.nair in C:\Users\sanjay.nair\Desktop\Toray\ojt)
2024-10-25 15:23:39 DEBUG com.toray.ojt.OjtApplication - Running with Spring Boot v3.3.4, Spring v6.1.13
2024-10-25 15:23:39 INFO  com.toray.ojt.OjtApplication - No active profile set, falling back to 1 default profile: "default"
2024-10-25 15:23:41 DEBUG o.m.s.mapper.ClassPathMapperScanner - Identified candidate component class: file [C:\Users\sanjay.nair\Desktop\Toray\ojt\target\classes\com\toray\ojt\web\mapper\BaseAttachmentMapper.class]
2024-10-25 15:23:41 DEBUG o.m.s.mapper.ClassPathMapperScanner - Identified candidate component class: file [C:\Users\sanjay.nair\Desktop\Toray\ojt\target\classes\com\toray\ojt\web\mapper\BaseAttributeMapper.class]
2024-10-25 15:23:41 DEBUG o.m.s.mapper.ClassPathMapperScanner - Identified candidate component class: file [C:\Users\sanjay.nair\Desktop\Toray\ojt\target\classes\com\toray\ojt\web\mapper\BaseInfoMapper.class]
2024-10-25 15:23:41 DEBUG o.m.s.mapper.ClassPathMapperScanner - Identified candidate component class: file [C:\Users\sanjay.nair\Desktop\Toray\ojt\target\classes\com\toray\ojt\web\mapper\TGuideMapper.class]
2024-10-25 15:23:41 DEBUG o.m.s.mapper.ClassPathMapperScanner - Identified candidate component class: file [C:\Users\sanjay.nair\Desktop\Toray\ojt\target\classes\com\toray\ojt\web\mapper\ToDoMapper.class]
2024-10-25 15:23:41 DEBUG o.m.s.mapper.ClassPathMapperScanner - Identified candidate component class: file [C:\Users\sanjay.nair\Desktop\Toray\ojt\target\classes\com\toray\ojt\web\mapper\UserDetailsMapper.class]
2024-10-25 15:23:41 DEBUG o.m.s.mapper.ClassPathMapperScanner - Identified candidate component class: file [C:\Users\sanjay.nair\Desktop\Toray\ojt\target\classes\com\toray\ojt\web\mapper\UserMapper.class]
2024-10-25 15:23:41 DEBUG o.m.s.mapper.ClassPathMapperScanner - Creating MapperFactoryBean with name 'baseAttachmentMapper' and 'com.toray.ojt.web.mapper.BaseAttachmentMapper' mapperInterface
2024-10-25 15:23:41 DEBUG o.m.s.mapper.ClassPathMapperScanner - Enabling autowire by type for MapperFactoryBean with name 'baseAttachmentMapper'.
2024-10-25 15:23:41 DEBUG o.m.s.mapper.ClassPathMapperScanner - Creating MapperFactoryBean with name 'baseAttributeMapper' and 'com.toray.ojt.web.mapper.BaseAttributeMapper' mapperInterface
2024-10-25 15:23:41 DEBUG o.m.s.mapper.ClassPathMapperScanner - Enabling autowire by type for MapperFactoryBean with name 'baseAttributeMapper'.
2024-10-25 15:23:41 DEBUG o.m.s.mapper.ClassPathMapperScanner - Creating MapperFactoryBean with name 'baseInfoMapper' and 'com.toray.ojt.web.mapper.BaseInfoMapper' mapperInterface
2024-10-25 15:23:41 DEBUG o.m.s.mapper.ClassPathMapperScanner - Enabling autowire by type for MapperFactoryBean with name 'baseInfoMapper'.
2024-10-25 15:23:41 DEBUG o.m.s.mapper.ClassPathMapperScanner - Creating MapperFactoryBean with name 'TGuideMapper' and 'com.toray.ojt.web.mapper.TGuideMapper' mapperInterface
2024-10-25 15:23:41 DEBUG o.m.s.mapper.ClassPathMapperScanner - Enabling autowire by type for MapperFactoryBean with name 'TGuideMapper'.
2024-10-25 15:23:41 DEBUG o.m.s.mapper.ClassPathMapperScanner - Creating MapperFactoryBean with name 'toDoMapper' and 'com.toray.ojt.web.mapper.ToDoMapper' mapperInterface
2024-10-25 15:23:41 DEBUG o.m.s.mapper.ClassPathMapperScanner - Enabling autowire by type for MapperFactoryBean with name 'toDoMapper'.
2024-10-25 15:23:41 DEBUG o.m.s.mapper.ClassPathMapperScanner - Creating MapperFactoryBean with name 'userDetailsMapper' and 'com.toray.ojt.web.mapper.UserDetailsMapper' mapperInterface
2024-10-25 15:23:41 DEBUG o.m.s.mapper.ClassPathMapperScanner - Enabling autowire by type for MapperFactoryBean with name 'userDetailsMapper'.
2024-10-25 15:23:41 DEBUG o.m.s.mapper.ClassPathMapperScanner - Creating MapperFactoryBean with name 'userMapper' and 'com.toray.ojt.web.mapper.UserMapper' mapperInterface
2024-10-25 15:23:41 DEBUG o.m.s.mapper.ClassPathMapperScanner - Enabling autowire by type for MapperFactoryBean with name 'userMapper'.
2024-10-25 15:23:42 INFO  o.s.b.w.e.tomcat.TomcatWebServer - Tomcat initialized with port 8080 (http)
2024-10-25 15:23:42 INFO  o.a.coyote.http11.Http11NioProtocol - Initializing ProtocolHandler ["http-nio-8080"]
2024-10-25 15:23:42 INFO  o.a.catalina.core.StandardService - Starting service [Tomcat]
2024-10-25 15:23:42 INFO  o.a.catalina.core.StandardEngine - Starting Servlet engine: [Apache Tomcat/10.1.30]
2024-10-25 15:23:42 INFO  o.a.c.c.C.[Tomcat].[localhost].[/] - Initializing Spring embedded WebApplicationContext
2024-10-25 15:23:42 INFO  o.s.b.w.s.c.ServletWebServerApplicationContext - Root WebApplicationContext: initialization completed in 2955 ms
2024-10-25 15:23:42 DEBUG o.m.spring.SqlSessionFactoryBean - Property 'configuration' or 'configLocation' not specified, using default MyBatis Configuration
2024-10-25 15:23:43 DEBUG o.m.spring.SqlSessionFactoryBean - Parsed mapper file: 'file [C:\Users\sanjay.nair\Desktop\Toray\ojt\target\classes\mappers\BaseAttachmentMapper.xml]'
2024-10-25 15:23:43 DEBUG o.m.spring.SqlSessionFactoryBean - Parsed mapper file: 'file [C:\Users\sanjay.nair\Desktop\Toray\ojt\target\classes\mappers\BaseAttributeMapper.xml]'
2024-10-25 15:23:43 DEBUG o.m.spring.SqlSessionFactoryBean - Parsed mapper file: 'file [C:\Users\sanjay.nair\Desktop\Toray\ojt\target\classes\mappers\BaseInfo.xml]'
2024-10-25 15:23:43 DEBUG o.m.spring.SqlSessionFactoryBean - Parsed mapper file: 'file [C:\Users\sanjay.nair\Desktop\Toray\ojt\target\classes\mappers\BaseInfoMapper.xml]'
2024-10-25 15:23:43 DEBUG o.m.spring.SqlSessionFactoryBean - Parsed mapper file: 'file [C:\Users\sanjay.nair\Desktop\Toray\ojt\target\classes\mappers\TGuideMapper.xml]'
2024-10-25 15:23:43 DEBUG o.m.spring.SqlSessionFactoryBean - Parsed mapper file: 'file [C:\Users\sanjay.nair\Desktop\Toray\ojt\target\classes\mappers\ToDoMapper.xml]'
2024-10-25 15:23:43 DEBUG o.m.spring.SqlSessionFactoryBean - Parsed mapper file: 'file [C:\Users\sanjay.nair\Desktop\Toray\ojt\target\classes\mappers\UserDetailsMapper.xml]'
2024-10-25 15:23:43 DEBUG o.m.spring.SqlSessionFactoryBean - Parsed mapper file: 'file [C:\Users\sanjay.nair\Desktop\Toray\ojt\target\classes\mappers\UserMapper.xml]'
2024-10-25 15:23:43 DEBUG o.f.c.i.s.classpath.ClassPathScanner - Scanning for classpath resources at 'classpath:db/callback' ...
2024-10-25 15:23:43 DEBUG o.f.c.i.s.classpath.ClassPathScanner - Determining location urls for classpath:db/callback using ClassLoader jdk.internal.loader.ClassLoaders$AppClassLoader@76ed5528 ...
2024-10-25 15:23:43 DEBUG o.f.c.i.s.classpath.ClassPathScanner - Unable to resolve location classpath:db/callback.
2024-10-25 15:23:43 DEBUG o.f.c.i.s.classpath.ClassPathScanner - Scanning for classpath resources at 'classpath:db/migration' ...
2024-10-25 15:23:43 DEBUG o.f.c.i.s.classpath.ClassPathScanner - Determining location urls for classpath:db/migration using ClassLoader jdk.internal.loader.ClassLoaders$AppClassLoader@76ed5528 ...
2024-10-25 15:23:43 DEBUG o.f.c.i.s.classpath.ClassPathScanner - Scanning URL: file:/C:/Users/sanjay.nair/Desktop/Toray/ojt/target/classes/db/migration
2024-10-25 15:23:43 DEBUG o.f.c.i.s.c.FileSystemClassPathLocationScanner - Scanning starting at classpath root in filesystem: C:\Users\sanjay.nair\Desktop\Toray\ojt\target\classes\
2024-10-25 15:23:43 DEBUG o.f.c.i.s.c.FileSystemClassPathLocationScanner - Scanning for resources in path: C:\Users\sanjay.nair\Desktop\Toray\ojt\target\classes\db\migration (db/migration)
2024-10-25 15:23:43 DEBUG o.f.c.i.s.classpath.ClassPathScanner - Found resource: db/migration/V2__create_table_ddl_statements.sql
2024-10-25 15:23:43 DEBUG o.f.c.i.s.classpath.ClassPathScanner - Found resource: db/migration/V3__foreign_key_setup.sql
2024-10-25 15:23:43 DEBUG o.f.c.i.s.classpath.ClassPathScanner - Found resource: db/migration/V4__Initial_Insert.sql
2024-10-25 15:23:43 DEBUG o.f.c.i.s.classpath.ClassPathScanner - Found resource: db/migration/V5__Insert_M_GYOMU_IRAI.sql
2024-10-25 15:23:43 DEBUG o.f.c.i.s.classpath.ClassPathScanner - Found resource: db/migration/V8__Insert_Base_info1.sql
2024-10-25 15:23:43 DEBUG o.f.c.i.s.classpath.ClassPathScanner - Scanning for classes at classpath:db/migration
2024-10-25 15:23:43 DEBUG o.f.c.i.r.ResourceNameValidator - Validating V4__Initial_Insert.sql
2024-10-25 15:23:43 INFO  com.zaxxer.hikari.HikariDataSource - HikariPool-1 - Starting...
2024-10-25 15:23:44 INFO  com.zaxxer.hikari.pool.HikariPool - HikariPool-1 - Added connection oracle.jdbc.driver.T4CConnection@5fdd97c1
2024-10-25 15:23:44 INFO  com.zaxxer.hikari.HikariDataSource - HikariPool-1 - Start completed.
2024-10-25 15:23:44 DEBUG o.f.c.i.r.ResourceNameValidator - Validating V8__Insert_Base_info1.sql
2024-10-25 15:23:44 DEBUG o.f.c.i.r.ResourceNameValidator - Validating V3__foreign_key_setup.sql
2024-10-25 15:23:44 DEBUG o.f.c.i.r.ResourceNameValidator - Validating V2__create_table_ddl_statements.sql
2024-10-25 15:23:44 DEBUG o.f.c.i.r.ResourceNameValidator - Validating V5__Insert_M_GYOMU_IRAI.sql
2024-10-25 15:23:44 INFO  org.flywaydb.core.FlywayExecutor - Database: jdbc:oracle:thin:@localhost:1521/test (Oracle 19.0)
2024-10-25 15:23:44 DEBUG org.flywaydb.core.FlywayExecutor - Driver: Oracle JDBC driver 19.8.0.0.0
2024-10-25 15:23:44 DEBUG org.flywaydb.core.FlywayExecutor - DDL Transactions Supported: false
2024-10-25 15:23:44 DEBUG o.f.c.i.s.SchemaHistoryFactory - Schemas: 
2024-10-25 15:23:44 DEBUG o.f.c.i.s.SchemaHistoryFactory - Default schema: null
2024-10-25 15:23:44 DEBUG o.f.c.i.c.SqlScriptCallbackFactory - Scanning for SQL callbacks ...
2024-10-25 15:23:44 DEBUG o.f.core.internal.command.DbValidate - Validating migrations ...
2024-10-25 15:23:44 DEBUG o.f.c.a.c.ClassicConfiguration - CherryPickConfigurationExtension not found
2024-10-25 15:23:44 DEBUG o.f.core.internal.scanner.Scanner - Filtering out resource: db/migration/V4__Initial_Insert.sql (filename: V4__Initial_Insert.sql)
2024-10-25 15:23:44 DEBUG o.f.core.internal.scanner.Scanner - Filtering out resource: db/migration/V8__Insert_Base_info1.sql (filename: V8__Insert_Base_info1.sql)
2024-10-25 15:23:44 DEBUG o.f.core.internal.scanner.Scanner - Filtering out resource: db/migration/V3__foreign_key_setup.sql (filename: V3__foreign_key_setup.sql)
2024-10-25 15:23:44 DEBUG o.f.core.internal.scanner.Scanner - Filtering out resource: db/migration/V2__create_table_ddl_statements.sql (filename: V2__create_table_ddl_statements.sql)
2024-10-25 15:23:44 DEBUG o.f.core.internal.scanner.Scanner - Filtering out resource: db/migration/V5__Insert_M_GYOMU_IRAI.sql (filename: V5__Insert_M_GYOMU_IRAI.sql)
2024-10-25 15:23:44 DEBUG o.f.core.internal.scanner.Scanner - Filtering out resource: db/migration/V4__Initial_Insert.sql (filename: V4__Initial_Insert.sql)
2024-10-25 15:23:44 DEBUG o.f.core.internal.scanner.Scanner - Filtering out resource: db/migration/V8__Insert_Base_info1.sql (filename: V8__Insert_Base_info1.sql)
2024-10-25 15:23:44 DEBUG o.f.core.internal.scanner.Scanner - Filtering out resource: db/migration/V3__foreign_key_setup.sql (filename: V3__foreign_key_setup.sql)
2024-10-25 15:23:44 DEBUG o.f.core.internal.scanner.Scanner - Filtering out resource: db/migration/V2__create_table_ddl_statements.sql (filename: V2__create_table_ddl_statements.sql)
2024-10-25 15:23:44 DEBUG o.f.core.internal.scanner.Scanner - Filtering out resource: db/migration/V5__Insert_M_GYOMU_IRAI.sql (filename: V5__Insert_M_GYOMU_IRAI.sql)
2024-10-25 15:23:44 INFO  o.f.core.internal.command.DbValidate - Successfully validated 6 migrations (execution time 00:00.118s)
2024-10-25 15:23:44 DEBUG o.f.core.internal.command.DbSchemas - Skipping creation of existing schema: "SYS"
2024-10-25 15:23:44 DEBUG o.f.c.a.c.ClassicConfiguration - CherryPickConfigurationExtension not found
2024-10-25 15:23:44 INFO  o.f.core.internal.command.DbMigrate - Current version of schema "SYS": 8
2024-10-25 15:23:44 INFO  o.f.core.internal.command.DbMigrate - Schema "SYS" is up to date. No migration necessary.
2024-10-25 15:23:44 DEBUG org.flywaydb.core.FlywayExecutor - Memory usage: 35 of 48M
2024-10-25 15:23:45 INFO  o.s.s.c.a.a.c.InitializeUserDetailsBeanManagerConfigurer$InitializeUserDetailsManagerConfigurer - Global AuthenticationManager configured with UserDetailsService bean with name customUserDetailsService
2024-10-25 15:23:48 DEBUG o.s.s.web.DefaultSecurityFilterChain - Will secure any request with filters: DisableEncodeUrlFilter, WebAsyncManagerIntegrationFilter, SecurityContextHolderFilter, HeaderWriterFilter, CsrfFilter, LogoutFilter, UsernamePasswordAuthenticationFilter, RequestCacheAwareFilter, SecurityContextHolderAwareRequestFilter, AnonymousAuthenticationFilter, ExceptionTranslationFilter, AuthorizationFilter
2024-10-25 15:23:51 INFO  o.a.coyote.http11.Http11NioProtocol - Starting ProtocolHandler ["http-nio-8080"]
2024-10-25 15:23:51 INFO  o.s.b.w.e.tomcat.TomcatWebServer - Tomcat started on port 8080 (http) with context path '/'
2024-10-25 15:23:51 INFO  com.toray.ojt.OjtApplication - Started OjtApplication in 13.76 seconds (process running for 14.869)
2024-10-25 15:23:55 INFO  o.a.c.c.C.[Tomcat].[localhost].[/] - Initializing Spring DispatcherServlet 'dispatcherServlet'
2024-10-25 15:23:55 INFO  o.s.web.servlet.DispatcherServlet - Initializing Servlet 'dispatcherServlet'
2024-10-25 15:23:55 INFO  o.s.web.servlet.DispatcherServlet - Completed initialization in 2 ms
2024-10-25 15:23:55 DEBUG o.s.security.web.FilterChainProxy - Securing GET /Test
2024-10-25 15:23:55 DEBUG o.s.s.w.a.AnonymousAuthenticationFilter - Set SecurityContextHolder to anonymous SecurityContext
2024-10-25 15:23:55 DEBUG o.s.s.w.s.HttpSessionRequestCache - Saved request http://localhost:8080/Test?continue to session
2024-10-25 15:23:55 DEBUG o.s.s.web.DefaultRedirectStrategy - Redirecting to http://localhost:8080/
2024-10-25 15:23:55 DEBUG o.s.security.web.FilterChainProxy - Securing GET /
2024-10-25 15:23:55 DEBUG o.s.security.web.FilterChainProxy - Secured GET /
2024-10-25 15:23:56 DEBUG o.s.s.w.a.AnonymousAuthenticationFilter - Set SecurityContextHolder to anonymous SecurityContext
2024-10-25 15:23:56 DEBUG o.s.security.web.FilterChainProxy - Securing GET /css/login.css
2024-10-25 15:23:56 DEBUG o.s.security.web.FilterChainProxy - Securing GET /images/GIPS_logo.jpg
2024-10-25 15:23:56 DEBUG o.s.security.web.FilterChainProxy - Secured GET /css/login.css
2024-10-25 15:23:56 DEBUG o.s.security.web.FilterChainProxy - Secured GET /images/GIPS_logo.jpg
2024-10-25 15:23:56 DEBUG o.s.s.w.a.AnonymousAuthenticationFilter - Set SecurityContextHolder to anonymous SecurityContext
2024-10-25 15:23:56 DEBUG o.s.s.w.a.AnonymousAuthenticationFilter - Set SecurityContextHolder to anonymous SecurityContext
2024-10-25 15:23:57 DEBUG o.s.security.web.FilterChainProxy - Securing GET /favicon.ico
2024-10-25 15:23:57 DEBUG o.s.s.w.a.AnonymousAuthenticationFilter - Set SecurityContextHolder to anonymous SecurityContext
2024-10-25 15:23:57 DEBUG o.s.s.web.DefaultRedirectStrategy - Redirecting to http://localhost:8080/
2024-10-25 15:23:57 DEBUG o.s.security.web.FilterChainProxy - Securing GET /
2024-10-25 15:23:57 DEBUG o.s.security.web.FilterChainProxy - Secured GET /
2024-10-25 15:23:57 DEBUG o.s.s.w.a.AnonymousAuthenticationFilter - Set SecurityContextHolder to anonymous SecurityContext
2024-10-25 15:23:57 DEBUG o.s.security.web.FilterChainProxy - Securing POST /login
2024-10-25 15:23:58 DEBUG c.t.o.w.s.i.CustomUserDetailsService - Parameter username: A12345
2024-10-25 15:23:58 DEBUG org.mybatis.spring.SqlSessionUtils - Creating a new SqlSession
2024-10-25 15:23:58 DEBUG org.mybatis.spring.SqlSessionUtils - SqlSession [org.apache.ibatis.session.defaults.DefaultSqlSession@2ac85bc] was not registered for synchronization because synchronization is not active
2024-10-25 15:23:58 DEBUG o.m.s.t.SpringManagedTransaction - JDBC Connection [HikariProxyConnection@2066169601 wrapping oracle.jdbc.driver.T4CConnection@5fdd97c1] will not be managed by Spring
2024-10-25 15:23:58 DEBUG c.t.o.w.m.UserMapper.findByAccountId - ==>  Preparing: SELECT * FROM BASE_PARTY_ACCOUNT WHERE ACCOUNT_ID = ?
2024-10-25 15:23:58 DEBUG c.t.o.w.m.UserMapper.findByAccountId - ==> Parameters: A12345(String)
2024-10-25 15:23:58 DEBUG c.t.o.w.m.UserMapper.findByAccountId - <==      Total: 1
2024-10-25 15:23:58 DEBUG org.mybatis.spring.SqlSessionUtils - Closing non transactional SqlSession [org.apache.ibatis.session.defaults.DefaultSqlSession@2ac85bc]
2024-10-25 15:23:58 DEBUG c.t.o.w.s.i.CustomUserDetailsService - User Object: com.toray.ojt.web.entity.User@587e96ab
2024-10-25 15:23:58 DEBUG c.t.o.w.s.i.CustomUserDetailsService - isExpired: 1
2024-10-25 15:23:58 DEBUG org.mybatis.spring.SqlSessionUtils - Creating a new SqlSession
2024-10-25 15:23:58 DEBUG org.mybatis.spring.SqlSessionUtils - SqlSession [org.apache.ibatis.session.defaults.DefaultSqlSession@4d92e669] was not registered for synchronization because synchronization is not active
2024-10-25 15:23:58 DEBUG o.m.s.t.SpringManagedTransaction - JDBC Connection [HikariProxyConnection@801803826 wrapping oracle.jdbc.driver.T4CConnection@5fdd97c1] will not be managed by Spring
2024-10-25 15:23:58 DEBUG c.t.o.w.m.B.findAtrributeNameByPartyId - ==>  Preparing: SELECT ATTRIBUTE_NAME FROM BASE_PARTY_ATTRIBUTE WHERE PARTY_ID = ?
2024-10-25 15:23:58 DEBUG c.t.o.w.m.B.findAtrributeNameByPartyId - ==> Parameters: P12345(String)
2024-10-25 15:23:58 DEBUG c.t.o.w.m.B.findAtrributeNameByPartyId - <==      Total: 1
2024-10-25 15:23:58 DEBUG org.mybatis.spring.SqlSessionUtils - Closing non transactional SqlSession [org.apache.ibatis.session.defaults.DefaultSqlSession@4d92e669]
2024-10-25 15:23:58 DEBUG c.t.o.w.s.i.CustomUserDetailsService - User role: base_admin
2024-10-25 15:23:58 DEBUG org.mybatis.spring.SqlSessionUtils - Creating a new SqlSession
2024-10-25 15:23:58 DEBUG org.mybatis.spring.SqlSessionUtils - SqlSession [org.apache.ibatis.session.defaults.DefaultSqlSession@34eac011] was not registered for synchronization because synchronization is not active
2024-10-25 15:23:58 DEBUG o.m.s.t.SpringManagedTransaction - JDBC Connection [HikariProxyConnection@69973624 wrapping oracle.jdbc.driver.T4CConnection@5fdd97c1] will not be managed by Spring
2024-10-25 15:23:58 DEBUG c.t.o.w.m.U.findUserNameByPartyId - ==>  Preparing: SELECT * FROM BASE_PARTY WHERE PARTY_ID = ?
2024-10-25 15:23:58 DEBUG c.t.o.w.m.U.findUserNameByPartyId - ==> Parameters: P12345(String)
2024-10-25 15:23:58 DEBUG c.t.o.w.m.U.findUserNameByPartyId - <==      Total: 1
2024-10-25 15:23:58 DEBUG org.mybatis.spring.SqlSessionUtils - Closing non transactional SqlSession [org.apache.ibatis.session.defaults.DefaultSqlSession@34eac011]
2024-10-25 15:23:58 DEBUG o.s.s.a.d.DaoAuthenticationProvider - Authenticated user
2024-10-25 15:23:58 DEBUG o.s.s.w.a.s.ChangeSessionIdAuthenticationStrategy - Changed session id from 0C6906BA5DD99EC3BF879DF2D9452D8E
2024-10-25 15:23:58 DEBUG o.s.s.w.c.CsrfAuthenticationStrategy - Replaced CSRF Token
2024-10-25 15:23:58 DEBUG o.s.s.w.c.HttpSessionSecurityContextRepository - Stored SecurityContextImpl [Authentication=UsernamePasswordAuthenticationToken [Principal=com.toray.ojt.web.entity.CustomUserDetails@73b67f5, Credentials=[PROTECTED], Authenticated=true, Details=WebAuthenticationDetails [RemoteIpAddress=0:0:0:0:0:0:0:1, SessionId=0C6906BA5DD99EC3BF879DF2D9452D8E], Granted Authorities=[base_admin]]] to HttpSession [org.apache.catalina.session.StandardSessionFacade@29415248]
2024-10-25 15:23:58 DEBUG o.s.s.w.a.UsernamePasswordAuthenticationFilter - Set SecurityContextHolder to UsernamePasswordAuthenticationToken [Principal=com.toray.ojt.web.entity.CustomUserDetails@73b67f5, Credentials=[PROTECTED], Authenticated=true, Details=WebAuthenticationDetails [RemoteIpAddress=0:0:0:0:0:0:0:1, SessionId=0C6906BA5DD99EC3BF879DF2D9452D8E], Granted Authorities=[base_admin]]
2024-10-25 15:23:58 DEBUG org.mybatis.spring.SqlSessionUtils - Creating a new SqlSession
2024-10-25 15:23:58 DEBUG org.mybatis.spring.SqlSessionUtils - SqlSession [org.apache.ibatis.session.defaults.DefaultSqlSession@629fb6aa] was not registered for synchronization because synchronization is not active
2024-10-25 15:23:58 DEBUG o.m.s.t.SpringManagedTransaction - JDBC Connection [HikariProxyConnection@1053258179 wrapping oracle.jdbc.driver.T4CConnection@5fdd97c1] will not be managed by Spring
2024-10-25 15:23:58 DEBUG c.t.o.w.m.UserMapper.findByAccountId - ==>  Preparing: SELECT * FROM BASE_PARTY_ACCOUNT WHERE ACCOUNT_ID = ?
2024-10-25 15:23:58 DEBUG c.t.o.w.m.UserMapper.findByAccountId - ==> Parameters: A12345(String)
2024-10-25 15:23:59 DEBUG c.t.o.w.m.UserMapper.findByAccountId - <==      Total: 1
2024-10-25 15:23:59 DEBUG org.mybatis.spring.SqlSessionUtils - Closing non transactional SqlSession [org.apache.ibatis.session.defaults.DefaultSqlSession@629fb6aa]
2024-10-25 15:23:59 DEBUG org.mybatis.spring.SqlSessionUtils - Creating a new SqlSession
2024-10-25 15:23:59 DEBUG org.mybatis.spring.SqlSessionUtils - SqlSession [org.apache.ibatis.session.defaults.DefaultSqlSession@1d37b741] was not registered for synchronization because synchronization is not active
2024-10-25 15:23:59 DEBUG o.m.s.t.SpringManagedTransaction - JDBC Connection [HikariProxyConnection@2129054159 wrapping oracle.jdbc.driver.T4CConnection@5fdd97c1] will not be managed by Spring
2024-10-25 15:23:59 DEBUG c.t.o.w.m.U.updateFailedLoginAttempt - ==>  Preparing: UPDATE BASE_PARTY_ACCOUNT SET STATE = CASE WHEN ? IS NOT NULL THEN ? ELSE STATE END, FAILED_LOGIN_ATTEMPTS = CASE WHEN ? IS NOT NULL THEN ? ELSE FAILED_LOGIN_ATTEMPTS END, UPD_TIMESTAMP = CURRENT_TIMESTAMP -- Update timestamp for when the user was updated WHERE ACCOUNT_ID = ?
2024-10-25 15:23:59 DEBUG c.t.o.w.m.U.updateFailedLoginAttempt - ==> Parameters: A(String), A(String), 0(Integer), 0(Integer), A12345(String)
2024-10-25 15:23:59 DEBUG c.t.o.w.m.U.updateFailedLoginAttempt - <==    Updates: 1
2024-10-25 15:23:59 DEBUG org.mybatis.spring.SqlSessionUtils - Closing non transactional SqlSession [org.apache.ibatis.session.defaults.DefaultSqlSession@1d37b741]
2024-10-25 15:23:59 DEBUG o.s.security.web.FilterChainProxy - Securing GET /toppage
2024-10-25 15:23:59 DEBUG o.s.s.w.c.HttpSessionSecurityContextRepository - Retrieved SecurityContextImpl [Authentication=UsernamePasswordAuthenticationToken [Principal=com.toray.ojt.web.entity.CustomUserDetails@73b67f5, Credentials=[PROTECTED], Authenticated=true, Details=WebAuthenticationDetails [RemoteIpAddress=0:0:0:0:0:0:0:1, SessionId=0C6906BA5DD99EC3BF879DF2D9452D8E], Granted Authorities=[base_admin]]]
2024-10-25 15:23:59 DEBUG o.s.security.web.FilterChainProxy - Secured GET /toppage
2024-10-25 15:23:59 DEBUG org.mybatis.spring.SqlSessionUtils - Creating a new SqlSession
2024-10-25 15:23:59 DEBUG org.mybatis.spring.SqlSessionUtils - SqlSession [org.apache.ibatis.session.defaults.DefaultSqlSession@1c1b7f5b] was not registered for synchronization because synchronization is not active
2024-10-25 15:23:59 DEBUG o.m.s.t.SpringManagedTransaction - JDBC Connection [HikariProxyConnection@1494868668 wrapping oracle.jdbc.driver.T4CConnection@5fdd97c1] will not be managed by Spring
2024-10-25 15:23:59 DEBUG c.t.o.w.m.B.findBaseInfo - ==>  Preparing: SELECT TITLE AS title, BEGIN_YMD AS beginYmd, IMPORTANT_FLG AS importantFlg FROM BASE_INFO WHERE CURRENT_DATE BETWEEN BEGIN_YMD AND END_YMD ORDER BY IMPORTANT_FLG desc
2024-10-25 15:23:59 DEBUG c.t.o.w.m.B.findBaseInfo - ==> Parameters: 
2024-10-25 15:23:59 DEBUG c.t.o.w.m.B.findBaseInfo - <==      Total: 9
2024-10-25 15:23:59 DEBUG org.mybatis.spring.SqlSessionUtils - Closing non transactional SqlSession [org.apache.ibatis.session.defaults.DefaultSqlSession@1c1b7f5b]
2024-10-25 15:23:59 DEBUG org.mybatis.spring.SqlSessionUtils - Creating a new SqlSession
2024-10-25 15:23:59 DEBUG org.mybatis.spring.SqlSessionUtils - SqlSession [org.apache.ibatis.session.defaults.DefaultSqlSession@3d78406c] was not registered for synchronization because synchronization is not active
2024-10-25 15:23:59 DEBUG o.m.s.t.SpringManagedTransaction - JDBC Connection [HikariProxyConnection@1518591182 wrapping oracle.jdbc.driver.T4CConnection@5fdd97c1] will not be managed by Spring
2024-10-25 15:23:59 DEBUG c.t.o.w.m.TGuideMapper.findTGuide - ==>  Preparing: SELECT TITLE AS title, BEGIN_YMD AS beginYmd, IMPORTANT_FLG AS importantFlg FROM T_GUIDE WHERE CURRENT_DATE BETWEEN BEGIN_YMD AND END_YMD ORDER BY IMPORTANT_FLG desc
2024-10-25 15:23:59 DEBUG c.t.o.w.m.TGuideMapper.findTGuide - ==> Parameters: 
2024-10-25 15:23:59 DEBUG c.t.o.w.m.TGuideMapper.findTGuide - <==      Total: 1
2024-10-25 15:23:59 DEBUG org.mybatis.spring.SqlSessionUtils - Closing non transactional SqlSession [org.apache.ibatis.session.defaults.DefaultSqlSession@3d78406c]
2024-10-25 15:23:59 DEBUG org.mybatis.spring.SqlSessionUtils - Creating a new SqlSession
2024-10-25 15:23:59 DEBUG org.mybatis.spring.SqlSessionUtils - SqlSession [org.apache.ibatis.session.defaults.DefaultSqlSession@180d4afd] was not registered for synchronization because synchronization is not active
2024-10-25 15:23:59 DEBUG o.m.s.t.SpringManagedTransaction - JDBC Connection [HikariProxyConnection@1231157189 wrapping oracle.jdbc.driver.T4CConnection@5fdd97c1] will not be managed by Spring
2024-10-25 15:23:59 DEBUG c.t.o.w.m.T.findToDoByLocale - ==>  Preparing: SELECT T1.GYOMU_CD || '-' || T1.CYCLE_NO AS gyomuCd, T1.SHUSHU_TXT AS shushuTxt, TO_CHAR(TO_DATE(T1.SHIMEKIRI_YMD, 'YYYY-MM-DD'), 'yyyy/mm/dd') AS shimekiriYMD, T1.IRAI_STATUS AS iraiStatus, T1.SEQ_IRAI AS seqIrai, COALESCE(T2.KAITO_STATUS, 'N/A') AS kaitoStatus, COALESCE(T3.USER_KBN, 'Unknown') AS userKbn, COALESCE(T3.USERID, 'Unknown') AS userId, COALESCE(T4.PARTY_NAME_EN, 'No Party') AS partyNameEn, COALESCE(T5.CODE_VALUE1, 'No Value') AS codeValue1, (SELECT COUNT(*) FROM T_IRAI) AS requestTotal FROM T_IRAI T1 LEFT JOIN T_KAITO T2 ON T1.SEQ_IRAI = T2.SEQ_IRAI LEFT JOIN T_KAITO_USER T3 ON T2.SEQ_KAITO = T3.SEQ_KAITO LEFT JOIN BASE_PARTY T4 ON T3.USERID = T4.PARTY_ID LEFT JOIN BASE_CODE T5 ON T2.KAITO_STATUS = T5.CODE AND T5.CODE_KIND = 'KAITO_STATUS' AND T5.LOCALE = ? ORDER BY shimekiriYMD
2024-10-25 15:23:59 DEBUG c.t.o.w.m.T.findToDoByLocale - ==> Parameters: en(String)
2024-10-25 15:23:59 DEBUG c.t.o.w.m.T.findToDoByLocale - <==      Total: 1
2024-10-25 15:23:59 DEBUG org.mybatis.spring.SqlSessionUtils - Closing non transactional SqlSession [org.apache.ibatis.session.defaults.DefaultSqlSession@180d4afd]
2024-10-25 15:23:59 DEBUG org.mybatis.spring.SqlSessionUtils - Creating a new SqlSession
2024-10-25 15:23:59 DEBUG org.mybatis.spring.SqlSessionUtils - SqlSession [org.apache.ibatis.session.defaults.DefaultSqlSession@50af0ada] was not registered for synchronization because synchronization is not active
2024-10-25 15:23:59 DEBUG o.m.s.t.SpringManagedTransaction - JDBC Connection [HikariProxyConnection@551759278 wrapping oracle.jdbc.driver.T4CConnection@5fdd97c1] will not be managed by Spring
2024-10-25 15:23:59 DEBUG c.t.o.w.m.T.findToDoByLocale - ==>  Preparing: SELECT T1.GYOMU_CD || '-' || T1.CYCLE_NO AS gyomuCd, T1.SHUSHU_TXT AS shushuTxt, TO_CHAR(TO_DATE(T1.SHIMEKIRI_YMD, 'YYYY-MM-DD'), 'yyyy/mm/dd') AS shimekiriYMD, T1.IRAI_STATUS AS iraiStatus, T1.SEQ_IRAI AS seqIrai, COALESCE(T2.KAITO_STATUS, 'N/A') AS kaitoStatus, COALESCE(T3.USER_KBN, 'Unknown') AS userKbn, COALESCE(T3.USERID, 'Unknown') AS userId, COALESCE(T4.PARTY_NAME_EN, 'No Party') AS partyNameEn, COALESCE(T5.CODE_VALUE1, 'No Value') AS codeValue1, (SELECT COUNT(*) FROM T_IRAI) AS requestTotal FROM T_IRAI T1 LEFT JOIN T_KAITO T2 ON T1.SEQ_IRAI = T2.SEQ_IRAI LEFT JOIN T_KAITO_USER T3 ON T2.SEQ_KAITO = T3.SEQ_KAITO LEFT JOIN BASE_PARTY T4 ON T3.USERID = T4.PARTY_ID LEFT JOIN BASE_CODE T5 ON T2.KAITO_STATUS = T5.CODE AND T5.CODE_KIND = 'KAITO_STATUS' AND T5.LOCALE = ? ORDER BY shimekiriYMD
2024-10-25 15:23:59 DEBUG c.t.o.w.m.T.findToDoByLocale - ==> Parameters: en(String)
2024-10-25 15:23:59 DEBUG c.t.o.w.m.T.findToDoByLocale - <==      Total: 1
2024-10-25 15:23:59 DEBUG org.mybatis.spring.SqlSessionUtils - Closing non transactional SqlSession [org.apache.ibatis.session.defaults.DefaultSqlSession@50af0ada]
2024-10-25 15:23:59 DEBUG o.s.security.web.FilterChainProxy - Securing GET /images/Toray.png
2024-10-25 15:23:59 DEBUG o.s.security.web.FilterChainProxy - Securing GET /css/top.css
2024-10-25 15:23:59 DEBUG o.s.security.web.FilterChainProxy - Secured GET /images/Toray.png
2024-10-25 15:23:59 DEBUG o.s.security.web.FilterChainProxy - Securing GET /images/gips.jpg
2024-10-25 15:23:59 DEBUG o.s.security.web.FilterChainProxy - Secured GET /css/top.css
2024-10-25 15:23:59 DEBUG o.s.security.web.FilterChainProxy - Secured GET /images/gips.jpg
2024-10-25 15:23:59 DEBUG o.s.s.w.c.HttpSessionSecurityContextRepository - Retrieved SecurityContextImpl [Authentication=UsernamePasswordAuthenticationToken [Principal=com.toray.ojt.web.entity.CustomUserDetails@73b67f5, Credentials=[PROTECTED], Authenticated=true, Details=WebAuthenticationDetails [RemoteIpAddress=0:0:0:0:0:0:0:1, SessionId=0C6906BA5DD99EC3BF879DF2D9452D8E], Granted Authorities=[base_admin]]]
2024-10-25 15:23:59 DEBUG o.s.s.w.c.HttpSessionSecurityContextRepository - Retrieved SecurityContextImpl [Authentication=UsernamePasswordAuthenticationToken [Principal=com.toray.ojt.web.entity.CustomUserDetails@73b67f5, Credentials=[PROTECTED], Authenticated=true, Details=WebAuthenticationDetails [RemoteIpAddress=0:0:0:0:0:0:0:1, SessionId=0C6906BA5DD99EC3BF879DF2D9452D8E], Granted Authorities=[base_admin]]]
2024-10-25 15:23:59 DEBUG o.s.security.web.FilterChainProxy - Securing GET /images/important.png
2024-10-25 15:23:59 DEBUG o.s.security.web.FilterChainProxy - Secured GET /images/important.png
2024-10-25 15:23:59 DEBUG o.s.s.w.c.HttpSessionSecurityContextRepository - Retrieved SecurityContextImpl [Authentication=UsernamePasswordAuthenticationToken [Principal=com.toray.ojt.web.entity.CustomUserDetails@73b67f5, Credentials=[PROTECTED], Authenticated=true, Details=WebAuthenticationDetails [RemoteIpAddress=0:0:0:0:0:0:0:1, SessionId=0C6906BA5DD99EC3BF879DF2D9452D8E], Granted Authorities=[base_admin]]]
2024-10-25 15:23:59 DEBUG o.s.s.w.c.HttpSessionSecurityContextRepository - Retrieved SecurityContextImpl [Authentication=UsernamePasswordAuthenticationToken [Principal=com.toray.ojt.web.entity.CustomUserDetails@73b67f5, Credentials=[PROTECTED], Authenticated=true, Details=WebAuthenticationDetails [RemoteIpAddress=0:0:0:0:0:0:0:1, SessionId=0C6906BA5DD99EC3BF879DF2D9452D8E], Granted Authorities=[base_admin]]]
2024-10-25 15:23:59 DEBUG o.s.security.web.FilterChainProxy - Securing GET /favicon.ico
2024-10-25 15:23:59 DEBUG o.s.s.w.c.HttpSessionSecurityContextRepository - Retrieved SecurityContextImpl [Authentication=UsernamePasswordAuthenticationToken [Principal=com.toray.ojt.web.entity.CustomUserDetails@73b67f5, Credentials=[PROTECTED], Authenticated=true, Details=WebAuthenticationDetails [RemoteIpAddress=0:0:0:0:0:0:0:1, SessionId=0C6906BA5DD99EC3BF879DF2D9452D8E], Granted Authorities=[base_admin]]]
2024-10-25 15:23:59 DEBUG o.s.security.web.FilterChainProxy - Secured GET /favicon.ico
2024-10-25 15:23:59 WARN  o.s.w.s.m.s.DefaultHandlerExceptionResolver - Resolved [org.springframework.web.HttpRequestMethodNotSupportedException: Request method 'GET' is not supported]
2024-10-25 15:24:00 DEBUG o.s.security.web.FilterChainProxy - Securing GET /error
2024-10-25 15:24:00 DEBUG o.s.s.w.c.HttpSessionSecurityContextRepository - Retrieved SecurityContextImpl [Authentication=UsernamePasswordAuthenticationToken [Principal=com.toray.ojt.web.entity.CustomUserDetails@73b67f5, Credentials=[PROTECTED], Authenticated=true, Details=WebAuthenticationDetails [RemoteIpAddress=0:0:0:0:0:0:0:1, SessionId=0C6906BA5DD99EC3BF879DF2D9452D8E], Granted Authorities=[base_admin]]]
2024-10-25 15:24:00 DEBUG o.s.security.web.FilterChainProxy - Secured GET /error
2024-10-25 15:24:03 DEBUG o.s.security.web.FilterChainProxy - Securing GET /Test
2024-10-25 15:24:03 DEBUG o.s.s.w.c.HttpSessionSecurityContextRepository - Retrieved SecurityContextImpl [Authentication=UsernamePasswordAuthenticationToken [Principal=com.toray.ojt.web.entity.CustomUserDetails@73b67f5, Credentials=[PROTECTED], Authenticated=true, Details=WebAuthenticationDetails [RemoteIpAddress=0:0:0:0:0:0:0:1, SessionId=0C6906BA5DD99EC3BF879DF2D9452D8E], Granted Authorities=[base_admin]]]
2024-10-25 15:24:03 DEBUG o.s.security.web.FilterChainProxy - Secured GET /Test
2024-10-25 15:24:03 ERROR org.thymeleaf.TemplateEngine - [THYMELEAF][http-nio-8080-exec-4] Exception processing template "layout/Test": Exception evaluating SpringEL expression: "#numbers.sum(numbers)" (template: "layout/Test" - line 37, col 11)
org.thymeleaf.exceptions.TemplateProcessingException: Exception evaluating SpringEL expression: "#numbers.sum(numbers)" (template: "layout/Test" - line 37, col 11)
	at org.thymeleaf.spring6.expression.SPELVariableExpressionEvaluator.evaluate(SPELVariableExpressionEvaluator.java:292)
	at org.thymeleaf.standard.expression.VariableExpression.executeVariableExpression(VariableExpression.java:166)
	at org.thymeleaf.standard.expression.SimpleExpression.executeSimple(SimpleExpression.java:66)
	at org.thymeleaf.standard.expression.Expression.execute(Expression.java:109)
	at org.thymeleaf.standard.expression.Expression.execute(Expression.java:138)
	at org.thymeleaf.standard.processor.AbstractStandardExpressionAttributeTagProcessor.doProcess(AbstractStandardExpressionAttributeTagProcessor.java:144)
	at org.thymeleaf.processor.element.AbstractAttributeTagProcessor.doProcess(AbstractAttributeTagProcessor.java:74)
	at org.thymeleaf.processor.element.AbstractElementTagProcessor.process(AbstractElementTagProcessor.java:95)
	at org.thymeleaf.util.ProcessorConfigurationUtils$ElementTagProcessorWrapper.process(ProcessorConfigurationUtils.java:633)
	at org.thymeleaf.engine.ProcessorTemplateHandler.handleOpenElement(ProcessorTemplateHandler.java:1314)
	at org.thymeleaf.engine.OpenElementTag.beHandled(OpenElementTag.java:205)
	at org.thymeleaf.engine.TemplateModel.process(TemplateModel.java:136)
	at org.thymeleaf.engine.TemplateManager.parseAndProcess(TemplateManager.java:661)
	at org.thymeleaf.TemplateEngine.process(TemplateEngine.java:1103)
	at org.thymeleaf.TemplateEngine.process(TemplateEngine.java:1077)
	at org.thymeleaf.spring6.view.ThymeleafView.renderFragment(ThymeleafView.java:372)
	at org.thymeleaf.spring6.view.ThymeleafView.render(ThymeleafView.java:192)
	at org.springframework.web.servlet.DispatcherServlet.render(DispatcherServlet.java:1432)
	at org.springframework.web.servlet.DispatcherServlet.processDispatchResult(DispatcherServlet.java:1168)
	at org.springframework.web.servlet.DispatcherServlet.doDispatch(DispatcherServlet.java:1106)
	at org.springframework.web.servlet.DispatcherServlet.doService(DispatcherServlet.java:979)
	at org.springframework.web.servlet.FrameworkServlet.processRequest(FrameworkServlet.java:1014)
	at org.springframework.web.servlet.FrameworkServlet.doGet(FrameworkServlet.java:903)
	at jakarta.servlet.http.HttpServlet.service(HttpServlet.java:564)
	at org.springframework.web.servlet.FrameworkServlet.service(FrameworkServlet.java:885)
	at jakarta.servlet.http.HttpServlet.service(HttpServlet.java:658)
	at org.apache.catalina.core.ApplicationFilterChain.internalDoFilter(ApplicationFilterChain.java:195)
	at org.apache.catalina.core.ApplicationFilterChain.doFilter(ApplicationFilterChain.java:140)
	at org.apache.tomcat.websocket.server.WsFilter.doFilter(WsFilter.java:51)
	at org.apache.catalina.core.ApplicationFilterChain.internalDoFilter(ApplicationFilterChain.java:164)
	at org.apache.catalina.core.ApplicationFilterChain.doFilter(ApplicationFilterChain.java:140)
	at org.springframework.web.filter.HiddenHttpMethodFilter.doFilterInternal(HiddenHttpMethodFilter.java:91)
	at org.springframework.web.filter.OncePerRequestFilter.doFilter(OncePerRequestFilter.java:116)
	at org.apache.catalina.core.ApplicationFilterChain.internalDoFilter(ApplicationFilterChain.java:164)
	at org.apache.catalina.core.ApplicationFilterChain.doFilter(ApplicationFilterChain.java:140)
	at org.springframework.web.filter.CompositeFilter$VirtualFilterChain.doFilter(CompositeFilter.java:108)
	at org.springframework.security.web.FilterChainProxy.lambda$doFilterInternal$3(FilterChainProxy.java:231)
	at org.springframework.security.web.FilterChainProxy$VirtualFilterChain.doFilter(FilterChainProxy.java:365)
	at org.springframework.security.web.access.intercept.AuthorizationFilter.doFilter(AuthorizationFilter.java:100)
	at org.springframework.security.web.FilterChainProxy$VirtualFilterChain.doFilter(FilterChainProxy.java:374)
	at org.springframework.security.web.access.ExceptionTranslationFilter.doFilter(ExceptionTranslationFilter.java:126)
	at org.springframework.security.web.access.ExceptionTranslationFilter.doFilter(ExceptionTranslationFilter.java:120)
	at org.springframework.security.web.FilterChainProxy$VirtualFilterChain.doFilter(FilterChainProxy.java:374)
	at org.springframework.security.web.authentication.AnonymousAuthenticationFilter.doFilter(AnonymousAuthenticationFilter.java:100)
	at org.springframework.security.web.FilterChainProxy$VirtualFilterChain.doFilter(FilterChainProxy.java:374)
	at org.springframework.security.web.servletapi.SecurityContextHolderAwareRequestFilter.doFilter(SecurityContextHolderAwareRequestFilter.java:179)
	at org.springframework.security.web.FilterChainProxy$VirtualFilterChain.doFilter(FilterChainProxy.java:374)
	at org.springframework.security.web.savedrequest.RequestCacheAwareFilter.doFilter(RequestCacheAwareFilter.java:63)
	at org.springframework.security.web.FilterChainProxy$VirtualFilterChain.doFilter(FilterChainProxy.java:374)
	at org.springframework.security.web.authentication.AbstractAuthenticationProcessingFilter.doFilter(AbstractAuthenticationProcessingFilter.java:227)
	at org.springframework.security.web.authentication.AbstractAuthenticationProcessingFilter.doFilter(AbstractAuthenticationProcessingFilter.java:221)
	at org.springframework.security.web.FilterChainProxy$VirtualFilterChain.doFilter(FilterChainProxy.java:374)
	at org.springframework.security.web.authentication.logout.LogoutFilter.doFilter(LogoutFilter.java:107)
	at org.springframework.security.web.authentication.logout.LogoutFilter.doFilter(LogoutFilter.java:93)
	at org.springframework.security.web.FilterChainProxy$VirtualFilterChain.doFilter(FilterChainProxy.java:374)
	at org.springframework.security.web.csrf.CsrfFilter.doFilterInternal(CsrfFilter.java:117)
	at org.springframework.web.filter.OncePerRequestFilter.doFilter(OncePerRequestFilter.java:116)
	at org.springframework.security.web.FilterChainProxy$VirtualFilterChain.doFilter(FilterChainProxy.java:374)
	at org.springframework.security.web.header.HeaderWriterFilter.doHeadersAfter(HeaderWriterFilter.java:90)
	at org.springframework.security.web.header.HeaderWriterFilter.doFilterInternal(HeaderWriterFilter.java:75)
	at org.springframework.web.filter.OncePerRequestFilter.doFilter(OncePerRequestFilter.java:116)
	at org.springframework.security.web.FilterChainProxy$VirtualFilterChain.doFilter(FilterChainProxy.java:374)
	at org.springframework.security.web.context.SecurityContextHolderFilter.doFilter(SecurityContextHolderFilter.java:82)
	at org.springframework.security.web.context.SecurityContextHolderFilter.doFilter(SecurityContextHolderFilter.java:69)
	at org.springframework.security.web.FilterChainProxy$VirtualFilterChain.doFilter(FilterChainProxy.java:374)
	at org.springframework.security.web.context.request.async.WebAsyncManagerIntegrationFilter.doFilterInternal(WebAsyncManagerIntegrationFilter.java:62)
	at org.springframework.web.filter.OncePerRequestFilter.doFilter(OncePerRequestFilter.java:116)
	at org.springframework.security.web.FilterChainProxy$VirtualFilterChain.doFilter(FilterChainProxy.java:374)
	at org.springframework.security.web.session.DisableEncodeUrlFilter.doFilterInternal(DisableEncodeUrlFilter.java:42)
	at org.springframework.web.filter.OncePerRequestFilter.doFilter(OncePerRequestFilter.java:116)
	at org.springframework.security.web.FilterChainProxy$VirtualFilterChain.doFilter(FilterChainProxy.java:374)
	at org.springframework.security.web.FilterChainProxy.doFilterInternal(FilterChainProxy.java:233)
	at org.springframework.security.web.FilterChainProxy.doFilter(FilterChainProxy.java:191)
	at org.springframework.web.filter.CompositeFilter$VirtualFilterChain.doFilter(CompositeFilter.java:113)
	at org.springframework.web.servlet.handler.HandlerMappingIntrospector.lambda$createCacheFilter$3(HandlerMappingIntrospector.java:195)
	at org.springframework.web.filter.CompositeFilter$VirtualFilterChain.doFilter(CompositeFilter.java:113)
	at org.springframework.web.filter.CompositeFilter.doFilter(CompositeFilter.java:74)
	at org.springframework.security.config.annotation.web.configuration.WebMvcSecurityConfiguration$CompositeFilterChainProxy.doFilter(WebMvcSecurityConfiguration.java:230)
	at org.springframework.web.filter.DelegatingFilterProxy.invokeDelegate(DelegatingFilterProxy.java:352)
	at org.springframework.web.filter.DelegatingFilterProxy.doFilter(DelegatingFilterProxy.java:268)
	at org.apache.catalina.core.ApplicationFilterChain.internalDoFilter(ApplicationFilterChain.java:164)
	at org.apache.catalina.core.ApplicationFilterChain.doFilter(ApplicationFilterChain.java:140)
	at org.springframework.web.filter.RequestContextFilter.doFilterInternal(RequestContextFilter.java:100)
	at org.springframework.web.filter.OncePerRequestFilter.doFilter(OncePerRequestFilter.java:116)
	at org.apache.catalina.core.ApplicationFilterChain.internalDoFilter(ApplicationFilterChain.java:164)
	at org.apache.catalina.core.ApplicationFilterChain.doFilter(ApplicationFilterChain.java:140)
	at org.springframework.web.filter.FormContentFilter.doFilterInternal(FormContentFilter.java:93)
	at org.springframework.web.filter.OncePerRequestFilter.doFilter(OncePerRequestFilter.java:116)
	at org.apache.catalina.core.ApplicationFilterChain.internalDoFilter(ApplicationFilterChain.java:164)
	at org.apache.catalina.core.ApplicationFilterChain.doFilter(ApplicationFilterChain.java:140)
	at org.springframework.web.filter.CharacterEncodingFilter.doFilterInternal(CharacterEncodingFilter.java:201)
	at org.springframework.web.filter.OncePerRequestFilter.doFilter(OncePerRequestFilter.java:116)
	at org.apache.catalina.core.ApplicationFilterChain.internalDoFilter(ApplicationFilterChain.java:164)
	at org.apache.catalina.core.ApplicationFilterChain.doFilter(ApplicationFilterChain.java:140)
	at org.apache.catalina.core.StandardWrapperValve.invoke(StandardWrapperValve.java:167)
	at org.apache.catalina.core.StandardContextValve.invoke(StandardContextValve.java:90)
	at org.apache.catalina.authenticator.AuthenticatorBase.invoke(AuthenticatorBase.java:483)
	at org.apache.catalina.core.StandardHostValve.invoke(StandardHostValve.java:115)
	at org.apache.catalina.valves.ErrorReportValve.invoke(ErrorReportValve.java:93)
	at org.apache.catalina.core.StandardEngineValve.invoke(StandardEngineValve.java:74)
	at org.apache.catalina.connector.CoyoteAdapter.service(CoyoteAdapter.java:344)
	at org.apache.coyote.http11.Http11Processor.service(Http11Processor.java:384)
	at org.apache.coyote.AbstractProcessorLight.process(AbstractProcessorLight.java:63)
	at org.apache.coyote.AbstractProtocol$ConnectionHandler.process(AbstractProtocol.java:905)
	at org.apache.tomcat.util.net.NioEndpoint$SocketProcessor.doRun(NioEndpoint.java:1741)
	at org.apache.tomcat.util.net.SocketProcessorBase.run(SocketProcessorBase.java:52)
	at org.apache.tomcat.util.threads.ThreadPoolExecutor.runWorker(ThreadPoolExecutor.java:1190)
	at org.apache.tomcat.util.threads.ThreadPoolExecutor$Worker.run(ThreadPoolExecutor.java:659)
	at org.apache.tomcat.util.threads.TaskThread$WrappingRunnable.run(TaskThread.java:63)
	at java.base/java.lang.Thread.run(Thread.java:1583)
Caused by: org.springframework.expression.spel.SpelEvaluationException: EL1004E: Method call: Method sum(java.lang.Integer[]) cannot be found on type org.thymeleaf.expression.Numbers
	at org.springframework.expression.spel.ast.MethodReference.findAccessorForMethod(MethodReference.java:238)
	at org.springframework.expression.spel.ast.MethodReference.getValueInternal(MethodReference.java:148)
	at org.springframework.expression.spel.ast.MethodReference$MethodValueRef.getValue(MethodReference.java:401)
	at org.springframework.expression.spel.ast.CompoundExpression.getValueInternal(CompoundExpression.java:97)
	at org.springframework.expression.spel.ast.SpelNodeImpl.getValue(SpelNodeImpl.java:114)
	at org.springframework.expression.spel.standard.SpelExpression.getValue(SpelExpression.java:338)
	at org.thymeleaf.spring6.expression.SPELVariableExpressionEvaluator.evaluate(SPELVariableExpressionEvaluator.java:265)
	... 109 common frames omitted
2024-10-25 15:24:03 ERROR o.a.c.c.C.[.[.[.[dispatcherServlet] - Servlet.service() for servlet [dispatcherServlet] in context with path [] threw exception [Request processing failed: org.thymeleaf.exceptions.TemplateProcessingException: Exception evaluating SpringEL expression: "#numbers.sum(numbers)" (template: "layout/Test" - line 37, col 11)] with root cause
org.springframework.expression.spel.SpelEvaluationException: EL1004E: Method call: Method sum(java.lang.Integer[]) cannot be found on type org.thymeleaf.expression.Numbers
	at org.springframework.expression.spel.ast.MethodReference.findAccessorForMethod(MethodReference.java:238)
	at org.springframework.expression.spel.ast.MethodReference.getValueInternal(MethodReference.java:148)
	at org.springframework.expression.spel.ast.MethodReference$MethodValueRef.getValue(MethodReference.java:401)
	at org.springframework.expression.spel.ast.CompoundExpression.getValueInternal(CompoundExpression.java:97)
	at org.springframework.expression.spel.ast.SpelNodeImpl.getValue(SpelNodeImpl.java:114)
	at org.springframework.expression.spel.standard.SpelExpression.getValue(SpelExpression.java:338)
	at org.thymeleaf.spring6.expression.SPELVariableExpressionEvaluator.evaluate(SPELVariableExpressionEvaluator.java:265)
	at org.thymeleaf.standard.expression.VariableExpression.executeVariableExpression(VariableExpression.java:166)
	at org.thymeleaf.standard.expression.SimpleExpression.executeSimple(SimpleExpression.java:66)
	at org.thymeleaf.standard.expression.Expression.execute(Expression.java:109)
	at org.thymeleaf.standard.expression.Expression.execute(Expression.java:138)
	at org.thymeleaf.standard.processor.AbstractStandardExpressionAttributeTagProcessor.doProcess(AbstractStandardExpressionAttributeTagProcessor.java:144)
	at org.thymeleaf.processor.element.AbstractAttributeTagProcessor.doProcess(AbstractAttributeTagProcessor.java:74)
	at org.thymeleaf.processor.element.AbstractElementTagProcessor.process(AbstractElementTagProcessor.java:95)
	at org.thymeleaf.util.ProcessorConfigurationUtils$ElementTagProcessorWrapper.process(ProcessorConfigurationUtils.java:633)
	at org.thymeleaf.engine.ProcessorTemplateHandler.handleOpenElement(ProcessorTemplateHandler.java:1314)
	at org.thymeleaf.engine.OpenElementTag.beHandled(OpenElementTag.java:205)
	at org.thymeleaf.engine.TemplateModel.process(TemplateModel.java:136)
	at org.thymeleaf.engine.TemplateManager.parseAndProcess(TemplateManager.java:661)
	at org.thymeleaf.TemplateEngine.process(TemplateEngine.java:1103)
	at org.thymeleaf.TemplateEngine.process(TemplateEngine.java:1077)
	at org.thymeleaf.spring6.view.ThymeleafView.renderFragment(ThymeleafView.java:372)
	at org.thymeleaf.spring6.view.ThymeleafView.render(ThymeleafView.java:192)
	at org.springframework.web.servlet.DispatcherServlet.render(DispatcherServlet.java:1432)
	at org.springframework.web.servlet.DispatcherServlet.processDispatchResult(DispatcherServlet.java:1168)
	at org.springframework.web.servlet.DispatcherServlet.doDispatch(DispatcherServlet.java:1106)
	at org.springframework.web.servlet.DispatcherServlet.doService(DispatcherServlet.java:979)
	at org.springframework.web.servlet.FrameworkServlet.processRequest(FrameworkServlet.java:1014)
	at org.springframework.web.servlet.FrameworkServlet.doGet(FrameworkServlet.java:903)
	at jakarta.servlet.http.HttpServlet.service(HttpServlet.java:564)
	at org.springframework.web.servlet.FrameworkServlet.service(FrameworkServlet.java:885)
	at jakarta.servlet.http.HttpServlet.service(HttpServlet.java:658)
	at org.apache.catalina.core.ApplicationFilterChain.internalDoFilter(ApplicationFilterChain.java:195)
	at org.apache.catalina.core.ApplicationFilterChain.doFilter(ApplicationFilterChain.java:140)
	at org.apache.tomcat.websocket.server.WsFilter.doFilter(WsFilter.java:51)
	at org.apache.catalina.core.ApplicationFilterChain.internalDoFilter(ApplicationFilterChain.java:164)
	at org.apache.catalina.core.ApplicationFilterChain.doFilter(ApplicationFilterChain.java:140)
	at org.springframework.web.filter.HiddenHttpMethodFilter.doFilterInternal(HiddenHttpMethodFilter.java:91)
	at org.springframework.web.filter.OncePerRequestFilter.doFilter(OncePerRequestFilter.java:116)
	at org.apache.catalina.core.ApplicationFilterChain.internalDoFilter(ApplicationFilterChain.java:164)
	at org.apache.catalina.core.ApplicationFilterChain.doFilter(ApplicationFilterChain.java:140)
	at org.springframework.web.filter.CompositeFilter$VirtualFilterChain.doFilter(CompositeFilter.java:108)
	at org.springframework.security.web.FilterChainProxy.lambda$doFilterInternal$3(FilterChainProxy.java:231)
	at org.springframework.security.web.FilterChainProxy$VirtualFilterChain.doFilter(FilterChainProxy.java:365)
	at org.springframework.security.web.access.intercept.AuthorizationFilter.doFilter(AuthorizationFilter.java:100)
	at org.springframework.security.web.FilterChainProxy$VirtualFilterChain.doFilter(FilterChainProxy.java:374)
	at org.springframework.security.web.access.ExceptionTranslationFilter.doFilter(ExceptionTranslationFilter.java:126)
	at org.springframework.security.web.access.ExceptionTranslationFilter.doFilter(ExceptionTranslationFilter.java:120)
	at org.springframework.security.web.FilterChainProxy$VirtualFilterChain.doFilter(FilterChainProxy.java:374)
	at org.springframework.security.web.authentication.AnonymousAuthenticationFilter.doFilter(AnonymousAuthenticationFilter.java:100)
	at org.springframework.security.web.FilterChainProxy$VirtualFilterChain.doFilter(FilterChainProxy.java:374)
	at org.springframework.security.web.servletapi.SecurityContextHolderAwareRequestFilter.doFilter(SecurityContextHolderAwareRequestFilter.java:179)
	at org.springframework.security.web.FilterChainProxy$VirtualFilterChain.doFilter(FilterChainProxy.java:374)
	at org.springframework.security.web.savedrequest.RequestCacheAwareFilter.doFilter(RequestCacheAwareFilter.java:63)
	at org.springframework.security.web.FilterChainProxy$VirtualFilterChain.doFilter(FilterChainProxy.java:374)
	at org.springframework.security.web.authentication.AbstractAuthenticationProcessingFilter.doFilter(AbstractAuthenticationProcessingFilter.java:227)
	at org.springframework.security.web.authentication.AbstractAuthenticationProcessingFilter.doFilter(AbstractAuthenticationProcessingFilter.java:221)
	at org.springframework.security.web.FilterChainProxy$VirtualFilterChain.doFilter(FilterChainProxy.java:374)
	at org.springframework.security.web.authentication.logout.LogoutFilter.doFilter(LogoutFilter.java:107)
	at org.springframework.security.web.authentication.logout.LogoutFilter.doFilter(LogoutFilter.java:93)
	at org.springframework.security.web.FilterChainProxy$VirtualFilterChain.doFilter(FilterChainProxy.java:374)
	at org.springframework.security.web.csrf.CsrfFilter.doFilterInternal(CsrfFilter.java:117)
	at org.springframework.web.filter.OncePerRequestFilter.doFilter(OncePerRequestFilter.java:116)
	at org.springframework.security.web.FilterChainProxy$VirtualFilterChain.doFilter(FilterChainProxy.java:374)
	at org.springframework.security.web.header.HeaderWriterFilter.doHeadersAfter(HeaderWriterFilter.java:90)
	at org.springframework.security.web.header.HeaderWriterFilter.doFilterInternal(HeaderWriterFilter.java:75)
	at org.springframework.web.filter.OncePerRequestFilter.doFilter(OncePerRequestFilter.java:116)
	at org.springframework.security.web.FilterChainProxy$VirtualFilterChain.doFilter(FilterChainProxy.java:374)
	at org.springframework.security.web.context.SecurityContextHolderFilter.doFilter(SecurityContextHolderFilter.java:82)
	at org.springframework.security.web.context.SecurityContextHolderFilter.doFilter(SecurityContextHolderFilter.java:69)
	at org.springframework.security.web.FilterChainProxy$VirtualFilterChain.doFilter(FilterChainProxy.java:374)
	at org.springframework.security.web.context.request.async.WebAsyncManagerIntegrationFilter.doFilterInternal(WebAsyncManagerIntegrationFilter.java:62)
	at org.springframework.web.filter.OncePerRequestFilter.doFilter(OncePerRequestFilter.java:116)
	at org.springframework.security.web.FilterChainProxy$VirtualFilterChain.doFilter(FilterChainProxy.java:374)
	at org.springframework.security.web.session.DisableEncodeUrlFilter.doFilterInternal(DisableEncodeUrlFilter.java:42)
	at org.springframework.web.filter.OncePerRequestFilter.doFilter(OncePerRequestFilter.java:116)
	at org.springframework.security.web.FilterChainProxy$VirtualFilterChain.doFilter(FilterChainProxy.java:374)
	at org.springframework.security.web.FilterChainProxy.doFilterInternal(FilterChainProxy.java:233)
	at org.springframework.security.web.FilterChainProxy.doFilter(FilterChainProxy.java:191)
	at org.springframework.web.filter.CompositeFilter$VirtualFilterChain.doFilter(CompositeFilter.java:113)
	at org.springframework.web.servlet.handler.HandlerMappingIntrospector.lambda$createCacheFilter$3(HandlerMappingIntrospector.java:195)
	at org.springframework.web.filter.CompositeFilter$VirtualFilterChain.doFilter(CompositeFilter.java:113)
	at org.springframework.web.filter.CompositeFilter.doFilter(CompositeFilter.java:74)
	at org.springframework.security.config.annotation.web.configuration.WebMvcSecurityConfiguration$CompositeFilterChainProxy.doFilter(WebMvcSecurityConfiguration.java:230)
	at org.springframework.web.filter.DelegatingFilterProxy.invokeDelegate(DelegatingFilterProxy.java:352)
	at org.springframework.web.filter.DelegatingFilterProxy.doFilter(DelegatingFilterProxy.java:268)
	at org.apache.catalina.core.ApplicationFilterChain.internalDoFilter(ApplicationFilterChain.java:164)
	at org.apache.catalina.core.ApplicationFilterChain.doFilter(ApplicationFilterChain.java:140)
	at org.springframework.web.filter.RequestContextFilter.doFilterInternal(RequestContextFilter.java:100)
	at org.springframework.web.filter.OncePerRequestFilter.doFilter(OncePerRequestFilter.java:116)
	at org.apache.catalina.core.ApplicationFilterChain.internalDoFilter(ApplicationFilterChain.java:164)
	at org.apache.catalina.core.ApplicationFilterChain.doFilter(ApplicationFilterChain.java:140)
	at org.springframework.web.filter.FormContentFilter.doFilterInternal(FormContentFilter.java:93)
	at org.springframework.web.filter.OncePerRequestFilter.doFilter(OncePerRequestFilter.java:116)
	at org.apache.catalina.core.ApplicationFilterChain.internalDoFilter(ApplicationFilterChain.java:164)
	at org.apache.catalina.core.ApplicationFilterChain.doFilter(ApplicationFilterChain.java:140)
	at org.springframework.web.filter.CharacterEncodingFilter.doFilterInternal(CharacterEncodingFilter.java:201)
	at org.springframework.web.filter.OncePerRequestFilter.doFilter(OncePerRequestFilter.java:116)
	at org.apache.catalina.core.ApplicationFilterChain.internalDoFilter(ApplicationFilterChain.java:164)
	at org.apache.catalina.core.ApplicationFilterChain.doFilter(ApplicationFilterChain.java:140)
	at org.apache.catalina.core.StandardWrapperValve.invoke(StandardWrapperValve.java:167)
	at org.apache.catalina.core.StandardContextValve.invoke(StandardContextValve.java:90)
	at org.apache.catalina.authenticator.AuthenticatorBase.invoke(AuthenticatorBase.java:483)
	at org.apache.catalina.core.StandardHostValve.invoke(StandardHostValve.java:115)
	at org.apache.catalina.valves.ErrorReportValve.invoke(ErrorReportValve.java:93)
	at org.apache.catalina.core.StandardEngineValve.invoke(StandardEngineValve.java:74)
	at org.apache.catalina.connector.CoyoteAdapter.service(CoyoteAdapter.java:344)
	at org.apache.coyote.http11.Http11Processor.service(Http11Processor.java:384)
	at org.apache.coyote.AbstractProcessorLight.process(AbstractProcessorLight.java:63)
	at org.apache.coyote.AbstractProtocol$ConnectionHandler.process(AbstractProtocol.java:905)
	at org.apache.tomcat.util.net.NioEndpoint$SocketProcessor.doRun(NioEndpoint.java:1741)
	at org.apache.tomcat.util.net.SocketProcessorBase.run(SocketProcessorBase.java:52)
	at org.apache.tomcat.util.threads.ThreadPoolExecutor.runWorker(ThreadPoolExecutor.java:1190)
	at org.apache.tomcat.util.threads.ThreadPoolExecutor$Worker.run(ThreadPoolExecutor.java:659)
	at org.apache.tomcat.util.threads.TaskThread$WrappingRunnable.run(TaskThread.java:63)
	at java.base/java.lang.Thread.run(Thread.java:1583)
2024-10-25 15:24:03 DEBUG o.s.security.web.FilterChainProxy - Securing GET /error
2024-10-25 15:24:03 DEBUG o.s.s.w.c.HttpSessionSecurityContextRepository - Retrieved SecurityContextImpl [Authentication=UsernamePasswordAuthenticationToken [Principal=com.toray.ojt.web.entity.CustomUserDetails@73b67f5, Credentials=[PROTECTED], Authenticated=true, Details=WebAuthenticationDetails [RemoteIpAddress=0:0:0:0:0:0:0:1, SessionId=0C6906BA5DD99EC3BF879DF2D9452D8E], Granted Authorities=[base_admin]]]
2024-10-25 15:24:03 DEBUG o.s.security.web.FilterChainProxy - Secured GET /error
2024-10-25 15:24:03 DEBUG o.s.security.web.FilterChainProxy - Securing GET /favicon.ico
2024-10-25 15:24:03 DEBUG o.s.s.w.c.HttpSessionSecurityContextRepository - Retrieved SecurityContextImpl [Authentication=UsernamePasswordAuthenticationToken [Principal=com.toray.ojt.web.entity.CustomUserDetails@73b67f5, Credentials=[PROTECTED], Authenticated=true, Details=WebAuthenticationDetails [RemoteIpAddress=0:0:0:0:0:0:0:1, SessionId=0C6906BA5DD99EC3BF879DF2D9452D8E], Granted Authorities=[base_admin]]]
2024-10-25 15:24:03 DEBUG o.s.security.web.FilterChainProxy - Secured GET /favicon.ico
2024-10-25 15:24:03 WARN  o.s.w.s.m.s.DefaultHandlerExceptionResolver - Resolved [org.springframework.web.HttpRequestMethodNotSupportedException: Request method 'GET' is not supported]
2024-10-25 15:24:03 DEBUG o.s.security.web.FilterChainProxy - Securing GET /error
2024-10-25 15:24:03 DEBUG o.s.s.w.c.HttpSessionSecurityContextRepository - Retrieved SecurityContextImpl [Authentication=UsernamePasswordAuthenticationToken [Principal=com.toray.ojt.web.entity.CustomUserDetails@73b67f5, Credentials=[PROTECTED], Authenticated=true, Details=WebAuthenticationDetails [RemoteIpAddress=0:0:0:0:0:0:0:1, SessionId=0C6906BA5DD99EC3BF879DF2D9452D8E], Granted Authorities=[base_admin]]]
2024-10-25 15:24:03 DEBUG o.s.security.web.FilterChainProxy - Secured GET /error
2024-10-25 15:24:23 INFO  com.zaxxer.hikari.HikariDataSource - HikariPool-1 - Shutdown initiated...
2024-10-25 15:24:23 INFO  com.zaxxer.hikari.HikariDataSource - HikariPool-1 - Shutdown completed.
2024-10-25 15:24:28 INFO  o.h.validator.internal.util.Version - HV000001: Hibernate Validator 8.0.1.Final
2024-10-25 15:24:28 INFO  com.toray.ojt.OjtApplication - Starting OjtApplication using Java 21.0.4 with PID 23604 (C:\Users\sanjay.nair\Desktop\Toray\ojt\target\classes started by sanjay.nair in C:\Users\sanjay.nair\Desktop\Toray\ojt)
2024-10-25 15:24:28 DEBUG com.toray.ojt.OjtApplication - Running with Spring Boot v3.3.4, Spring v6.1.13
2024-10-25 15:24:28 INFO  com.toray.ojt.OjtApplication - No active profile set, falling back to 1 default profile: "default"
2024-10-25 15:24:30 DEBUG o.m.s.mapper.ClassPathMapperScanner - Identified candidate component class: file [C:\Users\sanjay.nair\Desktop\Toray\ojt\target\classes\com\toray\ojt\web\mapper\BaseAttachmentMapper.class]
2024-10-25 15:24:30 DEBUG o.m.s.mapper.ClassPathMapperScanner - Identified candidate component class: file [C:\Users\sanjay.nair\Desktop\Toray\ojt\target\classes\com\toray\ojt\web\mapper\BaseAttributeMapper.class]
2024-10-25 15:24:30 DEBUG o.m.s.mapper.ClassPathMapperScanner - Identified candidate component class: file [C:\Users\sanjay.nair\Desktop\Toray\ojt\target\classes\com\toray\ojt\web\mapper\BaseInfoMapper.class]
2024-10-25 15:24:30 DEBUG o.m.s.mapper.ClassPathMapperScanner - Identified candidate component class: file [C:\Users\sanjay.nair\Desktop\Toray\ojt\target\classes\com\toray\ojt\web\mapper\TGuideMapper.class]
2024-10-25 15:24:30 DEBUG o.m.s.mapper.ClassPathMapperScanner - Identified candidate component class: file [C:\Users\sanjay.nair\Desktop\Toray\ojt\target\classes\com\toray\ojt\web\mapper\ToDoMapper.class]
2024-10-25 15:24:30 DEBUG o.m.s.mapper.ClassPathMapperScanner - Identified candidate component class: file [C:\Users\sanjay.nair\Desktop\Toray\ojt\target\classes\com\toray\ojt\web\mapper\UserDetailsMapper.class]
2024-10-25 15:24:30 DEBUG o.m.s.mapper.ClassPathMapperScanner - Identified candidate component class: file [C:\Users\sanjay.nair\Desktop\Toray\ojt\target\classes\com\toray\ojt\web\mapper\UserMapper.class]
2024-10-25 15:24:30 DEBUG o.m.s.mapper.ClassPathMapperScanner - Creating MapperFactoryBean with name 'baseAttachmentMapper' and 'com.toray.ojt.web.mapper.BaseAttachmentMapper' mapperInterface
2024-10-25 15:24:30 DEBUG o.m.s.mapper.ClassPathMapperScanner - Enabling autowire by type for MapperFactoryBean with name 'baseAttachmentMapper'.
2024-10-25 15:24:30 DEBUG o.m.s.mapper.ClassPathMapperScanner - Creating MapperFactoryBean with name 'baseAttributeMapper' and 'com.toray.ojt.web.mapper.BaseAttributeMapper' mapperInterface
2024-10-25 15:24:30 DEBUG o.m.s.mapper.ClassPathMapperScanner - Enabling autowire by type for MapperFactoryBean with name 'baseAttributeMapper'.
2024-10-25 15:24:30 DEBUG o.m.s.mapper.ClassPathMapperScanner - Creating MapperFactoryBean with name 'baseInfoMapper' and 'com.toray.ojt.web.mapper.BaseInfoMapper' mapperInterface
2024-10-25 15:24:30 DEBUG o.m.s.mapper.ClassPathMapperScanner - Enabling autowire by type for MapperFactoryBean with name 'baseInfoMapper'.
2024-10-25 15:24:30 DEBUG o.m.s.mapper.ClassPathMapperScanner - Creating MapperFactoryBean with name 'TGuideMapper' and 'com.toray.ojt.web.mapper.TGuideMapper' mapperInterface
2024-10-25 15:24:30 DEBUG o.m.s.mapper.ClassPathMapperScanner - Enabling autowire by type for MapperFactoryBean with name 'TGuideMapper'.
2024-10-25 15:24:30 DEBUG o.m.s.mapper.ClassPathMapperScanner - Creating MapperFactoryBean with name 'toDoMapper' and 'com.toray.ojt.web.mapper.ToDoMapper' mapperInterface
2024-10-25 15:24:30 DEBUG o.m.s.mapper.ClassPathMapperScanner - Enabling autowire by type for MapperFactoryBean with name 'toDoMapper'.
2024-10-25 15:24:30 DEBUG o.m.s.mapper.ClassPathMapperScanner - Creating MapperFactoryBean with name 'userDetailsMapper' and 'com.toray.ojt.web.mapper.UserDetailsMapper' mapperInterface
2024-10-25 15:24:30 DEBUG o.m.s.mapper.ClassPathMapperScanner - Enabling autowire by type for MapperFactoryBean with name 'userDetailsMapper'.
2024-10-25 15:24:30 DEBUG o.m.s.mapper.ClassPathMapperScanner - Creating MapperFactoryBean with name 'userMapper' and 'com.toray.ojt.web.mapper.UserMapper' mapperInterface
2024-10-25 15:24:30 DEBUG o.m.s.mapper.ClassPathMapperScanner - Enabling autowire by type for MapperFactoryBean with name 'userMapper'.
2024-10-25 15:24:31 INFO  o.s.b.w.e.tomcat.TomcatWebServer - Tomcat initialized with port 8080 (http)
2024-10-25 15:24:31 INFO  o.a.coyote.http11.Http11NioProtocol - Initializing ProtocolHandler ["http-nio-8080"]
2024-10-25 15:24:31 INFO  o.a.catalina.core.StandardService - Starting service [Tomcat]
2024-10-25 15:24:31 INFO  o.a.catalina.core.StandardEngine - Starting Servlet engine: [Apache Tomcat/10.1.30]
2024-10-25 15:24:32 INFO  o.a.c.c.C.[Tomcat].[localhost].[/] - Initializing Spring embedded WebApplicationContext
2024-10-25 15:24:32 INFO  o.s.b.w.s.c.ServletWebServerApplicationContext - Root WebApplicationContext: initialization completed in 3271 ms
2024-10-25 15:24:32 DEBUG o.m.spring.SqlSessionFactoryBean - Property 'configuration' or 'configLocation' not specified, using default MyBatis Configuration
2024-10-25 15:24:33 DEBUG o.m.spring.SqlSessionFactoryBean - Parsed mapper file: 'file [C:\Users\sanjay.nair\Desktop\Toray\ojt\target\classes\mappers\BaseAttachmentMapper.xml]'
2024-10-25 15:24:33 DEBUG o.m.spring.SqlSessionFactoryBean - Parsed mapper file: 'file [C:\Users\sanjay.nair\Desktop\Toray\ojt\target\classes\mappers\BaseAttributeMapper.xml]'
2024-10-25 15:24:33 DEBUG o.m.spring.SqlSessionFactoryBean - Parsed mapper file: 'file [C:\Users\sanjay.nair\Desktop\Toray\ojt\target\classes\mappers\BaseInfo.xml]'
2024-10-25 15:24:33 DEBUG o.m.spring.SqlSessionFactoryBean - Parsed mapper file: 'file [C:\Users\sanjay.nair\Desktop\Toray\ojt\target\classes\mappers\BaseInfoMapper.xml]'
2024-10-25 15:24:33 DEBUG o.m.spring.SqlSessionFactoryBean - Parsed mapper file: 'file [C:\Users\sanjay.nair\Desktop\Toray\ojt\target\classes\mappers\TGuideMapper.xml]'
2024-10-25 15:24:33 DEBUG o.m.spring.SqlSessionFactoryBean - Parsed mapper file: 'file [C:\Users\sanjay.nair\Desktop\Toray\ojt\target\classes\mappers\ToDoMapper.xml]'
2024-10-25 15:24:33 DEBUG o.m.spring.SqlSessionFactoryBean - Parsed mapper file: 'file [C:\Users\sanjay.nair\Desktop\Toray\ojt\target\classes\mappers\UserDetailsMapper.xml]'
2024-10-25 15:24:33 DEBUG o.m.spring.SqlSessionFactoryBean - Parsed mapper file: 'file [C:\Users\sanjay.nair\Desktop\Toray\ojt\target\classes\mappers\UserMapper.xml]'
2024-10-25 15:24:33 DEBUG o.f.c.i.s.classpath.ClassPathScanner - Scanning for classpath resources at 'classpath:db/callback' ...
2024-10-25 15:24:33 DEBUG o.f.c.i.s.classpath.ClassPathScanner - Determining location urls for classpath:db/callback using ClassLoader jdk.internal.loader.ClassLoaders$AppClassLoader@76ed5528 ...
2024-10-25 15:24:33 DEBUG o.f.c.i.s.classpath.ClassPathScanner - Unable to resolve location classpath:db/callback.
2024-10-25 15:24:33 DEBUG o.f.c.i.s.classpath.ClassPathScanner - Scanning for classpath resources at 'classpath:db/migration' ...
2024-10-25 15:24:33 DEBUG o.f.c.i.s.classpath.ClassPathScanner - Determining location urls for classpath:db/migration using ClassLoader jdk.internal.loader.ClassLoaders$AppClassLoader@76ed5528 ...
2024-10-25 15:24:33 DEBUG o.f.c.i.s.classpath.ClassPathScanner - Scanning URL: file:/C:/Users/sanjay.nair/Desktop/Toray/ojt/target/classes/db/migration
2024-10-25 15:24:33 DEBUG o.f.c.i.s.c.FileSystemClassPathLocationScanner - Scanning starting at classpath root in filesystem: C:\Users\sanjay.nair\Desktop\Toray\ojt\target\classes\
2024-10-25 15:24:33 DEBUG o.f.c.i.s.c.FileSystemClassPathLocationScanner - Scanning for resources in path: C:\Users\sanjay.nair\Desktop\Toray\ojt\target\classes\db\migration (db/migration)
2024-10-25 15:24:33 DEBUG o.f.c.i.s.classpath.ClassPathScanner - Found resource: db/migration/V2__create_table_ddl_statements.sql
2024-10-25 15:24:33 DEBUG o.f.c.i.s.classpath.ClassPathScanner - Found resource: db/migration/V3__foreign_key_setup.sql
2024-10-25 15:24:33 DEBUG o.f.c.i.s.classpath.ClassPathScanner - Found resource: db/migration/V4__Initial_Insert.sql
2024-10-25 15:24:33 DEBUG o.f.c.i.s.classpath.ClassPathScanner - Found resource: db/migration/V5__Insert_M_GYOMU_IRAI.sql
2024-10-25 15:24:33 DEBUG o.f.c.i.s.classpath.ClassPathScanner - Found resource: db/migration/V8__Insert_Base_info1.sql
2024-10-25 15:24:33 DEBUG o.f.c.i.s.classpath.ClassPathScanner - Scanning for classes at classpath:db/migration
2024-10-25 15:24:33 DEBUG o.f.c.i.r.ResourceNameValidator - Validating V4__Initial_Insert.sql
2024-10-25 15:24:33 INFO  com.zaxxer.hikari.HikariDataSource - HikariPool-1 - Starting...
2024-10-25 15:24:34 INFO  com.zaxxer.hikari.pool.HikariPool - HikariPool-1 - Added connection oracle.jdbc.driver.T4CConnection@584ca390
2024-10-25 15:24:34 INFO  com.zaxxer.hikari.HikariDataSource - HikariPool-1 - Start completed.
2024-10-25 15:24:34 DEBUG o.f.c.i.r.ResourceNameValidator - Validating V8__Insert_Base_info1.sql
2024-10-25 15:24:34 DEBUG o.f.c.i.r.ResourceNameValidator - Validating V3__foreign_key_setup.sql
2024-10-25 15:24:34 DEBUG o.f.c.i.r.ResourceNameValidator - Validating V2__create_table_ddl_statements.sql
2024-10-25 15:24:34 DEBUG o.f.c.i.r.ResourceNameValidator - Validating V5__Insert_M_GYOMU_IRAI.sql
2024-10-25 15:24:34 INFO  org.flywaydb.core.FlywayExecutor - Database: jdbc:oracle:thin:@localhost:1521/test (Oracle 19.0)
2024-10-25 15:24:34 DEBUG org.flywaydb.core.FlywayExecutor - Driver: Oracle JDBC driver 19.8.0.0.0
2024-10-25 15:24:34 DEBUG org.flywaydb.core.FlywayExecutor - DDL Transactions Supported: false
2024-10-25 15:24:34 DEBUG o.f.c.i.s.SchemaHistoryFactory - Schemas: 
2024-10-25 15:24:34 DEBUG o.f.c.i.s.SchemaHistoryFactory - Default schema: null
2024-10-25 15:24:35 DEBUG o.f.c.i.c.SqlScriptCallbackFactory - Scanning for SQL callbacks ...
2024-10-25 15:24:35 DEBUG o.f.core.internal.command.DbValidate - Validating migrations ...
2024-10-25 15:24:35 DEBUG o.f.c.a.c.ClassicConfiguration - CherryPickConfigurationExtension not found
2024-10-25 15:24:35 DEBUG o.f.core.internal.scanner.Scanner - Filtering out resource: db/migration/V4__Initial_Insert.sql (filename: V4__Initial_Insert.sql)
2024-10-25 15:24:35 DEBUG o.f.core.internal.scanner.Scanner - Filtering out resource: db/migration/V8__Insert_Base_info1.sql (filename: V8__Insert_Base_info1.sql)
2024-10-25 15:24:35 DEBUG o.f.core.internal.scanner.Scanner - Filtering out resource: db/migration/V3__foreign_key_setup.sql (filename: V3__foreign_key_setup.sql)
2024-10-25 15:24:35 DEBUG o.f.core.internal.scanner.Scanner - Filtering out resource: db/migration/V2__create_table_ddl_statements.sql (filename: V2__create_table_ddl_statements.sql)
2024-10-25 15:24:35 DEBUG o.f.core.internal.scanner.Scanner - Filtering out resource: db/migration/V5__Insert_M_GYOMU_IRAI.sql (filename: V5__Insert_M_GYOMU_IRAI.sql)
2024-10-25 15:24:35 DEBUG o.f.core.internal.scanner.Scanner - Filtering out resource: db/migration/V4__Initial_Insert.sql (filename: V4__Initial_Insert.sql)
2024-10-25 15:24:35 DEBUG o.f.core.internal.scanner.Scanner - Filtering out resource: db/migration/V8__Insert_Base_info1.sql (filename: V8__Insert_Base_info1.sql)
2024-10-25 15:24:35 DEBUG o.f.core.internal.scanner.Scanner - Filtering out resource: db/migration/V3__foreign_key_setup.sql (filename: V3__foreign_key_setup.sql)
2024-10-25 15:24:35 DEBUG o.f.core.internal.scanner.Scanner - Filtering out resource: db/migration/V2__create_table_ddl_statements.sql (filename: V2__create_table_ddl_statements.sql)
2024-10-25 15:24:35 DEBUG o.f.core.internal.scanner.Scanner - Filtering out resource: db/migration/V5__Insert_M_GYOMU_IRAI.sql (filename: V5__Insert_M_GYOMU_IRAI.sql)
2024-10-25 15:24:35 INFO  o.f.core.internal.command.DbValidate - Successfully validated 6 migrations (execution time 00:00.377s)
2024-10-25 15:24:35 DEBUG o.f.core.internal.command.DbSchemas - Skipping creation of existing schema: "SYS"
2024-10-25 15:24:35 DEBUG o.f.c.a.c.ClassicConfiguration - CherryPickConfigurationExtension not found
2024-10-25 15:24:35 INFO  o.f.core.internal.command.DbMigrate - Current version of schema "SYS": 8
2024-10-25 15:24:36 INFO  o.f.core.internal.command.DbMigrate - Schema "SYS" is up to date. No migration necessary.
2024-10-25 15:24:36 DEBUG org.flywaydb.core.FlywayExecutor - Memory usage: 36 of 74M
2024-10-25 15:24:37 INFO  o.s.s.c.a.a.c.InitializeUserDetailsBeanManagerConfigurer$InitializeUserDetailsManagerConfigurer - Global AuthenticationManager configured with UserDetailsService bean with name customUserDetailsService
2024-10-25 15:24:39 DEBUG o.s.s.web.DefaultSecurityFilterChain - Will secure any request with filters: DisableEncodeUrlFilter, WebAsyncManagerIntegrationFilter, SecurityContextHolderFilter, HeaderWriterFilter, CsrfFilter, LogoutFilter, UsernamePasswordAuthenticationFilter, RequestCacheAwareFilter, SecurityContextHolderAwareRequestFilter, AnonymousAuthenticationFilter, ExceptionTranslationFilter, AuthorizationFilter
2024-10-25 15:24:42 INFO  o.a.coyote.http11.Http11NioProtocol - Starting ProtocolHandler ["http-nio-8080"]
2024-10-25 15:24:42 INFO  o.s.b.w.e.tomcat.TomcatWebServer - Tomcat started on port 8080 (http) with context path '/'
2024-10-25 15:24:42 INFO  com.toray.ojt.OjtApplication - Started OjtApplication in 14.679 seconds (process running for 15.673)
2024-10-25 15:25:19 INFO  o.a.c.c.C.[Tomcat].[localhost].[/] - Initializing Spring DispatcherServlet 'dispatcherServlet'
2024-10-25 15:25:19 INFO  o.s.web.servlet.DispatcherServlet - Initializing Servlet 'dispatcherServlet'
2024-10-25 15:25:19 INFO  o.s.web.servlet.DispatcherServlet - Completed initialization in 1 ms
2024-10-25 15:25:19 DEBUG o.s.security.web.FilterChainProxy - Securing GET /Test
2024-10-25 15:25:19 DEBUG o.s.s.w.a.AnonymousAuthenticationFilter - Set SecurityContextHolder to anonymous SecurityContext
2024-10-25 15:25:19 DEBUG o.s.s.w.s.HttpSessionRequestCache - Saved request http://localhost:8080/Test?continue to session
2024-10-25 15:25:19 DEBUG o.s.s.web.DefaultRedirectStrategy - Redirecting to http://localhost:8080/
2024-10-25 15:25:19 DEBUG o.s.security.web.FilterChainProxy - Securing GET /
2024-10-25 15:25:19 DEBUG o.s.security.web.FilterChainProxy - Secured GET /
2024-10-25 15:25:20 DEBUG o.s.s.w.a.AnonymousAuthenticationFilter - Set SecurityContextHolder to anonymous SecurityContext
2024-10-25 15:25:20 DEBUG o.s.security.web.FilterChainProxy - Securing GET /images/GIPS_logo.jpg
2024-10-25 15:25:20 DEBUG o.s.security.web.FilterChainProxy - Securing GET /css/login.css
2024-10-25 15:25:20 DEBUG o.s.security.web.FilterChainProxy - Secured GET /images/GIPS_logo.jpg
2024-10-25 15:25:20 DEBUG o.s.security.web.FilterChainProxy - Secured GET /css/login.css
2024-10-25 15:25:20 DEBUG o.s.s.w.a.AnonymousAuthenticationFilter - Set SecurityContextHolder to anonymous SecurityContext
2024-10-25 15:25:20 DEBUG o.s.s.w.a.AnonymousAuthenticationFilter - Set SecurityContextHolder to anonymous SecurityContext
2024-10-25 15:25:20 DEBUG o.s.security.web.FilterChainProxy - Securing GET /favicon.ico
2024-10-25 15:25:20 DEBUG o.s.s.w.a.AnonymousAuthenticationFilter - Set SecurityContextHolder to anonymous SecurityContext
2024-10-25 15:25:20 DEBUG o.s.s.web.DefaultRedirectStrategy - Redirecting to http://localhost:8080/
2024-10-25 15:25:20 DEBUG o.s.security.web.FilterChainProxy - Securing GET /
2024-10-25 15:25:20 DEBUG o.s.security.web.FilterChainProxy - Secured GET /
2024-10-25 15:25:20 DEBUG o.s.s.w.a.AnonymousAuthenticationFilter - Set SecurityContextHolder to anonymous SecurityContext
2024-10-25 15:25:21 DEBUG o.s.security.web.FilterChainProxy - Securing POST /login
2024-10-25 15:25:21 DEBUG c.t.o.w.s.i.CustomUserDetailsService - Parameter username: A12345
2024-10-25 15:25:21 DEBUG org.mybatis.spring.SqlSessionUtils - Creating a new SqlSession
2024-10-25 15:25:21 DEBUG org.mybatis.spring.SqlSessionUtils - SqlSession [org.apache.ibatis.session.defaults.DefaultSqlSession@2ac85bc] was not registered for synchronization because synchronization is not active
2024-10-25 15:25:21 DEBUG o.m.s.t.SpringManagedTransaction - JDBC Connection [HikariProxyConnection@2066169601 wrapping oracle.jdbc.driver.T4CConnection@584ca390] will not be managed by Spring
2024-10-25 15:25:21 DEBUG c.t.o.w.m.UserMapper.findByAccountId - ==>  Preparing: SELECT * FROM BASE_PARTY_ACCOUNT WHERE ACCOUNT_ID = ?
2024-10-25 15:25:21 DEBUG c.t.o.w.m.UserMapper.findByAccountId - ==> Parameters: A12345(String)
2024-10-25 15:25:21 DEBUG c.t.o.w.m.UserMapper.findByAccountId - <==      Total: 1
2024-10-25 15:25:21 DEBUG org.mybatis.spring.SqlSessionUtils - Closing non transactional SqlSession [org.apache.ibatis.session.defaults.DefaultSqlSession@2ac85bc]
2024-10-25 15:25:21 DEBUG c.t.o.w.s.i.CustomUserDetailsService - User Object: com.toray.ojt.web.entity.User@587e96ab
2024-10-25 15:25:21 DEBUG c.t.o.w.s.i.CustomUserDetailsService - isExpired: 1
2024-10-25 15:25:21 DEBUG org.mybatis.spring.SqlSessionUtils - Creating a new SqlSession
2024-10-25 15:25:21 DEBUG org.mybatis.spring.SqlSessionUtils - SqlSession [org.apache.ibatis.session.defaults.DefaultSqlSession@4d92e669] was not registered for synchronization because synchronization is not active
2024-10-25 15:25:21 DEBUG o.m.s.t.SpringManagedTransaction - JDBC Connection [HikariProxyConnection@801803826 wrapping oracle.jdbc.driver.T4CConnection@584ca390] will not be managed by Spring
2024-10-25 15:25:21 DEBUG c.t.o.w.m.B.findAtrributeNameByPartyId - ==>  Preparing: SELECT ATTRIBUTE_NAME FROM BASE_PARTY_ATTRIBUTE WHERE PARTY_ID = ?
2024-10-25 15:25:21 DEBUG c.t.o.w.m.B.findAtrributeNameByPartyId - ==> Parameters: P12345(String)
2024-10-25 15:25:21 DEBUG c.t.o.w.m.B.findAtrributeNameByPartyId - <==      Total: 1
2024-10-25 15:25:21 DEBUG org.mybatis.spring.SqlSessionUtils - Closing non transactional SqlSession [org.apache.ibatis.session.defaults.DefaultSqlSession@4d92e669]
2024-10-25 15:25:21 DEBUG c.t.o.w.s.i.CustomUserDetailsService - User role: base_admin
2024-10-25 15:25:21 DEBUG org.mybatis.spring.SqlSessionUtils - Creating a new SqlSession
2024-10-25 15:25:21 DEBUG org.mybatis.spring.SqlSessionUtils - SqlSession [org.apache.ibatis.session.defaults.DefaultSqlSession@34eac011] was not registered for synchronization because synchronization is not active
2024-10-25 15:25:21 DEBUG o.m.s.t.SpringManagedTransaction - JDBC Connection [HikariProxyConnection@69973624 wrapping oracle.jdbc.driver.T4CConnection@584ca390] will not be managed by Spring
2024-10-25 15:25:21 DEBUG c.t.o.w.m.U.findUserNameByPartyId - ==>  Preparing: SELECT * FROM BASE_PARTY WHERE PARTY_ID = ?
2024-10-25 15:25:21 DEBUG c.t.o.w.m.U.findUserNameByPartyId - ==> Parameters: P12345(String)
2024-10-25 15:25:21 DEBUG c.t.o.w.m.U.findUserNameByPartyId - <==      Total: 1
2024-10-25 15:25:21 DEBUG org.mybatis.spring.SqlSessionUtils - Closing non transactional SqlSession [org.apache.ibatis.session.defaults.DefaultSqlSession@34eac011]
2024-10-25 15:25:21 DEBUG o.s.s.a.d.DaoAuthenticationProvider - Authenticated user
2024-10-25 15:25:21 DEBUG o.s.s.w.a.s.ChangeSessionIdAuthenticationStrategy - Changed session id from 1811A8D06D8A5DE1825D226CB96A7C05
2024-10-25 15:25:21 DEBUG o.s.s.w.c.CsrfAuthenticationStrategy - Replaced CSRF Token
2024-10-25 15:25:21 DEBUG o.s.s.w.c.HttpSessionSecurityContextRepository - Stored SecurityContextImpl [Authentication=UsernamePasswordAuthenticationToken [Principal=com.toray.ojt.web.entity.CustomUserDetails@73b67f5, Credentials=[PROTECTED], Authenticated=true, Details=WebAuthenticationDetails [RemoteIpAddress=0:0:0:0:0:0:0:1, SessionId=1811A8D06D8A5DE1825D226CB96A7C05], Granted Authorities=[base_admin]]] to HttpSession [org.apache.catalina.session.StandardSessionFacade@29415248]
2024-10-25 15:25:21 DEBUG o.s.s.w.a.UsernamePasswordAuthenticationFilter - Set SecurityContextHolder to UsernamePasswordAuthenticationToken [Principal=com.toray.ojt.web.entity.CustomUserDetails@73b67f5, Credentials=[PROTECTED], Authenticated=true, Details=WebAuthenticationDetails [RemoteIpAddress=0:0:0:0:0:0:0:1, SessionId=1811A8D06D8A5DE1825D226CB96A7C05], Granted Authorities=[base_admin]]
2024-10-25 15:25:21 DEBUG org.mybatis.spring.SqlSessionUtils - Creating a new SqlSession
2024-10-25 15:25:21 DEBUG org.mybatis.spring.SqlSessionUtils - SqlSession [org.apache.ibatis.session.defaults.DefaultSqlSession@629fb6aa] was not registered for synchronization because synchronization is not active
2024-10-25 15:25:22 DEBUG o.m.s.t.SpringManagedTransaction - JDBC Connection [HikariProxyConnection@1053258179 wrapping oracle.jdbc.driver.T4CConnection@584ca390] will not be managed by Spring
2024-10-25 15:25:22 DEBUG c.t.o.w.m.UserMapper.findByAccountId - ==>  Preparing: SELECT * FROM BASE_PARTY_ACCOUNT WHERE ACCOUNT_ID = ?
2024-10-25 15:25:22 DEBUG c.t.o.w.m.UserMapper.findByAccountId - ==> Parameters: A12345(String)
2024-10-25 15:25:22 DEBUG c.t.o.w.m.UserMapper.findByAccountId - <==      Total: 1
2024-10-25 15:25:22 DEBUG org.mybatis.spring.SqlSessionUtils - Closing non transactional SqlSession [org.apache.ibatis.session.defaults.DefaultSqlSession@629fb6aa]
2024-10-25 15:25:22 DEBUG org.mybatis.spring.SqlSessionUtils - Creating a new SqlSession
2024-10-25 15:25:22 DEBUG org.mybatis.spring.SqlSessionUtils - SqlSession [org.apache.ibatis.session.defaults.DefaultSqlSession@1d37b741] was not registered for synchronization because synchronization is not active
2024-10-25 15:25:22 DEBUG o.m.s.t.SpringManagedTransaction - JDBC Connection [HikariProxyConnection@2129054159 wrapping oracle.jdbc.driver.T4CConnection@584ca390] will not be managed by Spring
2024-10-25 15:25:22 DEBUG c.t.o.w.m.U.updateFailedLoginAttempt - ==>  Preparing: UPDATE BASE_PARTY_ACCOUNT SET STATE = CASE WHEN ? IS NOT NULL THEN ? ELSE STATE END, FAILED_LOGIN_ATTEMPTS = CASE WHEN ? IS NOT NULL THEN ? ELSE FAILED_LOGIN_ATTEMPTS END, UPD_TIMESTAMP = CURRENT_TIMESTAMP -- Update timestamp for when the user was updated WHERE ACCOUNT_ID = ?
2024-10-25 15:25:22 DEBUG c.t.o.w.m.U.updateFailedLoginAttempt - ==> Parameters: A(String), A(String), 0(Integer), 0(Integer), A12345(String)
2024-10-25 15:25:22 DEBUG c.t.o.w.m.U.updateFailedLoginAttempt - <==    Updates: 1
2024-10-25 15:25:22 DEBUG org.mybatis.spring.SqlSessionUtils - Closing non transactional SqlSession [org.apache.ibatis.session.defaults.DefaultSqlSession@1d37b741]
2024-10-25 15:25:22 DEBUG o.s.security.web.FilterChainProxy - Securing GET /toppage
2024-10-25 15:25:22 DEBUG o.s.s.w.c.HttpSessionSecurityContextRepository - Retrieved SecurityContextImpl [Authentication=UsernamePasswordAuthenticationToken [Principal=com.toray.ojt.web.entity.CustomUserDetails@73b67f5, Credentials=[PROTECTED], Authenticated=true, Details=WebAuthenticationDetails [RemoteIpAddress=0:0:0:0:0:0:0:1, SessionId=1811A8D06D8A5DE1825D226CB96A7C05], Granted Authorities=[base_admin]]]
2024-10-25 15:25:22 DEBUG o.s.security.web.FilterChainProxy - Secured GET /toppage
2024-10-25 15:25:22 DEBUG org.mybatis.spring.SqlSessionUtils - Creating a new SqlSession
2024-10-25 15:25:22 DEBUG org.mybatis.spring.SqlSessionUtils - SqlSession [org.apache.ibatis.session.defaults.DefaultSqlSession@1d74e46c] was not registered for synchronization because synchronization is not active
2024-10-25 15:25:22 DEBUG o.m.s.t.SpringManagedTransaction - JDBC Connection [HikariProxyConnection@1057718286 wrapping oracle.jdbc.driver.T4CConnection@584ca390] will not be managed by Spring
2024-10-25 15:25:22 DEBUG c.t.o.w.m.B.findBaseInfo - ==>  Preparing: SELECT TITLE AS title, BEGIN_YMD AS beginYmd, IMPORTANT_FLG AS importantFlg FROM BASE_INFO WHERE CURRENT_DATE BETWEEN BEGIN_YMD AND END_YMD ORDER BY IMPORTANT_FLG desc
2024-10-25 15:25:22 DEBUG c.t.o.w.m.B.findBaseInfo - ==> Parameters: 
2024-10-25 15:25:22 DEBUG c.t.o.w.m.B.findBaseInfo - <==      Total: 9
2024-10-25 15:25:22 DEBUG org.mybatis.spring.SqlSessionUtils - Closing non transactional SqlSession [org.apache.ibatis.session.defaults.DefaultSqlSession@1d74e46c]
2024-10-25 15:25:22 DEBUG org.mybatis.spring.SqlSessionUtils - Creating a new SqlSession
2024-10-25 15:25:22 DEBUG org.mybatis.spring.SqlSessionUtils - SqlSession [org.apache.ibatis.session.defaults.DefaultSqlSession@78dc8ac2] was not registered for synchronization because synchronization is not active
2024-10-25 15:25:22 DEBUG o.m.s.t.SpringManagedTransaction - JDBC Connection [HikariProxyConnection@1899484607 wrapping oracle.jdbc.driver.T4CConnection@584ca390] will not be managed by Spring
2024-10-25 15:25:22 DEBUG c.t.o.w.m.TGuideMapper.findTGuide - ==>  Preparing: SELECT TITLE AS title, BEGIN_YMD AS beginYmd, IMPORTANT_FLG AS importantFlg FROM T_GUIDE WHERE CURRENT_DATE BETWEEN BEGIN_YMD AND END_YMD ORDER BY IMPORTANT_FLG desc
2024-10-25 15:25:22 DEBUG c.t.o.w.m.TGuideMapper.findTGuide - ==> Parameters: 
2024-10-25 15:25:22 DEBUG c.t.o.w.m.TGuideMapper.findTGuide - <==      Total: 1
2024-10-25 15:25:22 DEBUG org.mybatis.spring.SqlSessionUtils - Closing non transactional SqlSession [org.apache.ibatis.session.defaults.DefaultSqlSession@78dc8ac2]
2024-10-25 15:25:22 DEBUG org.mybatis.spring.SqlSessionUtils - Creating a new SqlSession
2024-10-25 15:25:22 DEBUG org.mybatis.spring.SqlSessionUtils - SqlSession [org.apache.ibatis.session.defaults.DefaultSqlSession@3b9fa0ec] was not registered for synchronization because synchronization is not active
2024-10-25 15:25:22 DEBUG o.m.s.t.SpringManagedTransaction - JDBC Connection [HikariProxyConnection@1420727139 wrapping oracle.jdbc.driver.T4CConnection@584ca390] will not be managed by Spring
2024-10-25 15:25:22 DEBUG c.t.o.w.m.T.findToDoByLocale - ==>  Preparing: SELECT T1.GYOMU_CD || '-' || T1.CYCLE_NO AS gyomuCd, T1.SHUSHU_TXT AS shushuTxt, TO_CHAR(TO_DATE(T1.SHIMEKIRI_YMD, 'YYYY-MM-DD'), 'yyyy/mm/dd') AS shimekiriYMD, T1.IRAI_STATUS AS iraiStatus, T1.SEQ_IRAI AS seqIrai, COALESCE(T2.KAITO_STATUS, 'N/A') AS kaitoStatus, COALESCE(T3.USER_KBN, 'Unknown') AS userKbn, COALESCE(T3.USERID, 'Unknown') AS userId, COALESCE(T4.PARTY_NAME_EN, 'No Party') AS partyNameEn, COALESCE(T5.CODE_VALUE1, 'No Value') AS codeValue1, (SELECT COUNT(*) FROM T_IRAI) AS requestTotal FROM T_IRAI T1 LEFT JOIN T_KAITO T2 ON T1.SEQ_IRAI = T2.SEQ_IRAI LEFT JOIN T_KAITO_USER T3 ON T2.SEQ_KAITO = T3.SEQ_KAITO LEFT JOIN BASE_PARTY T4 ON T3.USERID = T4.PARTY_ID LEFT JOIN BASE_CODE T5 ON T2.KAITO_STATUS = T5.CODE AND T5.CODE_KIND = 'KAITO_STATUS' AND T5.LOCALE = ? ORDER BY shimekiriYMD
2024-10-25 15:25:22 DEBUG c.t.o.w.m.T.findToDoByLocale - ==> Parameters: en(String)
2024-10-25 15:25:22 DEBUG c.t.o.w.m.T.findToDoByLocale - <==      Total: 1
2024-10-25 15:25:22 DEBUG org.mybatis.spring.SqlSessionUtils - Closing non transactional SqlSession [org.apache.ibatis.session.defaults.DefaultSqlSession@3b9fa0ec]
2024-10-25 15:25:22 DEBUG org.mybatis.spring.SqlSessionUtils - Creating a new SqlSession
2024-10-25 15:25:22 DEBUG org.mybatis.spring.SqlSessionUtils - SqlSession [org.apache.ibatis.session.defaults.DefaultSqlSession@15d33833] was not registered for synchronization because synchronization is not active
2024-10-25 15:25:22 DEBUG o.m.s.t.SpringManagedTransaction - JDBC Connection [HikariProxyConnection@1027694510 wrapping oracle.jdbc.driver.T4CConnection@584ca390] will not be managed by Spring
2024-10-25 15:25:22 DEBUG c.t.o.w.m.T.findToDoByLocale - ==>  Preparing: SELECT T1.GYOMU_CD || '-' || T1.CYCLE_NO AS gyomuCd, T1.SHUSHU_TXT AS shushuTxt, TO_CHAR(TO_DATE(T1.SHIMEKIRI_YMD, 'YYYY-MM-DD'), 'yyyy/mm/dd') AS shimekiriYMD, T1.IRAI_STATUS AS iraiStatus, T1.SEQ_IRAI AS seqIrai, COALESCE(T2.KAITO_STATUS, 'N/A') AS kaitoStatus, COALESCE(T3.USER_KBN, 'Unknown') AS userKbn, COALESCE(T3.USERID, 'Unknown') AS userId, COALESCE(T4.PARTY_NAME_EN, 'No Party') AS partyNameEn, COALESCE(T5.CODE_VALUE1, 'No Value') AS codeValue1, (SELECT COUNT(*) FROM T_IRAI) AS requestTotal FROM T_IRAI T1 LEFT JOIN T_KAITO T2 ON T1.SEQ_IRAI = T2.SEQ_IRAI LEFT JOIN T_KAITO_USER T3 ON T2.SEQ_KAITO = T3.SEQ_KAITO LEFT JOIN BASE_PARTY T4 ON T3.USERID = T4.PARTY_ID LEFT JOIN BASE_CODE T5 ON T2.KAITO_STATUS = T5.CODE AND T5.CODE_KIND = 'KAITO_STATUS' AND T5.LOCALE = ? ORDER BY shimekiriYMD
2024-10-25 15:25:22 DEBUG c.t.o.w.m.T.findToDoByLocale - ==> Parameters: en(String)
2024-10-25 15:25:22 DEBUG c.t.o.w.m.T.findToDoByLocale - <==      Total: 1
2024-10-25 15:25:22 DEBUG org.mybatis.spring.SqlSessionUtils - Closing non transactional SqlSession [org.apache.ibatis.session.defaults.DefaultSqlSession@15d33833]
2024-10-25 15:25:22 DEBUG o.s.security.web.FilterChainProxy - Securing GET /css/top.css
2024-10-25 15:25:22 DEBUG o.s.security.web.FilterChainProxy - Securing GET /images/Toray.png
2024-10-25 15:25:22 DEBUG o.s.security.web.FilterChainProxy - Secured GET /css/top.css
2024-10-25 15:25:22 DEBUG o.s.security.web.FilterChainProxy - Secured GET /images/Toray.png
2024-10-25 15:25:22 DEBUG o.s.s.w.c.HttpSessionSecurityContextRepository - Retrieved SecurityContextImpl [Authentication=UsernamePasswordAuthenticationToken [Principal=com.toray.ojt.web.entity.CustomUserDetails@73b67f5, Credentials=[PROTECTED], Authenticated=true, Details=WebAuthenticationDetails [RemoteIpAddress=0:0:0:0:0:0:0:1, SessionId=1811A8D06D8A5DE1825D226CB96A7C05], Granted Authorities=[base_admin]]]
2024-10-25 15:25:22 DEBUG o.s.security.web.FilterChainProxy - Securing GET /images/gips.jpg
2024-10-25 15:25:22 DEBUG o.s.security.web.FilterChainProxy - Secured GET /images/gips.jpg
2024-10-25 15:25:22 DEBUG o.s.s.w.c.HttpSessionSecurityContextRepository - Retrieved SecurityContextImpl [Authentication=UsernamePasswordAuthenticationToken [Principal=com.toray.ojt.web.entity.CustomUserDetails@73b67f5, Credentials=[PROTECTED], Authenticated=true, Details=WebAuthenticationDetails [RemoteIpAddress=0:0:0:0:0:0:0:1, SessionId=1811A8D06D8A5DE1825D226CB96A7C05], Granted Authorities=[base_admin]]]
2024-10-25 15:25:22 DEBUG o.s.s.w.c.HttpSessionSecurityContextRepository - Retrieved SecurityContextImpl [Authentication=UsernamePasswordAuthenticationToken [Principal=com.toray.ojt.web.entity.CustomUserDetails@73b67f5, Credentials=[PROTECTED], Authenticated=true, Details=WebAuthenticationDetails [RemoteIpAddress=0:0:0:0:0:0:0:1, SessionId=1811A8D06D8A5DE1825D226CB96A7C05], Granted Authorities=[base_admin]]]
2024-10-25 15:25:22 DEBUG o.s.security.web.FilterChainProxy - Securing GET /images/important.png
2024-10-25 15:25:22 DEBUG o.s.security.web.FilterChainProxy - Secured GET /images/important.png
2024-10-25 15:25:22 DEBUG o.s.s.w.c.HttpSessionSecurityContextRepository - Retrieved SecurityContextImpl [Authentication=UsernamePasswordAuthenticationToken [Principal=com.toray.ojt.web.entity.CustomUserDetails@73b67f5, Credentials=[PROTECTED], Authenticated=true, Details=WebAuthenticationDetails [RemoteIpAddress=0:0:0:0:0:0:0:1, SessionId=1811A8D06D8A5DE1825D226CB96A7C05], Granted Authorities=[base_admin]]]
2024-10-25 15:25:22 DEBUG o.s.security.web.FilterChainProxy - Securing GET /favicon.ico
2024-10-25 15:25:22 DEBUG o.s.s.w.c.HttpSessionSecurityContextRepository - Retrieved SecurityContextImpl [Authentication=UsernamePasswordAuthenticationToken [Principal=com.toray.ojt.web.entity.CustomUserDetails@73b67f5, Credentials=[PROTECTED], Authenticated=true, Details=WebAuthenticationDetails [RemoteIpAddress=0:0:0:0:0:0:0:1, SessionId=1811A8D06D8A5DE1825D226CB96A7C05], Granted Authorities=[base_admin]]]
2024-10-25 15:25:22 DEBUG o.s.security.web.FilterChainProxy - Secured GET /favicon.ico
2024-10-25 15:25:22 WARN  o.s.w.s.m.s.DefaultHandlerExceptionResolver - Resolved [org.springframework.web.HttpRequestMethodNotSupportedException: Request method 'GET' is not supported]
2024-10-25 15:25:22 DEBUG o.s.security.web.FilterChainProxy - Securing GET /error
2024-10-25 15:25:22 DEBUG o.s.s.w.c.HttpSessionSecurityContextRepository - Retrieved SecurityContextImpl [Authentication=UsernamePasswordAuthenticationToken [Principal=com.toray.ojt.web.entity.CustomUserDetails@73b67f5, Credentials=[PROTECTED], Authenticated=true, Details=WebAuthenticationDetails [RemoteIpAddress=0:0:0:0:0:0:0:1, SessionId=1811A8D06D8A5DE1825D226CB96A7C05], Granted Authorities=[base_admin]]]
2024-10-25 15:25:22 DEBUG o.s.security.web.FilterChainProxy - Secured GET /error
2024-10-25 15:25:27 DEBUG o.s.security.web.FilterChainProxy - Securing GET /Test
2024-10-25 15:25:27 DEBUG o.s.s.w.c.HttpSessionSecurityContextRepository - Retrieved SecurityContextImpl [Authentication=UsernamePasswordAuthenticationToken [Principal=com.toray.ojt.web.entity.CustomUserDetails@73b67f5, Credentials=[PROTECTED], Authenticated=true, Details=WebAuthenticationDetails [RemoteIpAddress=0:0:0:0:0:0:0:1, SessionId=1811A8D06D8A5DE1825D226CB96A7C05], Granted Authorities=[base_admin]]]
2024-10-25 15:25:27 DEBUG o.s.security.web.FilterChainProxy - Secured GET /Test
2024-10-25 15:25:28 DEBUG o.s.security.web.FilterChainProxy - Securing GET /favicon.ico
2024-10-25 15:25:28 DEBUG o.s.s.w.c.HttpSessionSecurityContextRepository - Retrieved SecurityContextImpl [Authentication=UsernamePasswordAuthenticationToken [Principal=com.toray.ojt.web.entity.CustomUserDetails@73b67f5, Credentials=[PROTECTED], Authenticated=true, Details=WebAuthenticationDetails [RemoteIpAddress=0:0:0:0:0:0:0:1, SessionId=1811A8D06D8A5DE1825D226CB96A7C05], Granted Authorities=[base_admin]]]
2024-10-25 15:25:28 DEBUG o.s.security.web.FilterChainProxy - Secured GET /favicon.ico
2024-10-25 15:25:28 WARN  o.s.w.s.m.s.DefaultHandlerExceptionResolver - Resolved [org.springframework.web.HttpRequestMethodNotSupportedException: Request method 'GET' is not supported]
2024-10-25 15:25:28 DEBUG o.s.security.web.FilterChainProxy - Securing GET /error
2024-10-25 15:25:28 DEBUG o.s.s.w.c.HttpSessionSecurityContextRepository - Retrieved SecurityContextImpl [Authentication=UsernamePasswordAuthenticationToken [Principal=com.toray.ojt.web.entity.CustomUserDetails@73b67f5, Credentials=[PROTECTED], Authenticated=true, Details=WebAuthenticationDetails [RemoteIpAddress=0:0:0:0:0:0:0:1, SessionId=1811A8D06D8A5DE1825D226CB96A7C05], Granted Authorities=[base_admin]]]
2024-10-25 15:25:28 DEBUG o.s.security.web.FilterChainProxy - Secured GET /error
2024-10-25 15:51:52 INFO  com.zaxxer.hikari.HikariDataSource - HikariPool-1 - Shutdown initiated...
2024-10-25 15:51:52 INFO  com.zaxxer.hikari.HikariDataSource - HikariPool-1 - Shutdown completed.
2024-10-25 15:51:55 INFO  o.h.validator.internal.util.Version - HV000001: Hibernate Validator 8.0.1.Final
2024-10-25 15:51:55 INFO  com.toray.ojt.OjtApplication - Starting OjtApplication using Java 21.0.4 with PID 2720 (C:\Users\sanjay.nair\Desktop\Toray\ojt\target\classes started by sanjay.nair in C:\Users\sanjay.nair\Desktop\Toray\ojt)
2024-10-25 15:51:55 DEBUG com.toray.ojt.OjtApplication - Running with Spring Boot v3.3.4, Spring v6.1.13
2024-10-25 15:51:55 INFO  com.toray.ojt.OjtApplication - No active profile set, falling back to 1 default profile: "default"
2024-10-25 15:51:57 DEBUG o.m.s.mapper.ClassPathMapperScanner - Identified candidate component class: file [C:\Users\sanjay.nair\Desktop\Toray\ojt\target\classes\com\toray\ojt\web\mapper\BaseAttachmentMapper.class]
2024-10-25 15:51:57 DEBUG o.m.s.mapper.ClassPathMapperScanner - Identified candidate component class: file [C:\Users\sanjay.nair\Desktop\Toray\ojt\target\classes\com\toray\ojt\web\mapper\BaseAttributeMapper.class]
2024-10-25 15:51:57 DEBUG o.m.s.mapper.ClassPathMapperScanner - Identified candidate component class: file [C:\Users\sanjay.nair\Desktop\Toray\ojt\target\classes\com\toray\ojt\web\mapper\BaseInfoMapper.class]
2024-10-25 15:51:57 DEBUG o.m.s.mapper.ClassPathMapperScanner - Identified candidate component class: file [C:\Users\sanjay.nair\Desktop\Toray\ojt\target\classes\com\toray\ojt\web\mapper\TGuideMapper.class]
2024-10-25 15:51:57 DEBUG o.m.s.mapper.ClassPathMapperScanner - Identified candidate component class: file [C:\Users\sanjay.nair\Desktop\Toray\ojt\target\classes\com\toray\ojt\web\mapper\ToDoMapper.class]
2024-10-25 15:51:57 DEBUG o.m.s.mapper.ClassPathMapperScanner - Identified candidate component class: file [C:\Users\sanjay.nair\Desktop\Toray\ojt\target\classes\com\toray\ojt\web\mapper\UserDetailsMapper.class]
2024-10-25 15:51:57 DEBUG o.m.s.mapper.ClassPathMapperScanner - Identified candidate component class: file [C:\Users\sanjay.nair\Desktop\Toray\ojt\target\classes\com\toray\ojt\web\mapper\UserMapper.class]
2024-10-25 15:51:57 DEBUG o.m.s.mapper.ClassPathMapperScanner - Creating MapperFactoryBean with name 'baseAttachmentMapper' and 'com.toray.ojt.web.mapper.BaseAttachmentMapper' mapperInterface
2024-10-25 15:51:57 DEBUG o.m.s.mapper.ClassPathMapperScanner - Enabling autowire by type for MapperFactoryBean with name 'baseAttachmentMapper'.
2024-10-25 15:51:57 DEBUG o.m.s.mapper.ClassPathMapperScanner - Creating MapperFactoryBean with name 'baseAttributeMapper' and 'com.toray.ojt.web.mapper.BaseAttributeMapper' mapperInterface
2024-10-25 15:51:57 DEBUG o.m.s.mapper.ClassPathMapperScanner - Enabling autowire by type for MapperFactoryBean with name 'baseAttributeMapper'.
2024-10-25 15:51:57 DEBUG o.m.s.mapper.ClassPathMapperScanner - Creating MapperFactoryBean with name 'baseInfoMapper' and 'com.toray.ojt.web.mapper.BaseInfoMapper' mapperInterface
2024-10-25 15:51:57 DEBUG o.m.s.mapper.ClassPathMapperScanner - Enabling autowire by type for MapperFactoryBean with name 'baseInfoMapper'.
2024-10-25 15:51:57 DEBUG o.m.s.mapper.ClassPathMapperScanner - Creating MapperFactoryBean with name 'TGuideMapper' and 'com.toray.ojt.web.mapper.TGuideMapper' mapperInterface
2024-10-25 15:51:57 DEBUG o.m.s.mapper.ClassPathMapperScanner - Enabling autowire by type for MapperFactoryBean with name 'TGuideMapper'.
2024-10-25 15:51:57 DEBUG o.m.s.mapper.ClassPathMapperScanner - Creating MapperFactoryBean with name 'toDoMapper' and 'com.toray.ojt.web.mapper.ToDoMapper' mapperInterface
2024-10-25 15:51:57 DEBUG o.m.s.mapper.ClassPathMapperScanner - Enabling autowire by type for MapperFactoryBean with name 'toDoMapper'.
2024-10-25 15:51:57 DEBUG o.m.s.mapper.ClassPathMapperScanner - Creating MapperFactoryBean with name 'userDetailsMapper' and 'com.toray.ojt.web.mapper.UserDetailsMapper' mapperInterface
2024-10-25 15:51:57 DEBUG o.m.s.mapper.ClassPathMapperScanner - Enabling autowire by type for MapperFactoryBean with name 'userDetailsMapper'.
2024-10-25 15:51:57 DEBUG o.m.s.mapper.ClassPathMapperScanner - Creating MapperFactoryBean with name 'userMapper' and 'com.toray.ojt.web.mapper.UserMapper' mapperInterface
2024-10-25 15:51:57 DEBUG o.m.s.mapper.ClassPathMapperScanner - Enabling autowire by type for MapperFactoryBean with name 'userMapper'.
2024-10-25 15:51:58 INFO  o.s.b.w.e.tomcat.TomcatWebServer - Tomcat initialized with port 8080 (http)
2024-10-25 15:51:58 INFO  o.a.coyote.http11.Http11NioProtocol - Initializing ProtocolHandler ["http-nio-8080"]
2024-10-25 15:51:58 INFO  o.a.catalina.core.StandardService - Starting service [Tomcat]
2024-10-25 15:51:58 INFO  o.a.catalina.core.StandardEngine - Starting Servlet engine: [Apache Tomcat/10.1.30]
2024-10-25 15:51:58 INFO  o.a.c.c.C.[Tomcat].[localhost].[/] - Initializing Spring embedded WebApplicationContext
2024-10-25 15:51:58 INFO  o.s.b.w.s.c.ServletWebServerApplicationContext - Root WebApplicationContext: initialization completed in 2378 ms
2024-10-25 15:51:58 DEBUG o.m.spring.SqlSessionFactoryBean - Property 'configuration' or 'configLocation' not specified, using default MyBatis Configuration
2024-10-25 15:51:59 DEBUG o.m.spring.SqlSessionFactoryBean - Parsed mapper file: 'file [C:\Users\sanjay.nair\Desktop\Toray\ojt\target\classes\mappers\BaseAttachmentMapper.xml]'
2024-10-25 15:51:59 DEBUG o.m.spring.SqlSessionFactoryBean - Parsed mapper file: 'file [C:\Users\sanjay.nair\Desktop\Toray\ojt\target\classes\mappers\BaseAttributeMapper.xml]'
2024-10-25 15:51:59 DEBUG o.m.spring.SqlSessionFactoryBean - Parsed mapper file: 'file [C:\Users\sanjay.nair\Desktop\Toray\ojt\target\classes\mappers\BaseInfo.xml]'
2024-10-25 15:51:59 DEBUG o.m.spring.SqlSessionFactoryBean - Parsed mapper file: 'file [C:\Users\sanjay.nair\Desktop\Toray\ojt\target\classes\mappers\BaseInfoMapper.xml]'
2024-10-25 15:51:59 DEBUG o.m.spring.SqlSessionFactoryBean - Parsed mapper file: 'file [C:\Users\sanjay.nair\Desktop\Toray\ojt\target\classes\mappers\TGuideMapper.xml]'
2024-10-25 15:51:59 DEBUG o.m.spring.SqlSessionFactoryBean - Parsed mapper file: 'file [C:\Users\sanjay.nair\Desktop\Toray\ojt\target\classes\mappers\ToDoMapper.xml]'
2024-10-25 15:51:59 DEBUG o.m.spring.SqlSessionFactoryBean - Parsed mapper file: 'file [C:\Users\sanjay.nair\Desktop\Toray\ojt\target\classes\mappers\UserDetailsMapper.xml]'
2024-10-25 15:51:59 DEBUG o.m.spring.SqlSessionFactoryBean - Parsed mapper file: 'file [C:\Users\sanjay.nair\Desktop\Toray\ojt\target\classes\mappers\UserMapper.xml]'
2024-10-25 15:51:59 DEBUG o.f.c.i.s.classpath.ClassPathScanner - Scanning for classpath resources at 'classpath:db/callback' ...
2024-10-25 15:51:59 DEBUG o.f.c.i.s.classpath.ClassPathScanner - Determining location urls for classpath:db/callback using ClassLoader jdk.internal.loader.ClassLoaders$AppClassLoader@76ed5528 ...
2024-10-25 15:51:59 DEBUG o.f.c.i.s.classpath.ClassPathScanner - Unable to resolve location classpath:db/callback.
2024-10-25 15:51:59 DEBUG o.f.c.i.s.classpath.ClassPathScanner - Scanning for classpath resources at 'classpath:db/migration' ...
2024-10-25 15:51:59 DEBUG o.f.c.i.s.classpath.ClassPathScanner - Determining location urls for classpath:db/migration using ClassLoader jdk.internal.loader.ClassLoaders$AppClassLoader@76ed5528 ...
2024-10-25 15:51:59 DEBUG o.f.c.i.s.classpath.ClassPathScanner - Scanning URL: file:/C:/Users/sanjay.nair/Desktop/Toray/ojt/target/classes/db/migration
2024-10-25 15:51:59 DEBUG o.f.c.i.s.c.FileSystemClassPathLocationScanner - Scanning starting at classpath root in filesystem: C:\Users\sanjay.nair\Desktop\Toray\ojt\target\classes\
2024-10-25 15:51:59 DEBUG o.f.c.i.s.c.FileSystemClassPathLocationScanner - Scanning for resources in path: C:\Users\sanjay.nair\Desktop\Toray\ojt\target\classes\db\migration (db/migration)
2024-10-25 15:51:59 DEBUG o.f.c.i.s.classpath.ClassPathScanner - Found resource: db/migration/V2__create_table_ddl_statements.sql
2024-10-25 15:51:59 DEBUG o.f.c.i.s.classpath.ClassPathScanner - Found resource: db/migration/V3__foreign_key_setup.sql
2024-10-25 15:51:59 DEBUG o.f.c.i.s.classpath.ClassPathScanner - Found resource: db/migration/V4__Initial_Insert.sql
2024-10-25 15:51:59 DEBUG o.f.c.i.s.classpath.ClassPathScanner - Found resource: db/migration/V5__Insert_M_GYOMU_IRAI.sql
2024-10-25 15:51:59 DEBUG o.f.c.i.s.classpath.ClassPathScanner - Found resource: db/migration/V8__Insert_Base_info1.sql
2024-10-25 15:51:59 DEBUG o.f.c.i.s.classpath.ClassPathScanner - Scanning for classes at classpath:db/migration
2024-10-25 15:51:59 DEBUG o.f.c.i.r.ResourceNameValidator - Validating V4__Initial_Insert.sql
2024-10-25 15:51:59 INFO  com.zaxxer.hikari.HikariDataSource - HikariPool-1 - Starting...
2024-10-25 15:52:00 INFO  com.zaxxer.hikari.pool.HikariPool - HikariPool-1 - Added connection oracle.jdbc.driver.T4CConnection@33eb0d4
2024-10-25 15:52:00 INFO  com.zaxxer.hikari.HikariDataSource - HikariPool-1 - Start completed.
2024-10-25 15:52:00 DEBUG o.f.c.i.r.ResourceNameValidator - Validating V8__Insert_Base_info1.sql
2024-10-25 15:52:00 DEBUG o.f.c.i.r.ResourceNameValidator - Validating V3__foreign_key_setup.sql
2024-10-25 15:52:00 DEBUG o.f.c.i.r.ResourceNameValidator - Validating V2__create_table_ddl_statements.sql
2024-10-25 15:52:00 DEBUG o.f.c.i.r.ResourceNameValidator - Validating V5__Insert_M_GYOMU_IRAI.sql
2024-10-25 15:52:00 INFO  org.flywaydb.core.FlywayExecutor - Database: jdbc:oracle:thin:@localhost:1521/test (Oracle 19.0)
2024-10-25 15:52:00 DEBUG org.flywaydb.core.FlywayExecutor - Driver: Oracle JDBC driver 19.8.0.0.0
2024-10-25 15:52:00 DEBUG org.flywaydb.core.FlywayExecutor - DDL Transactions Supported: false
2024-10-25 15:52:00 DEBUG o.f.c.i.s.SchemaHistoryFactory - Schemas: 
2024-10-25 15:52:00 DEBUG o.f.c.i.s.SchemaHistoryFactory - Default schema: null
2024-10-25 15:52:00 DEBUG o.f.c.i.c.SqlScriptCallbackFactory - Scanning for SQL callbacks ...
2024-10-25 15:52:00 DEBUG o.f.core.internal.command.DbValidate - Validating migrations ...
2024-10-25 15:52:00 DEBUG o.f.c.a.c.ClassicConfiguration - CherryPickConfigurationExtension not found
2024-10-25 15:52:00 DEBUG o.f.core.internal.scanner.Scanner - Filtering out resource: db/migration/V4__Initial_Insert.sql (filename: V4__Initial_Insert.sql)
2024-10-25 15:52:00 DEBUG o.f.core.internal.scanner.Scanner - Filtering out resource: db/migration/V8__Insert_Base_info1.sql (filename: V8__Insert_Base_info1.sql)
2024-10-25 15:52:00 DEBUG o.f.core.internal.scanner.Scanner - Filtering out resource: db/migration/V3__foreign_key_setup.sql (filename: V3__foreign_key_setup.sql)
2024-10-25 15:52:00 DEBUG o.f.core.internal.scanner.Scanner - Filtering out resource: db/migration/V2__create_table_ddl_statements.sql (filename: V2__create_table_ddl_statements.sql)
2024-10-25 15:52:00 DEBUG o.f.core.internal.scanner.Scanner - Filtering out resource: db/migration/V5__Insert_M_GYOMU_IRAI.sql (filename: V5__Insert_M_GYOMU_IRAI.sql)
2024-10-25 15:52:00 DEBUG o.f.core.internal.scanner.Scanner - Filtering out resource: db/migration/V4__Initial_Insert.sql (filename: V4__Initial_Insert.sql)
2024-10-25 15:52:00 DEBUG o.f.core.internal.scanner.Scanner - Filtering out resource: db/migration/V8__Insert_Base_info1.sql (filename: V8__Insert_Base_info1.sql)
2024-10-25 15:52:00 DEBUG o.f.core.internal.scanner.Scanner - Filtering out resource: db/migration/V3__foreign_key_setup.sql (filename: V3__foreign_key_setup.sql)
2024-10-25 15:52:00 DEBUG o.f.core.internal.scanner.Scanner - Filtering out resource: db/migration/V2__create_table_ddl_statements.sql (filename: V2__create_table_ddl_statements.sql)
2024-10-25 15:52:00 DEBUG o.f.core.internal.scanner.Scanner - Filtering out resource: db/migration/V5__Insert_M_GYOMU_IRAI.sql (filename: V5__Insert_M_GYOMU_IRAI.sql)
2024-10-25 15:52:00 INFO  o.f.core.internal.command.DbValidate - Successfully validated 6 migrations (execution time 00:00.120s)
2024-10-25 15:52:00 DEBUG o.f.core.internal.command.DbSchemas - Skipping creation of existing schema: "SYS"
2024-10-25 15:52:00 DEBUG o.f.c.a.c.ClassicConfiguration - CherryPickConfigurationExtension not found
2024-10-25 15:52:00 INFO  o.f.core.internal.command.DbMigrate - Current version of schema "SYS": 8
2024-10-25 15:52:00 INFO  o.f.core.internal.command.DbMigrate - Schema "SYS" is up to date. No migration necessary.
2024-10-25 15:52:00 DEBUG org.flywaydb.core.FlywayExecutor - Memory usage: 49 of 156M
2024-10-25 15:52:01 INFO  o.s.s.c.a.a.c.InitializeUserDetailsBeanManagerConfigurer$InitializeUserDetailsManagerConfigurer - Global AuthenticationManager configured with UserDetailsService bean with name customUserDetailsService
2024-10-25 15:52:01 DEBUG o.s.s.web.DefaultSecurityFilterChain - Will secure any request with filters: DisableEncodeUrlFilter, WebAsyncManagerIntegrationFilter, SecurityContextHolderFilter, HeaderWriterFilter, CsrfFilter, LogoutFilter, UsernamePasswordAuthenticationFilter, RequestCacheAwareFilter, SecurityContextHolderAwareRequestFilter, AnonymousAuthenticationFilter, ExceptionTranslationFilter, AuthorizationFilter
2024-10-25 15:52:02 INFO  o.a.coyote.http11.Http11NioProtocol - Starting ProtocolHandler ["http-nio-8080"]
2024-10-25 15:52:02 INFO  o.s.b.w.e.tomcat.TomcatWebServer - Tomcat started on port 8080 (http) with context path '/'
2024-10-25 15:52:02 INFO  com.toray.ojt.OjtApplication - Started OjtApplication in 7.418 seconds (process running for 8.059)
2024-10-25 15:52:05 INFO  com.zaxxer.hikari.HikariDataSource - HikariPool-1 - Shutdown initiated...
2024-10-25 15:52:05 INFO  com.zaxxer.hikari.HikariDataSource - HikariPool-1 - Shutdown completed.
