2024-10-21 11:15:55 INFO  o.h.validator.internal.util.Version - HV000001: Hibernate Validator 8.0.1.Final
2024-10-21 11:15:55 INFO  com.toray.ojt.OjtApplication - Starting OjtApplication using Java 21.0.4 with PID 25940 (C:\Users\sanjay.nair\Desktop\Toray\ojt\target\classes started by sanjay.nair in C:\Users\sanjay.nair\Desktop\Toray\ojt)
2024-10-21 11:15:55 DEBUG com.toray.ojt.OjtApplication - Running with Spring Boot v3.3.4, Spring v6.1.13
2024-10-21 11:15:55 INFO  com.toray.ojt.OjtApplication - No active profile set, falling back to 1 default profile: "default"
2024-10-21 11:15:56 DEBUG o.m.s.mapper.ClassPathMapperScanner - Identified candidate component class: file [C:\Users\sanjay.nair\Desktop\Toray\ojt\target\classes\com\toray\ojt\web\mapper\BaseAttributeMapper.class]
2024-10-21 11:15:56 DEBUG o.m.s.mapper.ClassPathMapperScanner - Identified candidate component class: file [C:\Users\sanjay.nair\Desktop\Toray\ojt\target\classes\com\toray\ojt\web\mapper\BaseInfoMapper.class]
2024-10-21 11:15:56 DEBUG o.m.s.mapper.ClassPathMapperScanner - Identified candidate component class: file [C:\Users\sanjay.nair\Desktop\Toray\ojt\target\classes\com\toray\ojt\web\mapper\TGuideMapper.class]
2024-10-21 11:15:56 DEBUG o.m.s.mapper.ClassPathMapperScanner - Identified candidate component class: file [C:\Users\sanjay.nair\Desktop\Toray\ojt\target\classes\com\toray\ojt\web\mapper\ToDoMapper.class]
2024-10-21 11:15:56 DEBUG o.m.s.mapper.ClassPathMapperScanner - Identified candidate component class: file [C:\Users\sanjay.nair\Desktop\Toray\ojt\target\classes\com\toray\ojt\web\mapper\UserDetailsMapper.class]
2024-10-21 11:15:56 DEBUG o.m.s.mapper.ClassPathMapperScanner - Identified candidate component class: file [C:\Users\sanjay.nair\Desktop\Toray\ojt\target\classes\com\toray\ojt\web\mapper\UserMapper.class]
2024-10-21 11:15:56 DEBUG o.m.s.mapper.ClassPathMapperScanner - Creating MapperFactoryBean with name 'baseAttributeMapper' and 'com.toray.ojt.web.mapper.BaseAttributeMapper' mapperInterface
2024-10-21 11:15:56 DEBUG o.m.s.mapper.ClassPathMapperScanner - Enabling autowire by type for MapperFactoryBean with name 'baseAttributeMapper'.
2024-10-21 11:15:56 DEBUG o.m.s.mapper.ClassPathMapperScanner - Creating MapperFactoryBean with name 'baseInfoMapper' and 'com.toray.ojt.web.mapper.BaseInfoMapper' mapperInterface
2024-10-21 11:15:56 DEBUG o.m.s.mapper.ClassPathMapperScanner - Enabling autowire by type for MapperFactoryBean with name 'baseInfoMapper'.
2024-10-21 11:15:56 DEBUG o.m.s.mapper.ClassPathMapperScanner - Creating MapperFactoryBean with name 'TGuideMapper' and 'com.toray.ojt.web.mapper.TGuideMapper' mapperInterface
2024-10-21 11:15:56 DEBUG o.m.s.mapper.ClassPathMapperScanner - Enabling autowire by type for MapperFactoryBean with name 'TGuideMapper'.
2024-10-21 11:15:56 DEBUG o.m.s.mapper.ClassPathMapperScanner - Creating MapperFactoryBean with name 'toDoMapper' and 'com.toray.ojt.web.mapper.ToDoMapper' mapperInterface
2024-10-21 11:15:56 DEBUG o.m.s.mapper.ClassPathMapperScanner - Enabling autowire by type for MapperFactoryBean with name 'toDoMapper'.
2024-10-21 11:15:56 DEBUG o.m.s.mapper.ClassPathMapperScanner - Creating MapperFactoryBean with name 'userDetailsMapper' and 'com.toray.ojt.web.mapper.UserDetailsMapper' mapperInterface
2024-10-21 11:15:56 DEBUG o.m.s.mapper.ClassPathMapperScanner - Enabling autowire by type for MapperFactoryBean with name 'userDetailsMapper'.
2024-10-21 11:15:56 DEBUG o.m.s.mapper.ClassPathMapperScanner - Creating MapperFactoryBean with name 'userMapper' and 'com.toray.ojt.web.mapper.UserMapper' mapperInterface
2024-10-21 11:15:56 DEBUG o.m.s.mapper.ClassPathMapperScanner - Enabling autowire by type for MapperFactoryBean with name 'userMapper'.
2024-10-21 11:15:56 INFO  o.s.b.w.e.tomcat.TomcatWebServer - Tomcat initialized with port 8080 (http)
2024-10-21 11:15:56 INFO  o.a.coyote.http11.Http11NioProtocol - Initializing ProtocolHandler ["http-nio-8080"]
2024-10-21 11:15:56 INFO  o.a.catalina.core.StandardService - Starting service [Tomcat]
2024-10-21 11:15:56 INFO  o.a.catalina.core.StandardEngine - Starting Servlet engine: [Apache Tomcat/10.1.30]
2024-10-21 11:15:57 INFO  o.a.c.c.C.[Tomcat].[localhost].[/] - Initializing Spring embedded WebApplicationContext
2024-10-21 11:15:57 INFO  o.s.b.w.s.c.ServletWebServerApplicationContext - Root WebApplicationContext: initialization completed in 1803 ms
2024-10-21 11:15:57 DEBUG o.m.spring.SqlSessionFactoryBean - Property 'configuration' or 'configLocation' not specified, using default MyBatis Configuration
2024-10-21 11:15:57 DEBUG o.m.spring.SqlSessionFactoryBean - Parsed mapper file: 'file [C:\Users\sanjay.nair\Desktop\Toray\ojt\target\classes\mappers\BaseAttributeMapper.xml]'
2024-10-21 11:15:57 DEBUG o.m.spring.SqlSessionFactoryBean - Parsed mapper file: 'file [C:\Users\sanjay.nair\Desktop\Toray\ojt\target\classes\mappers\BaseInfo.xml]'
2024-10-21 11:15:57 DEBUG o.m.spring.SqlSessionFactoryBean - Parsed mapper file: 'file [C:\Users\sanjay.nair\Desktop\Toray\ojt\target\classes\mappers\BaseInfoMapper.xml]'
2024-10-21 11:15:57 DEBUG o.m.spring.SqlSessionFactoryBean - Parsed mapper file: 'file [C:\Users\sanjay.nair\Desktop\Toray\ojt\target\classes\mappers\TGuideMapper.xml]'
2024-10-21 11:15:57 DEBUG o.m.spring.SqlSessionFactoryBean - Parsed mapper file: 'file [C:\Users\sanjay.nair\Desktop\Toray\ojt\target\classes\mappers\ToDoMapper.xml]'
2024-10-21 11:15:57 DEBUG o.m.spring.SqlSessionFactoryBean - Parsed mapper file: 'file [C:\Users\sanjay.nair\Desktop\Toray\ojt\target\classes\mappers\UserDetailsMapper.xml]'
2024-10-21 11:15:57 DEBUG o.m.spring.SqlSessionFactoryBean - Parsed mapper file: 'file [C:\Users\sanjay.nair\Desktop\Toray\ojt\target\classes\mappers\UserMapper.xml]'
2024-10-21 11:15:57 DEBUG o.f.c.i.s.classpath.ClassPathScanner - Scanning for classpath resources at 'classpath:db/callback' ...
2024-10-21 11:15:57 DEBUG o.f.c.i.s.classpath.ClassPathScanner - Determining location urls for classpath:db/callback using ClassLoader jdk.internal.loader.ClassLoaders$AppClassLoader@76ed5528 ...
2024-10-21 11:15:57 DEBUG o.f.c.i.s.classpath.ClassPathScanner - Unable to resolve location classpath:db/callback.
2024-10-21 11:15:57 DEBUG o.f.c.i.s.classpath.ClassPathScanner - Scanning for classpath resources at 'classpath:db/migration' ...
2024-10-21 11:15:57 DEBUG o.f.c.i.s.classpath.ClassPathScanner - Determining location urls for classpath:db/migration using ClassLoader jdk.internal.loader.ClassLoaders$AppClassLoader@76ed5528 ...
2024-10-21 11:15:57 DEBUG o.f.c.i.s.classpath.ClassPathScanner - Scanning URL: file:/C:/Users/sanjay.nair/Desktop/Toray/ojt/target/classes/db/migration
2024-10-21 11:15:57 DEBUG o.f.c.i.s.c.FileSystemClassPathLocationScanner - Scanning starting at classpath root in filesystem: C:\Users\sanjay.nair\Desktop\Toray\ojt\target\classes\
2024-10-21 11:15:57 DEBUG o.f.c.i.s.c.FileSystemClassPathLocationScanner - Scanning for resources in path: C:\Users\sanjay.nair\Desktop\Toray\ojt\target\classes\db\migration (db/migration)
2024-10-21 11:15:57 DEBUG o.f.c.i.s.classpath.ClassPathScanner - Found resource: db/migration/V2__create_table_ddl_statements.sql
2024-10-21 11:15:57 DEBUG o.f.c.i.s.classpath.ClassPathScanner - Found resource: db/migration/V3__foreign_key_setup.sql
2024-10-21 11:15:57 DEBUG o.f.c.i.s.classpath.ClassPathScanner - Found resource: db/migration/V4__Initial_Insert.sql
2024-10-21 11:15:57 DEBUG o.f.c.i.s.classpath.ClassPathScanner - Found resource: db/migration/V5__Insert_M_GYOMU_IRAI.sql
2024-10-21 11:15:57 DEBUG o.f.c.i.s.classpath.ClassPathScanner - Found resource: db/migration/V8__Insert_Base_info1.sql
2024-10-21 11:15:57 DEBUG o.f.c.i.s.classpath.ClassPathScanner - Scanning for classes at classpath:db/migration
2024-10-21 11:15:57 DEBUG o.f.c.i.r.ResourceNameValidator - Validating V4__Initial_Insert.sql
2024-10-21 11:15:57 INFO  com.zaxxer.hikari.HikariDataSource - HikariPool-1 - Starting...
2024-10-21 11:15:58 INFO  com.zaxxer.hikari.pool.HikariPool - HikariPool-1 - Added connection oracle.jdbc.driver.T4CConnection@3e53c4ad
2024-10-21 11:15:58 INFO  com.zaxxer.hikari.HikariDataSource - HikariPool-1 - Start completed.
2024-10-21 11:15:58 DEBUG o.f.c.i.r.ResourceNameValidator - Validating V8__Insert_Base_info1.sql
2024-10-21 11:15:58 DEBUG o.f.c.i.r.ResourceNameValidator - Validating V3__foreign_key_setup.sql
2024-10-21 11:15:58 DEBUG o.f.c.i.r.ResourceNameValidator - Validating V2__create_table_ddl_statements.sql
2024-10-21 11:15:58 DEBUG o.f.c.i.r.ResourceNameValidator - Validating V5__Insert_M_GYOMU_IRAI.sql
2024-10-21 11:15:58 INFO  org.flywaydb.core.FlywayExecutor - Database: jdbc:oracle:thin:@localhost:1521/test (Oracle 19.0)
2024-10-21 11:15:58 DEBUG org.flywaydb.core.FlywayExecutor - Driver: Oracle JDBC driver 19.8.0.0.0
2024-10-21 11:15:58 DEBUG org.flywaydb.core.FlywayExecutor - DDL Transactions Supported: false
2024-10-21 11:15:58 DEBUG o.f.c.i.s.SchemaHistoryFactory - Schemas: 
2024-10-21 11:15:58 DEBUG o.f.c.i.s.SchemaHistoryFactory - Default schema: null
2024-10-21 11:15:58 DEBUG o.f.c.i.c.SqlScriptCallbackFactory - Scanning for SQL callbacks ...
2024-10-21 11:15:58 DEBUG o.f.core.internal.command.DbValidate - Validating migrations ...
2024-10-21 11:15:58 DEBUG o.f.c.a.c.ClassicConfiguration - CherryPickConfigurationExtension not found
2024-10-21 11:15:58 DEBUG o.f.core.internal.scanner.Scanner - Filtering out resource: db/migration/V4__Initial_Insert.sql (filename: V4__Initial_Insert.sql)
2024-10-21 11:15:58 DEBUG o.f.core.internal.scanner.Scanner - Filtering out resource: db/migration/V8__Insert_Base_info1.sql (filename: V8__Insert_Base_info1.sql)
2024-10-21 11:15:58 DEBUG o.f.core.internal.scanner.Scanner - Filtering out resource: db/migration/V3__foreign_key_setup.sql (filename: V3__foreign_key_setup.sql)
2024-10-21 11:15:58 DEBUG o.f.core.internal.scanner.Scanner - Filtering out resource: db/migration/V2__create_table_ddl_statements.sql (filename: V2__create_table_ddl_statements.sql)
2024-10-21 11:15:58 DEBUG o.f.core.internal.scanner.Scanner - Filtering out resource: db/migration/V5__Insert_M_GYOMU_IRAI.sql (filename: V5__Insert_M_GYOMU_IRAI.sql)
2024-10-21 11:15:58 DEBUG o.f.core.internal.scanner.Scanner - Filtering out resource: db/migration/V4__Initial_Insert.sql (filename: V4__Initial_Insert.sql)
2024-10-21 11:15:58 DEBUG o.f.core.internal.scanner.Scanner - Filtering out resource: db/migration/V8__Insert_Base_info1.sql (filename: V8__Insert_Base_info1.sql)
2024-10-21 11:15:58 DEBUG o.f.core.internal.scanner.Scanner - Filtering out resource: db/migration/V3__foreign_key_setup.sql (filename: V3__foreign_key_setup.sql)
2024-10-21 11:15:58 DEBUG o.f.core.internal.scanner.Scanner - Filtering out resource: db/migration/V2__create_table_ddl_statements.sql (filename: V2__create_table_ddl_statements.sql)
2024-10-21 11:15:58 DEBUG o.f.core.internal.scanner.Scanner - Filtering out resource: db/migration/V5__Insert_M_GYOMU_IRAI.sql (filename: V5__Insert_M_GYOMU_IRAI.sql)
2024-10-21 11:15:58 INFO  o.f.core.internal.command.DbValidate - Successfully validated 6 migrations (execution time 00:00.066s)
2024-10-21 11:15:58 DEBUG o.f.core.internal.command.DbSchemas - Skipping creation of existing schema: "SYS"
2024-10-21 11:15:58 DEBUG o.f.c.a.c.ClassicConfiguration - CherryPickConfigurationExtension not found
2024-10-21 11:15:58 INFO  o.f.core.internal.command.DbMigrate - Current version of schema "SYS": 8
2024-10-21 11:15:58 INFO  o.f.core.internal.command.DbMigrate - Schema "SYS" is up to date. No migration necessary.
2024-10-21 11:15:58 DEBUG org.flywaydb.core.FlywayExecutor - Memory usage: 42 of 64M
2024-10-21 11:15:58 INFO  o.s.s.c.a.a.c.InitializeUserDetailsBeanManagerConfigurer$InitializeUserDetailsManagerConfigurer - Global AuthenticationManager configured with UserDetailsService bean with name customUserDetailsService
2024-10-21 11:15:59 DEBUG o.s.s.web.DefaultSecurityFilterChain - Will secure any request with filters: DisableEncodeUrlFilter, WebAsyncManagerIntegrationFilter, SecurityContextHolderFilter, HeaderWriterFilter, CsrfFilter, LogoutFilter, UsernamePasswordAuthenticationFilter, RequestCacheAwareFilter, SecurityContextHolderAwareRequestFilter, AnonymousAuthenticationFilter, ExceptionTranslationFilter, AuthorizationFilter
2024-10-21 11:15:59 INFO  o.a.coyote.http11.Http11NioProtocol - Starting ProtocolHandler ["http-nio-8080"]
2024-10-21 11:15:59 INFO  o.s.b.w.e.tomcat.TomcatWebServer - Tomcat started on port 8080 (http) with context path '/'
2024-10-21 11:15:59 INFO  com.toray.ojt.OjtApplication - Started OjtApplication in 5.262 seconds (process running for 5.758)
2024-10-21 11:16:23 INFO  o.a.c.c.C.[Tomcat].[localhost].[/] - Initializing Spring DispatcherServlet 'dispatcherServlet'
2024-10-21 11:16:23 INFO  o.s.web.servlet.DispatcherServlet - Initializing Servlet 'dispatcherServlet'
2024-10-21 11:16:23 INFO  o.s.web.servlet.DispatcherServlet - Completed initialization in 1 ms
2024-10-21 11:16:23 DEBUG o.s.security.web.FilterChainProxy - Securing GET /search
2024-10-21 11:16:23 DEBUG o.s.s.w.a.AnonymousAuthenticationFilter - Set SecurityContextHolder to anonymous SecurityContext
2024-10-21 11:16:23 DEBUG o.s.s.w.s.HttpSessionRequestCache - Saved request http://localhost:8080/search?continue to session
2024-10-21 11:16:23 DEBUG o.s.s.web.DefaultRedirectStrategy - Redirecting to http://localhost:8080/
2024-10-21 11:16:23 DEBUG o.s.security.web.FilterChainProxy - Securing GET /
2024-10-21 11:16:23 DEBUG o.s.security.web.FilterChainProxy - Secured GET /
2024-10-21 11:16:23 DEBUG o.s.s.w.a.AnonymousAuthenticationFilter - Set SecurityContextHolder to anonymous SecurityContext
2024-10-21 11:16:23 DEBUG o.s.security.web.FilterChainProxy - Securing GET /images/GIPS_logo.jpg
2024-10-21 11:16:23 DEBUG o.s.security.web.FilterChainProxy - Securing GET /css/login.css
2024-10-21 11:16:23 DEBUG o.s.security.web.FilterChainProxy - Secured GET /images/GIPS_logo.jpg
2024-10-21 11:16:23 DEBUG o.s.security.web.FilterChainProxy - Secured GET /css/login.css
2024-10-21 11:16:23 DEBUG o.s.s.w.a.AnonymousAuthenticationFilter - Set SecurityContextHolder to anonymous SecurityContext
2024-10-21 11:16:23 DEBUG o.s.s.w.a.AnonymousAuthenticationFilter - Set SecurityContextHolder to anonymous SecurityContext
2024-10-21 11:16:23 DEBUG o.s.security.web.FilterChainProxy - Securing GET /favicon.ico
2024-10-21 11:16:23 DEBUG o.s.s.w.a.AnonymousAuthenticationFilter - Set SecurityContextHolder to anonymous SecurityContext
2024-10-21 11:16:23 DEBUG o.s.s.web.DefaultRedirectStrategy - Redirecting to http://localhost:8080/
2024-10-21 11:16:23 DEBUG o.s.security.web.FilterChainProxy - Securing GET /
2024-10-21 11:16:23 DEBUG o.s.security.web.FilterChainProxy - Secured GET /
2024-10-21 11:16:23 DEBUG o.s.s.w.a.AnonymousAuthenticationFilter - Set SecurityContextHolder to anonymous SecurityContext
2024-10-21 11:16:24 DEBUG o.s.security.web.FilterChainProxy - Securing POST /login
2024-10-21 11:16:24 DEBUG c.t.o.w.s.i.CustomUserDetailsService - Parameter username: A12345
2024-10-21 11:16:24 DEBUG org.mybatis.spring.SqlSessionUtils - Creating a new SqlSession
2024-10-21 11:16:24 DEBUG org.mybatis.spring.SqlSessionUtils - SqlSession [org.apache.ibatis.session.defaults.DefaultSqlSession@d006ae8] was not registered for synchronization because synchronization is not active
2024-10-21 11:16:24 DEBUG o.m.s.t.SpringManagedTransaction - JDBC Connection [HikariProxyConnection@221713970 wrapping oracle.jdbc.driver.T4CConnection@3e53c4ad] will not be managed by Spring
2024-10-21 11:16:24 DEBUG c.t.o.w.m.UserMapper.findByAccountId - ==>  Preparing: SELECT * FROM BASE_PARTY_ACCOUNT WHERE ACCOUNT_ID = ?
2024-10-21 11:16:24 DEBUG c.t.o.w.m.UserMapper.findByAccountId - ==> Parameters: A12345(String)
2024-10-21 11:16:24 DEBUG c.t.o.w.m.UserMapper.findByAccountId - <==      Total: 1
2024-10-21 11:16:24 DEBUG org.mybatis.spring.SqlSessionUtils - Closing non transactional SqlSession [org.apache.ibatis.session.defaults.DefaultSqlSession@d006ae8]
2024-10-21 11:16:24 DEBUG c.t.o.w.s.i.CustomUserDetailsService - User Object: com.toray.ojt.web.entity.User@1aa3efbd
2024-10-21 11:16:24 DEBUG c.t.o.w.s.i.CustomUserDetailsService - isExpired: 1
2024-10-21 11:16:24 DEBUG org.mybatis.spring.SqlSessionUtils - Creating a new SqlSession
2024-10-21 11:16:24 DEBUG org.mybatis.spring.SqlSessionUtils - SqlSession [org.apache.ibatis.session.defaults.DefaultSqlSession@7119a492] was not registered for synchronization because synchronization is not active
2024-10-21 11:16:24 DEBUG o.m.s.t.SpringManagedTransaction - JDBC Connection [HikariProxyConnection@330117737 wrapping oracle.jdbc.driver.T4CConnection@3e53c4ad] will not be managed by Spring
2024-10-21 11:16:24 DEBUG c.t.o.w.m.B.findAtrributeNameByPartyId - ==>  Preparing: SELECT ATTRIBUTE_NAME FROM BASE_PARTY_ATTRIBUTE WHERE PARTY_ID = ?
2024-10-21 11:16:24 DEBUG c.t.o.w.m.B.findAtrributeNameByPartyId - ==> Parameters: P12345(String)
2024-10-21 11:16:24 DEBUG c.t.o.w.m.B.findAtrributeNameByPartyId - <==      Total: 1
2024-10-21 11:16:24 DEBUG org.mybatis.spring.SqlSessionUtils - Closing non transactional SqlSession [org.apache.ibatis.session.defaults.DefaultSqlSession@7119a492]
2024-10-21 11:16:24 DEBUG c.t.o.w.s.i.CustomUserDetailsService - User role: base_admin
2024-10-21 11:16:24 DEBUG org.mybatis.spring.SqlSessionUtils - Creating a new SqlSession
2024-10-21 11:16:24 DEBUG org.mybatis.spring.SqlSessionUtils - SqlSession [org.apache.ibatis.session.defaults.DefaultSqlSession@2eabc7e7] was not registered for synchronization because synchronization is not active
2024-10-21 11:16:24 DEBUG o.m.s.t.SpringManagedTransaction - JDBC Connection [HikariProxyConnection@1860133967 wrapping oracle.jdbc.driver.T4CConnection@3e53c4ad] will not be managed by Spring
2024-10-21 11:16:24 DEBUG c.t.o.w.m.U.findUserNameByPartyId - ==>  Preparing: SELECT * FROM BASE_PARTY WHERE PARTY_ID = ?
2024-10-21 11:16:24 DEBUG c.t.o.w.m.U.findUserNameByPartyId - ==> Parameters: P12345(String)
2024-10-21 11:16:24 DEBUG c.t.o.w.m.U.findUserNameByPartyId - <==      Total: 1
2024-10-21 11:16:24 DEBUG org.mybatis.spring.SqlSessionUtils - Closing non transactional SqlSession [org.apache.ibatis.session.defaults.DefaultSqlSession@2eabc7e7]
2024-10-21 11:16:25 DEBUG o.s.s.a.d.DaoAuthenticationProvider - Authenticated user
2024-10-21 11:16:25 DEBUG o.s.s.w.a.s.ChangeSessionIdAuthenticationStrategy - Changed session id from 807B6D53F52021BA6514D04D49AF2FCC
2024-10-21 11:16:25 DEBUG o.s.s.w.c.CsrfAuthenticationStrategy - Replaced CSRF Token
2024-10-21 11:16:25 DEBUG o.s.s.w.c.HttpSessionSecurityContextRepository - Stored SecurityContextImpl [Authentication=UsernamePasswordAuthenticationToken [Principal=com.toray.ojt.web.entity.CustomUserDetails@31a4553c, Credentials=[PROTECTED], Authenticated=true, Details=WebAuthenticationDetails [RemoteIpAddress=0:0:0:0:0:0:0:1, SessionId=807B6D53F52021BA6514D04D49AF2FCC], Granted Authorities=[base_admin]]] to HttpSession [org.apache.catalina.session.StandardSessionFacade@6866b871]
2024-10-21 11:16:25 DEBUG o.s.s.w.a.UsernamePasswordAuthenticationFilter - Set SecurityContextHolder to UsernamePasswordAuthenticationToken [Principal=com.toray.ojt.web.entity.CustomUserDetails@31a4553c, Credentials=[PROTECTED], Authenticated=true, Details=WebAuthenticationDetails [RemoteIpAddress=0:0:0:0:0:0:0:1, SessionId=807B6D53F52021BA6514D04D49AF2FCC], Granted Authorities=[base_admin]]
2024-10-21 11:16:25 DEBUG org.mybatis.spring.SqlSessionUtils - Creating a new SqlSession
2024-10-21 11:16:25 DEBUG org.mybatis.spring.SqlSessionUtils - SqlSession [org.apache.ibatis.session.defaults.DefaultSqlSession@1890422e] was not registered for synchronization because synchronization is not active
2024-10-21 11:16:25 DEBUG o.m.s.t.SpringManagedTransaction - JDBC Connection [HikariProxyConnection@193919413 wrapping oracle.jdbc.driver.T4CConnection@3e53c4ad] will not be managed by Spring
2024-10-21 11:16:25 DEBUG c.t.o.w.m.UserMapper.findByAccountId - ==>  Preparing: SELECT * FROM BASE_PARTY_ACCOUNT WHERE ACCOUNT_ID = ?
2024-10-21 11:16:25 DEBUG c.t.o.w.m.UserMapper.findByAccountId - ==> Parameters: A12345(String)
2024-10-21 11:16:25 DEBUG c.t.o.w.m.UserMapper.findByAccountId - <==      Total: 1
2024-10-21 11:16:25 DEBUG org.mybatis.spring.SqlSessionUtils - Closing non transactional SqlSession [org.apache.ibatis.session.defaults.DefaultSqlSession@1890422e]
2024-10-21 11:16:25 DEBUG org.mybatis.spring.SqlSessionUtils - Creating a new SqlSession
2024-10-21 11:16:25 DEBUG org.mybatis.spring.SqlSessionUtils - SqlSession [org.apache.ibatis.session.defaults.DefaultSqlSession@56f66d85] was not registered for synchronization because synchronization is not active
2024-10-21 11:16:25 DEBUG o.m.s.t.SpringManagedTransaction - JDBC Connection [HikariProxyConnection@887103659 wrapping oracle.jdbc.driver.T4CConnection@3e53c4ad] will not be managed by Spring
2024-10-21 11:16:25 DEBUG c.t.o.w.m.U.updateFailedLoginAttempt - ==>  Preparing: UPDATE BASE_PARTY_ACCOUNT SET STATE = CASE WHEN ? IS NOT NULL THEN ? ELSE STATE END, FAILED_LOGIN_ATTEMPTS = CASE WHEN ? IS NOT NULL THEN ? ELSE FAILED_LOGIN_ATTEMPTS END, UPD_TIMESTAMP = CURRENT_TIMESTAMP -- Update timestamp for when the user was updated WHERE ACCOUNT_ID = ?
2024-10-21 11:16:25 DEBUG c.t.o.w.m.U.updateFailedLoginAttempt - ==> Parameters: A(String), A(String), 0(Integer), 0(Integer), A12345(String)
2024-10-21 11:16:25 DEBUG c.t.o.w.m.U.updateFailedLoginAttempt - <==    Updates: 1
2024-10-21 11:16:25 DEBUG org.mybatis.spring.SqlSessionUtils - Closing non transactional SqlSession [org.apache.ibatis.session.defaults.DefaultSqlSession@56f66d85]
2024-10-21 11:16:25 DEBUG o.s.security.web.FilterChainProxy - Securing GET /toppage
2024-10-21 11:16:25 DEBUG o.s.s.w.c.HttpSessionSecurityContextRepository - Retrieved SecurityContextImpl [Authentication=UsernamePasswordAuthenticationToken [Principal=com.toray.ojt.web.entity.CustomUserDetails@31a4553c, Credentials=[PROTECTED], Authenticated=true, Details=WebAuthenticationDetails [RemoteIpAddress=0:0:0:0:0:0:0:1, SessionId=807B6D53F52021BA6514D04D49AF2FCC], Granted Authorities=[base_admin]]]
2024-10-21 11:16:25 DEBUG o.s.security.web.FilterChainProxy - Secured GET /toppage
2024-10-21 11:16:25 DEBUG org.mybatis.spring.SqlSessionUtils - Creating a new SqlSession
2024-10-21 11:16:25 DEBUG org.mybatis.spring.SqlSessionUtils - SqlSession [org.apache.ibatis.session.defaults.DefaultSqlSession@3bd0ae82] was not registered for synchronization because synchronization is not active
2024-10-21 11:16:25 DEBUG o.m.s.t.SpringManagedTransaction - JDBC Connection [HikariProxyConnection@2127706012 wrapping oracle.jdbc.driver.T4CConnection@3e53c4ad] will not be managed by Spring
2024-10-21 11:16:25 DEBUG c.t.o.w.m.B.findBaseInfo - ==>  Preparing: SELECT TITLE AS title, BEGIN_YMD AS beginYmd, IMPORTANT_FLG AS importantFlg FROM BASE_INFO WHERE CURRENT_DATE BETWEEN BEGIN_YMD AND END_YMD ORDER BY IMPORTANT_FLG desc
2024-10-21 11:16:25 DEBUG c.t.o.w.m.B.findBaseInfo - ==> Parameters: 
2024-10-21 11:16:25 DEBUG c.t.o.w.m.B.findBaseInfo - <==      Total: 3
2024-10-21 11:16:25 DEBUG org.mybatis.spring.SqlSessionUtils - Closing non transactional SqlSession [org.apache.ibatis.session.defaults.DefaultSqlSession@3bd0ae82]
2024-10-21 11:16:25 DEBUG org.mybatis.spring.SqlSessionUtils - Creating a new SqlSession
2024-10-21 11:16:25 DEBUG org.mybatis.spring.SqlSessionUtils - SqlSession [org.apache.ibatis.session.defaults.DefaultSqlSession@1ab3b28f] was not registered for synchronization because synchronization is not active
2024-10-21 11:16:25 DEBUG o.m.s.t.SpringManagedTransaction - JDBC Connection [HikariProxyConnection@148366194 wrapping oracle.jdbc.driver.T4CConnection@3e53c4ad] will not be managed by Spring
2024-10-21 11:16:25 DEBUG c.t.o.w.m.TGuideMapper.findTGuide - ==>  Preparing: SELECT TITLE AS title, BEGIN_YMD AS beginYmd, IMPORTANT_FLG AS importantFlg FROM T_GUIDE WHERE CURRENT_DATE BETWEEN BEGIN_YMD AND END_YMD ORDER BY IMPORTANT_FLG desc
2024-10-21 11:16:25 DEBUG c.t.o.w.m.TGuideMapper.findTGuide - ==> Parameters: 
2024-10-21 11:16:25 DEBUG c.t.o.w.m.TGuideMapper.findTGuide - <==      Total: 1
2024-10-21 11:16:25 DEBUG org.mybatis.spring.SqlSessionUtils - Closing non transactional SqlSession [org.apache.ibatis.session.defaults.DefaultSqlSession@1ab3b28f]
2024-10-21 11:16:25 DEBUG org.mybatis.spring.SqlSessionUtils - Creating a new SqlSession
2024-10-21 11:16:25 DEBUG org.mybatis.spring.SqlSessionUtils - SqlSession [org.apache.ibatis.session.defaults.DefaultSqlSession@3058c81a] was not registered for synchronization because synchronization is not active
2024-10-21 11:16:25 DEBUG o.m.s.t.SpringManagedTransaction - JDBC Connection [HikariProxyConnection@281065323 wrapping oracle.jdbc.driver.T4CConnection@3e53c4ad] will not be managed by Spring
2024-10-21 11:16:25 DEBUG c.t.o.w.m.T.findToDoByLocale - ==>  Preparing: SELECT T1.GYOMU_CD || '-' || T1.CYCLE_NO AS gyomuCd, T1.SHUSHU_TXT AS shushuTxt, TO_CHAR(TO_DATE(T1.SHIMEKIRI_YMD, 'YYYY-MM-DD'), 'yyyy/mm/dd') AS shimekiriYMD, T1.IRAI_STATUS AS iraiStatus, T1.SEQ_IRAI AS seqIrai, COALESCE(T2.KAITO_STATUS, 'N/A') AS kaitoStatus, COALESCE(T3.USER_KBN, 'Unknown') AS userKbn, COALESCE(T3.USERID, 'Unknown') AS userId, COALESCE(T4.PARTY_NAME_EN, 'No Party') AS partyNameEn, COALESCE(T5.CODE_VALUE1, 'No Value') AS codeValue1, (SELECT COUNT(*) FROM T_IRAI) AS requestTotal FROM T_IRAI T1 LEFT JOIN T_KAITO T2 ON T1.SEQ_IRAI = T2.SEQ_IRAI LEFT JOIN T_KAITO_USER T3 ON T2.SEQ_KAITO = T3.SEQ_KAITO LEFT JOIN BASE_PARTY T4 ON T3.USERID = T4.PARTY_ID LEFT JOIN BASE_CODE T5 ON T2.KAITO_STATUS = T5.CODE AND T5.CODE_KIND = 'KAITO_STATUS' AND T5.LOCALE = ? ORDER BY shimekiriYMD
2024-10-21 11:16:25 DEBUG c.t.o.w.m.T.findToDoByLocale - ==> Parameters: en(String)
2024-10-21 11:16:25 DEBUG c.t.o.w.m.T.findToDoByLocale - <==      Total: 1
2024-10-21 11:16:25 DEBUG org.mybatis.spring.SqlSessionUtils - Closing non transactional SqlSession [org.apache.ibatis.session.defaults.DefaultSqlSession@3058c81a]
2024-10-21 11:16:25 DEBUG org.mybatis.spring.SqlSessionUtils - Creating a new SqlSession
2024-10-21 11:16:25 DEBUG org.mybatis.spring.SqlSessionUtils - SqlSession [org.apache.ibatis.session.defaults.DefaultSqlSession@5bd08cf8] was not registered for synchronization because synchronization is not active
2024-10-21 11:16:25 DEBUG o.m.s.t.SpringManagedTransaction - JDBC Connection [HikariProxyConnection@1115270261 wrapping oracle.jdbc.driver.T4CConnection@3e53c4ad] will not be managed by Spring
2024-10-21 11:16:25 DEBUG c.t.o.w.m.T.findToDoByLocale - ==>  Preparing: SELECT T1.GYOMU_CD || '-' || T1.CYCLE_NO AS gyomuCd, T1.SHUSHU_TXT AS shushuTxt, TO_CHAR(TO_DATE(T1.SHIMEKIRI_YMD, 'YYYY-MM-DD'), 'yyyy/mm/dd') AS shimekiriYMD, T1.IRAI_STATUS AS iraiStatus, T1.SEQ_IRAI AS seqIrai, COALESCE(T2.KAITO_STATUS, 'N/A') AS kaitoStatus, COALESCE(T3.USER_KBN, 'Unknown') AS userKbn, COALESCE(T3.USERID, 'Unknown') AS userId, COALESCE(T4.PARTY_NAME_EN, 'No Party') AS partyNameEn, COALESCE(T5.CODE_VALUE1, 'No Value') AS codeValue1, (SELECT COUNT(*) FROM T_IRAI) AS requestTotal FROM T_IRAI T1 LEFT JOIN T_KAITO T2 ON T1.SEQ_IRAI = T2.SEQ_IRAI LEFT JOIN T_KAITO_USER T3 ON T2.SEQ_KAITO = T3.SEQ_KAITO LEFT JOIN BASE_PARTY T4 ON T3.USERID = T4.PARTY_ID LEFT JOIN BASE_CODE T5 ON T2.KAITO_STATUS = T5.CODE AND T5.CODE_KIND = 'KAITO_STATUS' AND T5.LOCALE = ? ORDER BY shimekiriYMD
2024-10-21 11:16:25 DEBUG c.t.o.w.m.T.findToDoByLocale - ==> Parameters: en(String)
2024-10-21 11:16:25 DEBUG c.t.o.w.m.T.findToDoByLocale - <==      Total: 1
2024-10-21 11:16:25 DEBUG org.mybatis.spring.SqlSessionUtils - Closing non transactional SqlSession [org.apache.ibatis.session.defaults.DefaultSqlSession@5bd08cf8]
2024-10-21 11:16:25 DEBUG o.s.security.web.FilterChainProxy - Securing GET /images/Toray.png
2024-10-21 11:16:25 DEBUG o.s.security.web.FilterChainProxy - Securing GET /css/top.css
2024-10-21 11:16:25 DEBUG o.s.security.web.FilterChainProxy - Securing GET /images/gips.jpg
2024-10-21 11:16:25 DEBUG o.s.security.web.FilterChainProxy - Secured GET /images/Toray.png
2024-10-21 11:16:25 DEBUG o.s.security.web.FilterChainProxy - Secured GET /css/top.css
2024-10-21 11:16:25 DEBUG o.s.security.web.FilterChainProxy - Secured GET /images/gips.jpg
2024-10-21 11:16:25 DEBUG o.s.s.w.c.HttpSessionSecurityContextRepository - Retrieved SecurityContextImpl [Authentication=UsernamePasswordAuthenticationToken [Principal=com.toray.ojt.web.entity.CustomUserDetails@31a4553c, Credentials=[PROTECTED], Authenticated=true, Details=WebAuthenticationDetails [RemoteIpAddress=0:0:0:0:0:0:0:1, SessionId=807B6D53F52021BA6514D04D49AF2FCC], Granted Authorities=[base_admin]]]
2024-10-21 11:16:25 DEBUG o.s.s.w.c.HttpSessionSecurityContextRepository - Retrieved SecurityContextImpl [Authentication=UsernamePasswordAuthenticationToken [Principal=com.toray.ojt.web.entity.CustomUserDetails@31a4553c, Credentials=[PROTECTED], Authenticated=true, Details=WebAuthenticationDetails [RemoteIpAddress=0:0:0:0:0:0:0:1, SessionId=807B6D53F52021BA6514D04D49AF2FCC], Granted Authorities=[base_admin]]]
2024-10-21 11:16:25 DEBUG o.s.s.w.c.HttpSessionSecurityContextRepository - Retrieved SecurityContextImpl [Authentication=UsernamePasswordAuthenticationToken [Principal=com.toray.ojt.web.entity.CustomUserDetails@31a4553c, Credentials=[PROTECTED], Authenticated=true, Details=WebAuthenticationDetails [RemoteIpAddress=0:0:0:0:0:0:0:1, SessionId=807B6D53F52021BA6514D04D49AF2FCC], Granted Authorities=[base_admin]]]
2024-10-21 11:16:25 DEBUG o.s.security.web.FilterChainProxy - Securing GET /images/important.png
2024-10-21 11:16:25 DEBUG o.s.security.web.FilterChainProxy - Secured GET /images/important.png
2024-10-21 11:16:25 DEBUG o.s.s.w.c.HttpSessionSecurityContextRepository - Retrieved SecurityContextImpl [Authentication=UsernamePasswordAuthenticationToken [Principal=com.toray.ojt.web.entity.CustomUserDetails@31a4553c, Credentials=[PROTECTED], Authenticated=true, Details=WebAuthenticationDetails [RemoteIpAddress=0:0:0:0:0:0:0:1, SessionId=807B6D53F52021BA6514D04D49AF2FCC], Granted Authorities=[base_admin]]]
2024-10-21 11:16:25 DEBUG o.s.security.web.FilterChainProxy - Securing GET /favicon.ico
2024-10-21 11:16:25 DEBUG o.s.s.w.c.HttpSessionSecurityContextRepository - Retrieved SecurityContextImpl [Authentication=UsernamePasswordAuthenticationToken [Principal=com.toray.ojt.web.entity.CustomUserDetails@31a4553c, Credentials=[PROTECTED], Authenticated=true, Details=WebAuthenticationDetails [RemoteIpAddress=0:0:0:0:0:0:0:1, SessionId=807B6D53F52021BA6514D04D49AF2FCC], Granted Authorities=[base_admin]]]
2024-10-21 11:16:25 DEBUG o.s.security.web.FilterChainProxy - Secured GET /favicon.ico
2024-10-21 11:16:25 WARN  o.s.w.s.m.s.DefaultHandlerExceptionResolver - Resolved [org.springframework.web.HttpRequestMethodNotSupportedException: Request method 'GET' is not supported]
2024-10-21 11:16:25 DEBUG o.s.security.web.FilterChainProxy - Securing GET /error
2024-10-21 11:16:25 DEBUG o.s.s.w.c.HttpSessionSecurityContextRepository - Retrieved SecurityContextImpl [Authentication=UsernamePasswordAuthenticationToken [Principal=com.toray.ojt.web.entity.CustomUserDetails@31a4553c, Credentials=[PROTECTED], Authenticated=true, Details=WebAuthenticationDetails [RemoteIpAddress=0:0:0:0:0:0:0:1, SessionId=807B6D53F52021BA6514D04D49AF2FCC], Granted Authorities=[base_admin]]]
2024-10-21 11:16:25 DEBUG o.s.security.web.FilterChainProxy - Secured GET /error
2024-10-21 11:16:26 DEBUG o.s.security.web.FilterChainProxy - Securing GET /search
2024-10-21 11:16:26 DEBUG o.s.s.w.c.HttpSessionSecurityContextRepository - Retrieved SecurityContextImpl [Authentication=UsernamePasswordAuthenticationToken [Principal=com.toray.ojt.web.entity.CustomUserDetails@31a4553c, Credentials=[PROTECTED], Authenticated=true, Details=WebAuthenticationDetails [RemoteIpAddress=0:0:0:0:0:0:0:1, SessionId=807B6D53F52021BA6514D04D49AF2FCC], Granted Authorities=[base_admin]]]
2024-10-21 11:16:26 DEBUG o.s.security.web.FilterChainProxy - Secured GET /search
2024-10-21 11:16:26 INFO  c.t.o.w.c.BaseInfoController - Fetching notices ...
2024-10-21 11:16:26 DEBUG org.mybatis.spring.SqlSessionUtils - Creating a new SqlSession
2024-10-21 11:16:26 DEBUG org.mybatis.spring.SqlSessionUtils - SqlSession [org.apache.ibatis.session.defaults.DefaultSqlSession@1f68ac18] was not registered for synchronization because synchronization is not active
2024-10-21 11:16:26 DEBUG o.m.s.t.SpringManagedTransaction - JDBC Connection [HikariProxyConnection@855533758 wrapping oracle.jdbc.driver.T4CConnection@3e53c4ad] will not be managed by Spring
2024-10-21 11:16:26 DEBUG c.t.o.w.m.BaseInfoMapper.getBaseInfo - ==>  Preparing: SELECT Title as title, Text as text, Important_Flg as importantFlg,END_YMD as endYmd,BEGIN_YMD as beginYmd,UPD_TIMESTAMP as updTimestamp,SEQ_INFO as seqInfo,UPD_USERID as updUserId FROM base_info
2024-10-21 11:16:26 DEBUG c.t.o.w.m.BaseInfoMapper.getBaseInfo - ==> Parameters: 
2024-10-21 11:16:26 DEBUG c.t.o.w.m.BaseInfoMapper.getBaseInfo - <==      Total: 5
2024-10-21 11:16:26 DEBUG org.mybatis.spring.SqlSessionUtils - Closing non transactional SqlSession [org.apache.ibatis.session.defaults.DefaultSqlSession@1f68ac18]
2024-10-21 11:16:26 DEBUG c.t.o.w.c.BaseInfoController - Fetched 5 base info records
2024-10-21 11:16:26 INFO  c.t.o.w.c.BaseInfoController - Fetching user who updated notices...
2024-10-21 11:16:26 DEBUG c.t.o.w.c.BaseInfoController - Fetching user name for updUserId: P12345
2024-10-21 11:16:26 DEBUG org.mybatis.spring.SqlSessionUtils - Creating a new SqlSession
2024-10-21 11:16:26 DEBUG org.mybatis.spring.SqlSessionUtils - SqlSession [org.apache.ibatis.session.defaults.DefaultSqlSession@5ef24e8e] was not registered for synchronization because synchronization is not active
2024-10-21 11:16:26 DEBUG o.m.s.t.SpringManagedTransaction - JDBC Connection [HikariProxyConnection@1478734038 wrapping oracle.jdbc.driver.T4CConnection@3e53c4ad] will not be managed by Spring
2024-10-21 11:16:26 DEBUG c.t.o.w.m.U.findUserNameOnlyByPartyId - ==>  Preparing: SELECT PARTY_ID as partyId,PARTY_NAME_KJ as partyNameKj,PARTY_NAME_KN as partyNameKn,PARTY_NAME_EN as partyNameEn FROM BASE_PARTY WHERE PARTY_ID = ?
2024-10-21 11:16:26 DEBUG c.t.o.w.m.U.findUserNameOnlyByPartyId - ==> Parameters: P12345(String)
2024-10-21 11:16:26 DEBUG c.t.o.w.m.U.findUserNameOnlyByPartyId - <==      Total: 1
2024-10-21 11:16:26 DEBUG org.mybatis.spring.SqlSessionUtils - Closing non transactional SqlSession [org.apache.ibatis.session.defaults.DefaultSqlSession@5ef24e8e]
2024-10-21 11:16:26 DEBUG c.t.o.w.c.BaseInfoController - Fetching user name for updUserId: P67890
2024-10-21 11:16:26 DEBUG org.mybatis.spring.SqlSessionUtils - Creating a new SqlSession
2024-10-21 11:16:26 DEBUG org.mybatis.spring.SqlSessionUtils - SqlSession [org.apache.ibatis.session.defaults.DefaultSqlSession@53cf3ccb] was not registered for synchronization because synchronization is not active
2024-10-21 11:16:26 DEBUG o.m.s.t.SpringManagedTransaction - JDBC Connection [HikariProxyConnection@1572776427 wrapping oracle.jdbc.driver.T4CConnection@3e53c4ad] will not be managed by Spring
2024-10-21 11:16:26 DEBUG c.t.o.w.m.U.findUserNameOnlyByPartyId - ==>  Preparing: SELECT PARTY_ID as partyId,PARTY_NAME_KJ as partyNameKj,PARTY_NAME_KN as partyNameKn,PARTY_NAME_EN as partyNameEn FROM BASE_PARTY WHERE PARTY_ID = ?
2024-10-21 11:16:26 DEBUG c.t.o.w.m.U.findUserNameOnlyByPartyId - ==> Parameters: P67890(String)
2024-10-21 11:16:26 DEBUG c.t.o.w.m.U.findUserNameOnlyByPartyId - <==      Total: 1
2024-10-21 11:16:26 DEBUG org.mybatis.spring.SqlSessionUtils - Closing non transactional SqlSession [org.apache.ibatis.session.defaults.DefaultSqlSession@53cf3ccb]
2024-10-21 11:16:26 DEBUG c.t.o.w.c.BaseInfoController - Fetching user name for updUserId: P12345
2024-10-21 11:16:26 DEBUG org.mybatis.spring.SqlSessionUtils - Creating a new SqlSession
2024-10-21 11:16:26 DEBUG org.mybatis.spring.SqlSessionUtils - SqlSession [org.apache.ibatis.session.defaults.DefaultSqlSession@6d05b3b9] was not registered for synchronization because synchronization is not active
2024-10-21 11:16:26 DEBUG o.m.s.t.SpringManagedTransaction - JDBC Connection [HikariProxyConnection@2022840986 wrapping oracle.jdbc.driver.T4CConnection@3e53c4ad] will not be managed by Spring
2024-10-21 11:16:26 DEBUG c.t.o.w.m.U.findUserNameOnlyByPartyId - ==>  Preparing: SELECT PARTY_ID as partyId,PARTY_NAME_KJ as partyNameKj,PARTY_NAME_KN as partyNameKn,PARTY_NAME_EN as partyNameEn FROM BASE_PARTY WHERE PARTY_ID = ?
2024-10-21 11:16:26 DEBUG c.t.o.w.m.U.findUserNameOnlyByPartyId - ==> Parameters: P12345(String)
2024-10-21 11:16:26 DEBUG c.t.o.w.m.U.findUserNameOnlyByPartyId - <==      Total: 1
2024-10-21 11:16:26 DEBUG org.mybatis.spring.SqlSessionUtils - Closing non transactional SqlSession [org.apache.ibatis.session.defaults.DefaultSqlSession@6d05b3b9]
2024-10-21 11:16:26 DEBUG c.t.o.w.c.BaseInfoController - Fetching user name for updUserId: P12345
2024-10-21 11:16:26 DEBUG org.mybatis.spring.SqlSessionUtils - Creating a new SqlSession
2024-10-21 11:16:26 DEBUG org.mybatis.spring.SqlSessionUtils - SqlSession [org.apache.ibatis.session.defaults.DefaultSqlSession@58520358] was not registered for synchronization because synchronization is not active
2024-10-21 11:16:26 DEBUG o.m.s.t.SpringManagedTransaction - JDBC Connection [HikariProxyConnection@587387856 wrapping oracle.jdbc.driver.T4CConnection@3e53c4ad] will not be managed by Spring
2024-10-21 11:16:26 DEBUG c.t.o.w.m.U.findUserNameOnlyByPartyId - ==>  Preparing: SELECT PARTY_ID as partyId,PARTY_NAME_KJ as partyNameKj,PARTY_NAME_KN as partyNameKn,PARTY_NAME_EN as partyNameEn FROM BASE_PARTY WHERE PARTY_ID = ?
2024-10-21 11:16:26 DEBUG c.t.o.w.m.U.findUserNameOnlyByPartyId - ==> Parameters: P12345(String)
2024-10-21 11:16:26 DEBUG c.t.o.w.m.U.findUserNameOnlyByPartyId - <==      Total: 1
2024-10-21 11:16:26 DEBUG org.mybatis.spring.SqlSessionUtils - Closing non transactional SqlSession [org.apache.ibatis.session.defaults.DefaultSqlSession@58520358]
2024-10-21 11:16:26 DEBUG c.t.o.w.c.BaseInfoController - Fetching user name for updUserId: P12345
2024-10-21 11:16:26 DEBUG org.mybatis.spring.SqlSessionUtils - Creating a new SqlSession
2024-10-21 11:16:26 DEBUG org.mybatis.spring.SqlSessionUtils - SqlSession [org.apache.ibatis.session.defaults.DefaultSqlSession@41fac2eb] was not registered for synchronization because synchronization is not active
2024-10-21 11:16:26 DEBUG o.m.s.t.SpringManagedTransaction - JDBC Connection [HikariProxyConnection@803291219 wrapping oracle.jdbc.driver.T4CConnection@3e53c4ad] will not be managed by Spring
2024-10-21 11:16:26 DEBUG c.t.o.w.m.U.findUserNameOnlyByPartyId - ==>  Preparing: SELECT PARTY_ID as partyId,PARTY_NAME_KJ as partyNameKj,PARTY_NAME_KN as partyNameKn,PARTY_NAME_EN as partyNameEn FROM BASE_PARTY WHERE PARTY_ID = ?
2024-10-21 11:16:26 DEBUG c.t.o.w.m.U.findUserNameOnlyByPartyId - ==> Parameters: P12345(String)
2024-10-21 11:16:26 DEBUG c.t.o.w.m.U.findUserNameOnlyByPartyId - <==      Total: 1
2024-10-21 11:16:26 DEBUG org.mybatis.spring.SqlSessionUtils - Closing non transactional SqlSession [org.apache.ibatis.session.defaults.DefaultSqlSession@41fac2eb]
2024-10-21 11:16:27 DEBUG o.s.security.web.FilterChainProxy - Securing GET /css/noticeSearch.css
2024-10-21 11:16:27 DEBUG o.s.security.web.FilterChainProxy - Secured GET /css/noticeSearch.css
2024-10-21 11:16:27 DEBUG o.s.s.w.c.HttpSessionSecurityContextRepository - Retrieved SecurityContextImpl [Authentication=UsernamePasswordAuthenticationToken [Principal=com.toray.ojt.web.entity.CustomUserDetails@31a4553c, Credentials=[PROTECTED], Authenticated=true, Details=WebAuthenticationDetails [RemoteIpAddress=0:0:0:0:0:0:0:1, SessionId=807B6D53F52021BA6514D04D49AF2FCC], Granted Authorities=[base_admin]]]
2024-10-21 11:16:27 DEBUG o.s.security.web.FilterChainProxy - Securing GET /images/Toray.png
2024-10-21 11:16:27 DEBUG o.s.security.web.FilterChainProxy - Securing GET /images/gips.jpg
2024-10-21 11:16:27 DEBUG o.s.security.web.FilterChainProxy - Secured GET /images/Toray.png
2024-10-21 11:16:27 DEBUG o.s.security.web.FilterChainProxy - Secured GET /images/gips.jpg
2024-10-21 11:16:27 DEBUG o.s.s.w.c.HttpSessionSecurityContextRepository - Retrieved SecurityContextImpl [Authentication=UsernamePasswordAuthenticationToken [Principal=com.toray.ojt.web.entity.CustomUserDetails@31a4553c, Credentials=[PROTECTED], Authenticated=true, Details=WebAuthenticationDetails [RemoteIpAddress=0:0:0:0:0:0:0:1, SessionId=807B6D53F52021BA6514D04D49AF2FCC], Granted Authorities=[base_admin]]]
2024-10-21 11:16:27 DEBUG o.s.s.w.c.HttpSessionSecurityContextRepository - Retrieved SecurityContextImpl [Authentication=UsernamePasswordAuthenticationToken [Principal=com.toray.ojt.web.entity.CustomUserDetails@31a4553c, Credentials=[PROTECTED], Authenticated=true, Details=WebAuthenticationDetails [RemoteIpAddress=0:0:0:0:0:0:0:1, SessionId=807B6D53F52021BA6514D04D49AF2FCC], Granted Authorities=[base_admin]]]
2024-10-21 11:16:28 DEBUG o.s.security.web.FilterChainProxy - Securing GET /roles
2024-10-21 11:16:28 DEBUG o.s.s.w.c.HttpSessionSecurityContextRepository - Retrieved SecurityContextImpl [Authentication=UsernamePasswordAuthenticationToken [Principal=com.toray.ojt.web.entity.CustomUserDetails@31a4553c, Credentials=[PROTECTED], Authenticated=true, Details=WebAuthenticationDetails [RemoteIpAddress=0:0:0:0:0:0:0:1, SessionId=807B6D53F52021BA6514D04D49AF2FCC], Granted Authorities=[base_admin]]]
2024-10-21 11:16:28 DEBUG o.s.security.web.FilterChainProxy - Securing GET /favicon.ico
2024-10-21 11:16:28 DEBUG o.s.security.web.FilterChainProxy - Secured GET /roles
2024-10-21 11:16:28 DEBUG o.s.s.w.c.HttpSessionSecurityContextRepository - Retrieved SecurityContextImpl [Authentication=UsernamePasswordAuthenticationToken [Principal=com.toray.ojt.web.entity.CustomUserDetails@31a4553c, Credentials=[PROTECTED], Authenticated=true, Details=WebAuthenticationDetails [RemoteIpAddress=0:0:0:0:0:0:0:1, SessionId=807B6D53F52021BA6514D04D49AF2FCC], Granted Authorities=[base_admin]]]
2024-10-21 11:16:28 DEBUG o.s.security.web.FilterChainProxy - Secured GET /favicon.ico
2024-10-21 11:16:28 WARN  o.s.w.s.m.s.DefaultHandlerExceptionResolver - Resolved [org.springframework.web.HttpRequestMethodNotSupportedException: Request method 'GET' is not supported]
2024-10-21 11:16:28 DEBUG o.s.security.web.FilterChainProxy - Securing GET /error
2024-10-21 11:16:28 DEBUG o.s.s.w.c.HttpSessionSecurityContextRepository - Retrieved SecurityContextImpl [Authentication=UsernamePasswordAuthenticationToken [Principal=com.toray.ojt.web.entity.CustomUserDetails@31a4553c, Credentials=[PROTECTED], Authenticated=true, Details=WebAuthenticationDetails [RemoteIpAddress=0:0:0:0:0:0:0:1, SessionId=807B6D53F52021BA6514D04D49AF2FCC], Granted Authorities=[base_admin]]]
2024-10-21 11:16:28 DEBUG o.s.security.web.FilterChainProxy - Secured GET /error
2024-10-21 11:16:28 DEBUG org.mybatis.spring.SqlSessionUtils - Creating a new SqlSession
2024-10-21 11:16:28 DEBUG org.mybatis.spring.SqlSessionUtils - Registering transaction synchronization for SqlSession [org.apache.ibatis.session.defaults.DefaultSqlSession@41e973fc]
2024-10-21 11:16:28 DEBUG o.m.s.t.SpringManagedTransaction - JDBC Connection [HikariProxyConnection@1101773489 wrapping oracle.jdbc.driver.T4CConnection@3e53c4ad] will be managed by Spring
2024-10-21 11:16:28 DEBUG c.t.o.w.m.BaseInfoMapper.fetchRoles - ==>  Preparing: SELECT ROLE, ROLE_NAME as roleName FROM base_info_view_role_name
2024-10-21 11:16:28 DEBUG c.t.o.w.m.BaseInfoMapper.fetchRoles - ==> Parameters: 
2024-10-21 11:16:28 DEBUG c.t.o.w.m.BaseInfoMapper.fetchRoles - <==      Total: 1
2024-10-21 11:16:28 DEBUG org.mybatis.spring.SqlSessionUtils - Releasing transactional SqlSession [org.apache.ibatis.session.defaults.DefaultSqlSession@41e973fc]
2024-10-21 11:16:28 DEBUG org.mybatis.spring.SqlSessionUtils - Transaction synchronization committing SqlSession [org.apache.ibatis.session.defaults.DefaultSqlSession@41e973fc]
2024-10-21 11:16:28 DEBUG org.mybatis.spring.SqlSessionUtils - Transaction synchronization deregistering SqlSession [org.apache.ibatis.session.defaults.DefaultSqlSession@41e973fc]
2024-10-21 11:16:28 DEBUG org.mybatis.spring.SqlSessionUtils - Transaction synchronization closing SqlSession [org.apache.ibatis.session.defaults.DefaultSqlSession@41e973fc]
2024-10-21 11:16:29 DEBUG o.s.security.web.FilterChainProxy - Securing GET /list?beginYmd=&endYmd=&title=&text=&importantFlg=&page=1&size=6&subject=every
2024-10-21 11:16:29 DEBUG o.s.s.w.c.HttpSessionSecurityContextRepository - Retrieved SecurityContextImpl [Authentication=UsernamePasswordAuthenticationToken [Principal=com.toray.ojt.web.entity.CustomUserDetails@31a4553c, Credentials=[PROTECTED], Authenticated=true, Details=WebAuthenticationDetails [RemoteIpAddress=0:0:0:0:0:0:0:1, SessionId=807B6D53F52021BA6514D04D49AF2FCC], Granted Authorities=[base_admin]]]
2024-10-21 11:16:29 DEBUG o.s.security.web.FilterChainProxy - Secured GET /list?beginYmd=&endYmd=&title=&text=&importantFlg=&page=1&size=6&subject=every
2024-10-21 11:16:29 DEBUG org.mybatis.spring.SqlSessionUtils - Creating a new SqlSession
2024-10-21 11:16:29 DEBUG org.mybatis.spring.SqlSessionUtils - SqlSession [org.apache.ibatis.session.defaults.DefaultSqlSession@3e7bb118] was not registered for synchronization because synchronization is not active
2024-10-21 11:16:29 DEBUG o.m.s.t.SpringManagedTransaction - JDBC Connection [HikariProxyConnection@1134592368 wrapping oracle.jdbc.driver.T4CConnection@3e53c4ad] will not be managed by Spring
2024-10-21 11:16:29 DEBUG c.t.o.w.m.B.searchBaseInfoWithPagination - ==>  Preparing: SELECT Title as title, Text as text, Important_Flg as importantFlg, END_YMD as endYmd, BEGIN_YMD as beginYmd, UPD_TIMESTAMP as updTimestamp, SEQ_INFO as seqInfo FROM base_info WHERE 1=1 ORDER BY CASE WHEN important_flg = 'Y' THEN 1 ELSE 0 END DESC OFFSET ? ROWS FETCH NEXT ? ROWS ONLY
2024-10-21 11:16:29 DEBUG c.t.o.w.m.B.searchBaseInfoWithPagination - ==> Parameters: 0(Integer), 6(Integer)
2024-10-21 11:16:29 DEBUG c.t.o.w.m.B.searchBaseInfoWithPagination - <==      Total: 5
2024-10-21 11:16:29 DEBUG org.mybatis.spring.SqlSessionUtils - Closing non transactional SqlSession [org.apache.ibatis.session.defaults.DefaultSqlSession@3e7bb118]
2024-10-21 11:16:29 DEBUG org.mybatis.spring.SqlSessionUtils - Creating a new SqlSession
2024-10-21 11:16:29 DEBUG org.mybatis.spring.SqlSessionUtils - SqlSession [org.apache.ibatis.session.defaults.DefaultSqlSession@70fec63a] was not registered for synchronization because synchronization is not active
2024-10-21 11:16:29 DEBUG o.m.s.t.SpringManagedTransaction - JDBC Connection [HikariProxyConnection@1999935358 wrapping oracle.jdbc.driver.T4CConnection@3e53c4ad] will not be managed by Spring
2024-10-21 11:16:29 DEBUG c.t.o.w.m.B.countBaseInfoSearchResults - ==>  Preparing: SELECT COUNT(*) FROM base_info WHERE 1=1
2024-10-21 11:16:29 DEBUG c.t.o.w.m.B.countBaseInfoSearchResults - ==> Parameters: 
2024-10-21 11:16:29 DEBUG c.t.o.w.m.B.countBaseInfoSearchResults - <==      Total: 1
2024-10-21 11:16:29 DEBUG org.mybatis.spring.SqlSessionUtils - Closing non transactional SqlSession [org.apache.ibatis.session.defaults.DefaultSqlSession@70fec63a]
2024-10-21 11:16:29 DEBUG o.s.security.web.FilterChainProxy - Securing GET /noticeDetail/roles/1005
2024-10-21 11:16:29 DEBUG o.s.security.web.FilterChainProxy - Securing GET /noticeDetail/roles/3
2024-10-21 11:16:29 DEBUG o.s.security.web.FilterChainProxy - Securing GET /noticeDetail/roles/1
2024-10-21 11:16:29 DEBUG o.s.s.w.c.HttpSessionSecurityContextRepository - Retrieved SecurityContextImpl [Authentication=UsernamePasswordAuthenticationToken [Principal=com.toray.ojt.web.entity.CustomUserDetails@31a4553c, Credentials=[PROTECTED], Authenticated=true, Details=WebAuthenticationDetails [RemoteIpAddress=0:0:0:0:0:0:0:1, SessionId=807B6D53F52021BA6514D04D49AF2FCC], Granted Authorities=[base_admin]]]
2024-10-21 11:16:29 DEBUG o.s.s.w.c.HttpSessionSecurityContextRepository - Retrieved SecurityContextImpl [Authentication=UsernamePasswordAuthenticationToken [Principal=com.toray.ojt.web.entity.CustomUserDetails@31a4553c, Credentials=[PROTECTED], Authenticated=true, Details=WebAuthenticationDetails [RemoteIpAddress=0:0:0:0:0:0:0:1, SessionId=807B6D53F52021BA6514D04D49AF2FCC], Granted Authorities=[base_admin]]]
2024-10-21 11:16:29 DEBUG o.s.s.w.c.HttpSessionSecurityContextRepository - Retrieved SecurityContextImpl [Authentication=UsernamePasswordAuthenticationToken [Principal=com.toray.ojt.web.entity.CustomUserDetails@31a4553c, Credentials=[PROTECTED], Authenticated=true, Details=WebAuthenticationDetails [RemoteIpAddress=0:0:0:0:0:0:0:1, SessionId=807B6D53F52021BA6514D04D49AF2FCC], Granted Authorities=[base_admin]]]
2024-10-21 11:16:29 DEBUG o.s.security.web.FilterChainProxy - Secured GET /noticeDetail/roles/1005
2024-10-21 11:16:29 DEBUG o.s.security.web.FilterChainProxy - Secured GET /noticeDetail/roles/3
2024-10-21 11:16:29 DEBUG o.s.security.web.FilterChainProxy - Secured GET /noticeDetail/roles/1
2024-10-21 11:16:29 DEBUG o.s.security.web.FilterChainProxy - Securing GET /noticeDetail/roles/1006
2024-10-21 11:16:29 DEBUG o.s.security.web.FilterChainProxy - Securing GET /noticeDetail/roles/2
2024-10-21 11:16:29 DEBUG o.s.s.w.c.HttpSessionSecurityContextRepository - Retrieved SecurityContextImpl [Authentication=UsernamePasswordAuthenticationToken [Principal=com.toray.ojt.web.entity.CustomUserDetails@31a4553c, Credentials=[PROTECTED], Authenticated=true, Details=WebAuthenticationDetails [RemoteIpAddress=0:0:0:0:0:0:0:1, SessionId=807B6D53F52021BA6514D04D49AF2FCC], Granted Authorities=[base_admin]]]
2024-10-21 11:16:29 DEBUG o.s.security.web.FilterChainProxy - Secured GET /noticeDetail/roles/1006
2024-10-21 11:16:29 DEBUG o.s.s.w.c.HttpSessionSecurityContextRepository - Retrieved SecurityContextImpl [Authentication=UsernamePasswordAuthenticationToken [Principal=com.toray.ojt.web.entity.CustomUserDetails@31a4553c, Credentials=[PROTECTED], Authenticated=true, Details=WebAuthenticationDetails [RemoteIpAddress=0:0:0:0:0:0:0:1, SessionId=807B6D53F52021BA6514D04D49AF2FCC], Granted Authorities=[base_admin]]]
2024-10-21 11:16:29 DEBUG o.s.security.web.FilterChainProxy - Secured GET /noticeDetail/roles/2
2024-10-21 11:16:29 DEBUG org.mybatis.spring.SqlSessionUtils - Creating a new SqlSession
2024-10-21 11:16:29 DEBUG org.mybatis.spring.SqlSessionUtils - Creating a new SqlSession
2024-10-21 11:16:29 DEBUG org.mybatis.spring.SqlSessionUtils - Creating a new SqlSession
2024-10-21 11:16:29 DEBUG org.mybatis.spring.SqlSessionUtils - SqlSession [org.apache.ibatis.session.defaults.DefaultSqlSession@d12b7e9] was not registered for synchronization because synchronization is not active
2024-10-21 11:16:29 DEBUG org.mybatis.spring.SqlSessionUtils - Creating a new SqlSession
2024-10-21 11:16:29 DEBUG org.mybatis.spring.SqlSessionUtils - Creating a new SqlSession
2024-10-21 11:16:29 DEBUG org.mybatis.spring.SqlSessionUtils - SqlSession [org.apache.ibatis.session.defaults.DefaultSqlSession@53dc6a5f] was not registered for synchronization because synchronization is not active
2024-10-21 11:16:29 DEBUG org.mybatis.spring.SqlSessionUtils - SqlSession [org.apache.ibatis.session.defaults.DefaultSqlSession@482d0253] was not registered for synchronization because synchronization is not active
2024-10-21 11:16:29 DEBUG o.m.s.t.SpringManagedTransaction - JDBC Connection [HikariProxyConnection@1649662082 wrapping oracle.jdbc.driver.T4CConnection@3e53c4ad] will not be managed by Spring
2024-10-21 11:16:29 DEBUG org.mybatis.spring.SqlSessionUtils - SqlSession [org.apache.ibatis.session.defaults.DefaultSqlSession@747a5ece] was not registered for synchronization because synchronization is not active
2024-10-21 11:16:29 DEBUG c.t.o.w.m.B.getRolesBySeqInfo - ==>  Preparing: SELECT ROLE AS role FROM BASE_INFO_VIEW_ROLE WHERE SEQ_INFO = ?
2024-10-21 11:16:29 DEBUG org.mybatis.spring.SqlSessionUtils - SqlSession [org.apache.ibatis.session.defaults.DefaultSqlSession@5f604ca4] was not registered for synchronization because synchronization is not active
2024-10-21 11:16:29 DEBUG o.m.s.t.SpringManagedTransaction - JDBC Connection [HikariProxyConnection@168823501 wrapping oracle.jdbc.driver.T4CConnection@6b38505d] will not be managed by Spring
2024-10-21 11:16:29 DEBUG o.m.s.t.SpringManagedTransaction - JDBC Connection [HikariProxyConnection@1044807824 wrapping oracle.jdbc.driver.T4CConnection@21c362be] will not be managed by Spring
2024-10-21 11:16:29 DEBUG c.t.o.w.m.B.getRolesBySeqInfo - ==>  Preparing: SELECT ROLE AS role FROM BASE_INFO_VIEW_ROLE WHERE SEQ_INFO = ?
2024-10-21 11:16:29 DEBUG c.t.o.w.m.B.getRolesBySeqInfo - ==>  Preparing: SELECT ROLE AS role FROM BASE_INFO_VIEW_ROLE WHERE SEQ_INFO = ?
2024-10-21 11:16:29 DEBUG o.m.s.t.SpringManagedTransaction - JDBC Connection [HikariProxyConnection@1192779643 wrapping oracle.jdbc.driver.T4CConnection@13786f60] will not be managed by Spring
2024-10-21 11:16:29 DEBUG c.t.o.w.m.B.getRolesBySeqInfo - ==>  Preparing: SELECT ROLE AS role FROM BASE_INFO_VIEW_ROLE WHERE SEQ_INFO = ?
2024-10-21 11:16:29 DEBUG o.m.s.t.SpringManagedTransaction - JDBC Connection [HikariProxyConnection@2010382097 wrapping oracle.jdbc.driver.T4CConnection@29429535] will not be managed by Spring
2024-10-21 11:16:29 DEBUG c.t.o.w.m.B.getRolesBySeqInfo - ==>  Preparing: SELECT ROLE AS role FROM BASE_INFO_VIEW_ROLE WHERE SEQ_INFO = ?
2024-10-21 11:16:29 DEBUG c.t.o.w.m.B.getRolesBySeqInfo - ==> Parameters: 1(Long)
2024-10-21 11:16:29 DEBUG c.t.o.w.m.B.getRolesBySeqInfo - ==> Parameters: 3(Long)
2024-10-21 11:16:29 DEBUG c.t.o.w.m.B.getRolesBySeqInfo - ==> Parameters: 1005(Long)
2024-10-21 11:16:29 DEBUG c.t.o.w.m.B.getRolesBySeqInfo - ==> Parameters: 2(Long)
2024-10-21 11:16:29 DEBUG c.t.o.w.m.B.getRolesBySeqInfo - ==> Parameters: 1006(Long)
2024-10-21 11:16:29 DEBUG c.t.o.w.m.B.getRolesBySeqInfo - <==      Total: 0
2024-10-21 11:16:29 DEBUG c.t.o.w.m.B.getRolesBySeqInfo - <==      Total: 1
2024-10-21 11:16:29 DEBUG c.t.o.w.m.B.getRolesBySeqInfo - <==      Total: 1
2024-10-21 11:16:29 DEBUG org.mybatis.spring.SqlSessionUtils - Closing non transactional SqlSession [org.apache.ibatis.session.defaults.DefaultSqlSession@d12b7e9]
2024-10-21 11:16:29 DEBUG c.t.o.w.m.B.getRolesBySeqInfo - <==      Total: 1
2024-10-21 11:16:29 DEBUG org.mybatis.spring.SqlSessionUtils - Closing non transactional SqlSession [org.apache.ibatis.session.defaults.DefaultSqlSession@5f604ca4]
2024-10-21 11:16:29 DEBUG c.t.o.w.m.B.getRolesBySeqInfo - <==      Total: 0
2024-10-21 11:16:29 DEBUG org.mybatis.spring.SqlSessionUtils - Closing non transactional SqlSession [org.apache.ibatis.session.defaults.DefaultSqlSession@482d0253]
2024-10-21 11:16:29 DEBUG org.mybatis.spring.SqlSessionUtils - Closing non transactional SqlSession [org.apache.ibatis.session.defaults.DefaultSqlSession@53dc6a5f]
2024-10-21 11:16:29 DEBUG org.mybatis.spring.SqlSessionUtils - Closing non transactional SqlSession [org.apache.ibatis.session.defaults.DefaultSqlSession@747a5ece]
2024-10-21 11:18:07 INFO  com.zaxxer.hikari.HikariDataSource - HikariPool-1 - Shutdown initiated...
2024-10-21 11:18:07 INFO  com.zaxxer.hikari.HikariDataSource - HikariPool-1 - Shutdown completed.
2024-10-21 11:18:09 INFO  o.h.validator.internal.util.Version - HV000001: Hibernate Validator 8.0.1.Final
2024-10-21 11:18:09 INFO  com.toray.ojt.OjtApplication - Starting OjtApplication using Java 21.0.4 with PID 13228 (C:\Users\sanjay.nair\Desktop\Toray\ojt\target\classes started by sanjay.nair in C:\Users\sanjay.nair\Desktop\Toray\ojt)
2024-10-21 11:18:09 DEBUG com.toray.ojt.OjtApplication - Running with Spring Boot v3.3.4, Spring v6.1.13
2024-10-21 11:18:09 INFO  com.toray.ojt.OjtApplication - No active profile set, falling back to 1 default profile: "default"
2024-10-21 11:18:10 DEBUG o.m.s.mapper.ClassPathMapperScanner - Identified candidate component class: file [C:\Users\sanjay.nair\Desktop\Toray\ojt\target\classes\com\toray\ojt\web\mapper\BaseAttributeMapper.class]
2024-10-21 11:18:10 DEBUG o.m.s.mapper.ClassPathMapperScanner - Identified candidate component class: file [C:\Users\sanjay.nair\Desktop\Toray\ojt\target\classes\com\toray\ojt\web\mapper\BaseInfoMapper.class]
2024-10-21 11:18:10 DEBUG o.m.s.mapper.ClassPathMapperScanner - Identified candidate component class: file [C:\Users\sanjay.nair\Desktop\Toray\ojt\target\classes\com\toray\ojt\web\mapper\TGuideMapper.class]
2024-10-21 11:18:10 DEBUG o.m.s.mapper.ClassPathMapperScanner - Identified candidate component class: file [C:\Users\sanjay.nair\Desktop\Toray\ojt\target\classes\com\toray\ojt\web\mapper\ToDoMapper.class]
2024-10-21 11:18:10 DEBUG o.m.s.mapper.ClassPathMapperScanner - Identified candidate component class: file [C:\Users\sanjay.nair\Desktop\Toray\ojt\target\classes\com\toray\ojt\web\mapper\UserDetailsMapper.class]
2024-10-21 11:18:10 DEBUG o.m.s.mapper.ClassPathMapperScanner - Identified candidate component class: file [C:\Users\sanjay.nair\Desktop\Toray\ojt\target\classes\com\toray\ojt\web\mapper\UserMapper.class]
2024-10-21 11:18:10 DEBUG o.m.s.mapper.ClassPathMapperScanner - Creating MapperFactoryBean with name 'baseAttributeMapper' and 'com.toray.ojt.web.mapper.BaseAttributeMapper' mapperInterface
2024-10-21 11:18:10 DEBUG o.m.s.mapper.ClassPathMapperScanner - Enabling autowire by type for MapperFactoryBean with name 'baseAttributeMapper'.
2024-10-21 11:18:10 DEBUG o.m.s.mapper.ClassPathMapperScanner - Creating MapperFactoryBean with name 'baseInfoMapper' and 'com.toray.ojt.web.mapper.BaseInfoMapper' mapperInterface
2024-10-21 11:18:10 DEBUG o.m.s.mapper.ClassPathMapperScanner - Enabling autowire by type for MapperFactoryBean with name 'baseInfoMapper'.
2024-10-21 11:18:10 DEBUG o.m.s.mapper.ClassPathMapperScanner - Creating MapperFactoryBean with name 'TGuideMapper' and 'com.toray.ojt.web.mapper.TGuideMapper' mapperInterface
2024-10-21 11:18:10 DEBUG o.m.s.mapper.ClassPathMapperScanner - Enabling autowire by type for MapperFactoryBean with name 'TGuideMapper'.
2024-10-21 11:18:10 DEBUG o.m.s.mapper.ClassPathMapperScanner - Creating MapperFactoryBean with name 'toDoMapper' and 'com.toray.ojt.web.mapper.ToDoMapper' mapperInterface
2024-10-21 11:18:10 DEBUG o.m.s.mapper.ClassPathMapperScanner - Enabling autowire by type for MapperFactoryBean with name 'toDoMapper'.
2024-10-21 11:18:10 DEBUG o.m.s.mapper.ClassPathMapperScanner - Creating MapperFactoryBean with name 'userDetailsMapper' and 'com.toray.ojt.web.mapper.UserDetailsMapper' mapperInterface
2024-10-21 11:18:10 DEBUG o.m.s.mapper.ClassPathMapperScanner - Enabling autowire by type for MapperFactoryBean with name 'userDetailsMapper'.
2024-10-21 11:18:10 DEBUG o.m.s.mapper.ClassPathMapperScanner - Creating MapperFactoryBean with name 'userMapper' and 'com.toray.ojt.web.mapper.UserMapper' mapperInterface
2024-10-21 11:18:10 DEBUG o.m.s.mapper.ClassPathMapperScanner - Enabling autowire by type for MapperFactoryBean with name 'userMapper'.
2024-10-21 11:18:11 INFO  o.s.b.w.e.tomcat.TomcatWebServer - Tomcat initialized with port 8080 (http)
2024-10-21 11:18:11 INFO  o.a.coyote.http11.Http11NioProtocol - Initializing ProtocolHandler ["http-nio-8080"]
2024-10-21 11:18:11 INFO  o.a.catalina.core.StandardService - Starting service [Tomcat]
2024-10-21 11:18:11 INFO  o.a.catalina.core.StandardEngine - Starting Servlet engine: [Apache Tomcat/10.1.30]
2024-10-21 11:18:11 INFO  o.a.c.c.C.[Tomcat].[localhost].[/] - Initializing Spring embedded WebApplicationContext
2024-10-21 11:18:11 INFO  o.s.b.w.s.c.ServletWebServerApplicationContext - Root WebApplicationContext: initialization completed in 2096 ms
2024-10-21 11:18:12 DEBUG o.m.spring.SqlSessionFactoryBean - Property 'configuration' or 'configLocation' not specified, using default MyBatis Configuration
2024-10-21 11:18:12 DEBUG o.m.spring.SqlSessionFactoryBean - Parsed mapper file: 'file [C:\Users\sanjay.nair\Desktop\Toray\ojt\target\classes\mappers\BaseAttributeMapper.xml]'
2024-10-21 11:18:12 DEBUG o.m.spring.SqlSessionFactoryBean - Parsed mapper file: 'file [C:\Users\sanjay.nair\Desktop\Toray\ojt\target\classes\mappers\BaseInfo.xml]'
2024-10-21 11:18:12 DEBUG o.m.spring.SqlSessionFactoryBean - Parsed mapper file: 'file [C:\Users\sanjay.nair\Desktop\Toray\ojt\target\classes\mappers\BaseInfoMapper.xml]'
2024-10-21 11:18:12 DEBUG o.m.spring.SqlSessionFactoryBean - Parsed mapper file: 'file [C:\Users\sanjay.nair\Desktop\Toray\ojt\target\classes\mappers\TGuideMapper.xml]'
2024-10-21 11:18:12 DEBUG o.m.spring.SqlSessionFactoryBean - Parsed mapper file: 'file [C:\Users\sanjay.nair\Desktop\Toray\ojt\target\classes\mappers\ToDoMapper.xml]'
2024-10-21 11:18:12 DEBUG o.m.spring.SqlSessionFactoryBean - Parsed mapper file: 'file [C:\Users\sanjay.nair\Desktop\Toray\ojt\target\classes\mappers\UserDetailsMapper.xml]'
2024-10-21 11:18:12 DEBUG o.m.spring.SqlSessionFactoryBean - Parsed mapper file: 'file [C:\Users\sanjay.nair\Desktop\Toray\ojt\target\classes\mappers\UserMapper.xml]'
2024-10-21 11:18:12 DEBUG o.f.c.i.s.classpath.ClassPathScanner - Scanning for classpath resources at 'classpath:db/callback' ...
2024-10-21 11:18:12 DEBUG o.f.c.i.s.classpath.ClassPathScanner - Determining location urls for classpath:db/callback using ClassLoader jdk.internal.loader.ClassLoaders$AppClassLoader@76ed5528 ...
2024-10-21 11:18:12 DEBUG o.f.c.i.s.classpath.ClassPathScanner - Unable to resolve location classpath:db/callback.
2024-10-21 11:18:12 DEBUG o.f.c.i.s.classpath.ClassPathScanner - Scanning for classpath resources at 'classpath:db/migration' ...
2024-10-21 11:18:12 DEBUG o.f.c.i.s.classpath.ClassPathScanner - Determining location urls for classpath:db/migration using ClassLoader jdk.internal.loader.ClassLoaders$AppClassLoader@76ed5528 ...
2024-10-21 11:18:12 DEBUG o.f.c.i.s.classpath.ClassPathScanner - Scanning URL: file:/C:/Users/sanjay.nair/Desktop/Toray/ojt/target/classes/db/migration
2024-10-21 11:18:12 DEBUG o.f.c.i.s.c.FileSystemClassPathLocationScanner - Scanning starting at classpath root in filesystem: C:\Users\sanjay.nair\Desktop\Toray\ojt\target\classes\
2024-10-21 11:18:12 DEBUG o.f.c.i.s.c.FileSystemClassPathLocationScanner - Scanning for resources in path: C:\Users\sanjay.nair\Desktop\Toray\ojt\target\classes\db\migration (db/migration)
2024-10-21 11:18:12 DEBUG o.f.c.i.s.classpath.ClassPathScanner - Found resource: db/migration/V2__create_table_ddl_statements.sql
2024-10-21 11:18:12 DEBUG o.f.c.i.s.classpath.ClassPathScanner - Found resource: db/migration/V3__foreign_key_setup.sql
2024-10-21 11:18:12 DEBUG o.f.c.i.s.classpath.ClassPathScanner - Found resource: db/migration/V4__Initial_Insert.sql
2024-10-21 11:18:12 DEBUG o.f.c.i.s.classpath.ClassPathScanner - Found resource: db/migration/V5__Insert_M_GYOMU_IRAI.sql
2024-10-21 11:18:12 DEBUG o.f.c.i.s.classpath.ClassPathScanner - Found resource: db/migration/V8__Insert_Base_info1.sql
2024-10-21 11:18:12 DEBUG o.f.c.i.s.classpath.ClassPathScanner - Scanning for classes at classpath:db/migration
2024-10-21 11:18:12 DEBUG o.f.c.i.r.ResourceNameValidator - Validating V4__Initial_Insert.sql
2024-10-21 11:18:12 INFO  com.zaxxer.hikari.HikariDataSource - HikariPool-1 - Starting...
2024-10-21 11:18:13 INFO  com.zaxxer.hikari.pool.HikariPool - HikariPool-1 - Added connection oracle.jdbc.driver.T4CConnection@5396eeb1
2024-10-21 11:18:13 INFO  com.zaxxer.hikari.HikariDataSource - HikariPool-1 - Start completed.
2024-10-21 11:18:13 DEBUG o.f.c.i.r.ResourceNameValidator - Validating V8__Insert_Base_info1.sql
2024-10-21 11:18:13 DEBUG o.f.c.i.r.ResourceNameValidator - Validating V3__foreign_key_setup.sql
2024-10-21 11:18:13 DEBUG o.f.c.i.r.ResourceNameValidator - Validating V2__create_table_ddl_statements.sql
2024-10-21 11:18:13 DEBUG o.f.c.i.r.ResourceNameValidator - Validating V5__Insert_M_GYOMU_IRAI.sql
2024-10-21 11:18:13 INFO  org.flywaydb.core.FlywayExecutor - Database: jdbc:oracle:thin:@localhost:1521/test (Oracle 19.0)
2024-10-21 11:18:13 DEBUG org.flywaydb.core.FlywayExecutor - Driver: Oracle JDBC driver 19.8.0.0.0
2024-10-21 11:18:13 DEBUG org.flywaydb.core.FlywayExecutor - DDL Transactions Supported: false
2024-10-21 11:18:13 DEBUG o.f.c.i.s.SchemaHistoryFactory - Schemas: 
2024-10-21 11:18:13 DEBUG o.f.c.i.s.SchemaHistoryFactory - Default schema: null
2024-10-21 11:18:13 DEBUG o.f.c.i.c.SqlScriptCallbackFactory - Scanning for SQL callbacks ...
2024-10-21 11:18:13 DEBUG o.f.core.internal.command.DbValidate - Validating migrations ...
2024-10-21 11:18:13 DEBUG o.f.c.a.c.ClassicConfiguration - CherryPickConfigurationExtension not found
2024-10-21 11:18:13 DEBUG o.f.core.internal.scanner.Scanner - Filtering out resource: db/migration/V4__Initial_Insert.sql (filename: V4__Initial_Insert.sql)
2024-10-21 11:18:13 DEBUG o.f.core.internal.scanner.Scanner - Filtering out resource: db/migration/V8__Insert_Base_info1.sql (filename: V8__Insert_Base_info1.sql)
2024-10-21 11:18:13 DEBUG o.f.core.internal.scanner.Scanner - Filtering out resource: db/migration/V3__foreign_key_setup.sql (filename: V3__foreign_key_setup.sql)
2024-10-21 11:18:13 DEBUG o.f.core.internal.scanner.Scanner - Filtering out resource: db/migration/V2__create_table_ddl_statements.sql (filename: V2__create_table_ddl_statements.sql)
2024-10-21 11:18:13 DEBUG o.f.core.internal.scanner.Scanner - Filtering out resource: db/migration/V5__Insert_M_GYOMU_IRAI.sql (filename: V5__Insert_M_GYOMU_IRAI.sql)
2024-10-21 11:18:13 DEBUG o.f.core.internal.scanner.Scanner - Filtering out resource: db/migration/V4__Initial_Insert.sql (filename: V4__Initial_Insert.sql)
2024-10-21 11:18:13 DEBUG o.f.core.internal.scanner.Scanner - Filtering out resource: db/migration/V8__Insert_Base_info1.sql (filename: V8__Insert_Base_info1.sql)
2024-10-21 11:18:13 DEBUG o.f.core.internal.scanner.Scanner - Filtering out resource: db/migration/V3__foreign_key_setup.sql (filename: V3__foreign_key_setup.sql)
2024-10-21 11:18:13 DEBUG o.f.core.internal.scanner.Scanner - Filtering out resource: db/migration/V2__create_table_ddl_statements.sql (filename: V2__create_table_ddl_statements.sql)
2024-10-21 11:18:13 DEBUG o.f.core.internal.scanner.Scanner - Filtering out resource: db/migration/V5__Insert_M_GYOMU_IRAI.sql (filename: V5__Insert_M_GYOMU_IRAI.sql)
2024-10-21 11:18:13 INFO  o.f.core.internal.command.DbValidate - Successfully validated 6 migrations (execution time 00:00.076s)
2024-10-21 11:18:13 DEBUG o.f.core.internal.command.DbSchemas - Skipping creation of existing schema: "SYS"
2024-10-21 11:18:13 DEBUG o.f.c.a.c.ClassicConfiguration - CherryPickConfigurationExtension not found
2024-10-21 11:18:13 INFO  o.f.core.internal.command.DbMigrate - Current version of schema "SYS": 8
2024-10-21 11:18:13 INFO  o.f.core.internal.command.DbMigrate - Schema "SYS" is up to date. No migration necessary.
2024-10-21 11:18:13 DEBUG org.flywaydb.core.FlywayExecutor - Memory usage: 42 of 58M
2024-10-21 11:18:14 INFO  o.s.s.c.a.a.c.InitializeUserDetailsBeanManagerConfigurer$InitializeUserDetailsManagerConfigurer - Global AuthenticationManager configured with UserDetailsService bean with name customUserDetailsService
2024-10-21 11:18:14 DEBUG o.s.s.web.DefaultSecurityFilterChain - Will secure any request with filters: DisableEncodeUrlFilter, WebAsyncManagerIntegrationFilter, SecurityContextHolderFilter, HeaderWriterFilter, CsrfFilter, LogoutFilter, UsernamePasswordAuthenticationFilter, RequestCacheAwareFilter, SecurityContextHolderAwareRequestFilter, AnonymousAuthenticationFilter, ExceptionTranslationFilter, AuthorizationFilter
2024-10-21 11:18:14 INFO  o.a.coyote.http11.Http11NioProtocol - Starting ProtocolHandler ["http-nio-8080"]
2024-10-21 11:18:15 INFO  o.s.b.w.e.tomcat.TomcatWebServer - Tomcat started on port 8080 (http) with context path '/'
2024-10-21 11:18:15 INFO  com.toray.ojt.OjtApplication - Started OjtApplication in 6.162 seconds (process running for 6.724)
2024-10-21 11:32:01 INFO  com.zaxxer.hikari.HikariDataSource - HikariPool-1 - Shutdown initiated...
2024-10-21 11:32:01 INFO  com.zaxxer.hikari.HikariDataSource - HikariPool-1 - Shutdown completed.
2024-10-21 11:43:56 INFO  o.h.validator.internal.util.Version - HV000001: Hibernate Validator 8.0.1.Final
2024-10-21 11:43:56 INFO  com.toray.ojt.OjtApplication - Starting OjtApplication using Java 21.0.4 with PID 23456 (C:\Users\sanjay.nair\Desktop\Toray\ojt\target\classes started by sanjay.nair in C:\Users\sanjay.nair\Desktop\Toray\ojt)
2024-10-21 11:43:56 DEBUG com.toray.ojt.OjtApplication - Running with Spring Boot v3.3.4, Spring v6.1.13
2024-10-21 11:43:56 INFO  com.toray.ojt.OjtApplication - No active profile set, falling back to 1 default profile: "default"
2024-10-21 11:43:57 DEBUG o.m.s.mapper.ClassPathMapperScanner - Identified candidate component class: file [C:\Users\sanjay.nair\Desktop\Toray\ojt\target\classes\com\toray\ojt\web\mapper\BaseAttributeMapper.class]
2024-10-21 11:43:57 DEBUG o.m.s.mapper.ClassPathMapperScanner - Identified candidate component class: file [C:\Users\sanjay.nair\Desktop\Toray\ojt\target\classes\com\toray\ojt\web\mapper\BaseInfoMapper.class]
2024-10-21 11:43:57 DEBUG o.m.s.mapper.ClassPathMapperScanner - Identified candidate component class: file [C:\Users\sanjay.nair\Desktop\Toray\ojt\target\classes\com\toray\ojt\web\mapper\TGuideMapper.class]
2024-10-21 11:43:57 DEBUG o.m.s.mapper.ClassPathMapperScanner - Identified candidate component class: file [C:\Users\sanjay.nair\Desktop\Toray\ojt\target\classes\com\toray\ojt\web\mapper\ToDoMapper.class]
2024-10-21 11:43:57 DEBUG o.m.s.mapper.ClassPathMapperScanner - Identified candidate component class: file [C:\Users\sanjay.nair\Desktop\Toray\ojt\target\classes\com\toray\ojt\web\mapper\UserDetailsMapper.class]
2024-10-21 11:43:57 DEBUG o.m.s.mapper.ClassPathMapperScanner - Identified candidate component class: file [C:\Users\sanjay.nair\Desktop\Toray\ojt\target\classes\com\toray\ojt\web\mapper\UserMapper.class]
2024-10-21 11:43:57 DEBUG o.m.s.mapper.ClassPathMapperScanner - Creating MapperFactoryBean with name 'baseAttributeMapper' and 'com.toray.ojt.web.mapper.BaseAttributeMapper' mapperInterface
2024-10-21 11:43:57 DEBUG o.m.s.mapper.ClassPathMapperScanner - Enabling autowire by type for MapperFactoryBean with name 'baseAttributeMapper'.
2024-10-21 11:43:57 DEBUG o.m.s.mapper.ClassPathMapperScanner - Creating MapperFactoryBean with name 'baseInfoMapper' and 'com.toray.ojt.web.mapper.BaseInfoMapper' mapperInterface
2024-10-21 11:43:57 DEBUG o.m.s.mapper.ClassPathMapperScanner - Enabling autowire by type for MapperFactoryBean with name 'baseInfoMapper'.
2024-10-21 11:43:57 DEBUG o.m.s.mapper.ClassPathMapperScanner - Creating MapperFactoryBean with name 'TGuideMapper' and 'com.toray.ojt.web.mapper.TGuideMapper' mapperInterface
2024-10-21 11:43:57 DEBUG o.m.s.mapper.ClassPathMapperScanner - Enabling autowire by type for MapperFactoryBean with name 'TGuideMapper'.
2024-10-21 11:43:57 DEBUG o.m.s.mapper.ClassPathMapperScanner - Creating MapperFactoryBean with name 'toDoMapper' and 'com.toray.ojt.web.mapper.ToDoMapper' mapperInterface
2024-10-21 11:43:57 DEBUG o.m.s.mapper.ClassPathMapperScanner - Enabling autowire by type for MapperFactoryBean with name 'toDoMapper'.
2024-10-21 11:43:57 DEBUG o.m.s.mapper.ClassPathMapperScanner - Creating MapperFactoryBean with name 'userDetailsMapper' and 'com.toray.ojt.web.mapper.UserDetailsMapper' mapperInterface
2024-10-21 11:43:57 DEBUG o.m.s.mapper.ClassPathMapperScanner - Enabling autowire by type for MapperFactoryBean with name 'userDetailsMapper'.
2024-10-21 11:43:57 DEBUG o.m.s.mapper.ClassPathMapperScanner - Creating MapperFactoryBean with name 'userMapper' and 'com.toray.ojt.web.mapper.UserMapper' mapperInterface
2024-10-21 11:43:57 DEBUG o.m.s.mapper.ClassPathMapperScanner - Enabling autowire by type for MapperFactoryBean with name 'userMapper'.
2024-10-21 11:43:58 INFO  o.s.b.w.e.tomcat.TomcatWebServer - Tomcat initialized with port 8080 (http)
2024-10-21 11:43:58 INFO  o.a.coyote.http11.Http11NioProtocol - Initializing ProtocolHandler ["http-nio-8080"]
2024-10-21 11:43:58 INFO  o.a.catalina.core.StandardService - Starting service [Tomcat]
2024-10-21 11:43:58 INFO  o.a.catalina.core.StandardEngine - Starting Servlet engine: [Apache Tomcat/10.1.30]
2024-10-21 11:43:58 INFO  o.a.c.c.C.[Tomcat].[localhost].[/] - Initializing Spring embedded WebApplicationContext
2024-10-21 11:43:58 INFO  o.s.b.w.s.c.ServletWebServerApplicationContext - Root WebApplicationContext: initialization completed in 1999 ms
2024-10-21 11:43:59 DEBUG o.m.spring.SqlSessionFactoryBean - Property 'configuration' or 'configLocation' not specified, using default MyBatis Configuration
2024-10-21 11:43:59 DEBUG o.m.spring.SqlSessionFactoryBean - Parsed mapper file: 'file [C:\Users\sanjay.nair\Desktop\Toray\ojt\target\classes\mappers\BaseAttributeMapper.xml]'
2024-10-21 11:43:59 DEBUG o.m.spring.SqlSessionFactoryBean - Parsed mapper file: 'file [C:\Users\sanjay.nair\Desktop\Toray\ojt\target\classes\mappers\BaseInfo.xml]'
2024-10-21 11:43:59 DEBUG o.m.spring.SqlSessionFactoryBean - Parsed mapper file: 'file [C:\Users\sanjay.nair\Desktop\Toray\ojt\target\classes\mappers\BaseInfoMapper.xml]'
2024-10-21 11:43:59 DEBUG o.m.spring.SqlSessionFactoryBean - Parsed mapper file: 'file [C:\Users\sanjay.nair\Desktop\Toray\ojt\target\classes\mappers\TGuideMapper.xml]'
2024-10-21 11:43:59 DEBUG o.m.spring.SqlSessionFactoryBean - Parsed mapper file: 'file [C:\Users\sanjay.nair\Desktop\Toray\ojt\target\classes\mappers\ToDoMapper.xml]'
2024-10-21 11:43:59 DEBUG o.m.spring.SqlSessionFactoryBean - Parsed mapper file: 'file [C:\Users\sanjay.nair\Desktop\Toray\ojt\target\classes\mappers\UserDetailsMapper.xml]'
2024-10-21 11:43:59 DEBUG o.m.spring.SqlSessionFactoryBean - Parsed mapper file: 'file [C:\Users\sanjay.nair\Desktop\Toray\ojt\target\classes\mappers\UserMapper.xml]'
2024-10-21 11:43:59 DEBUG o.f.c.i.s.classpath.ClassPathScanner - Scanning for classpath resources at 'classpath:db/callback' ...
2024-10-21 11:43:59 DEBUG o.f.c.i.s.classpath.ClassPathScanner - Determining location urls for classpath:db/callback using ClassLoader jdk.internal.loader.ClassLoaders$AppClassLoader@76ed5528 ...
2024-10-21 11:43:59 DEBUG o.f.c.i.s.classpath.ClassPathScanner - Unable to resolve location classpath:db/callback.
2024-10-21 11:43:59 DEBUG o.f.c.i.s.classpath.ClassPathScanner - Scanning for classpath resources at 'classpath:db/migration' ...
2024-10-21 11:43:59 DEBUG o.f.c.i.s.classpath.ClassPathScanner - Determining location urls for classpath:db/migration using ClassLoader jdk.internal.loader.ClassLoaders$AppClassLoader@76ed5528 ...
2024-10-21 11:43:59 DEBUG o.f.c.i.s.classpath.ClassPathScanner - Scanning URL: file:/C:/Users/sanjay.nair/Desktop/Toray/ojt/target/classes/db/migration
2024-10-21 11:43:59 DEBUG o.f.c.i.s.c.FileSystemClassPathLocationScanner - Scanning starting at classpath root in filesystem: C:\Users\sanjay.nair\Desktop\Toray\ojt\target\classes\
2024-10-21 11:43:59 DEBUG o.f.c.i.s.c.FileSystemClassPathLocationScanner - Scanning for resources in path: C:\Users\sanjay.nair\Desktop\Toray\ojt\target\classes\db\migration (db/migration)
2024-10-21 11:43:59 DEBUG o.f.c.i.s.classpath.ClassPathScanner - Found resource: db/migration/V2__create_table_ddl_statements.sql
2024-10-21 11:43:59 DEBUG o.f.c.i.s.classpath.ClassPathScanner - Found resource: db/migration/V3__foreign_key_setup.sql
2024-10-21 11:43:59 DEBUG o.f.c.i.s.classpath.ClassPathScanner - Found resource: db/migration/V4__Initial_Insert.sql
2024-10-21 11:43:59 DEBUG o.f.c.i.s.classpath.ClassPathScanner - Found resource: db/migration/V5__Insert_M_GYOMU_IRAI.sql
2024-10-21 11:43:59 DEBUG o.f.c.i.s.classpath.ClassPathScanner - Found resource: db/migration/V8__Insert_Base_info1.sql
2024-10-21 11:43:59 DEBUG o.f.c.i.s.classpath.ClassPathScanner - Scanning for classes at classpath:db/migration
2024-10-21 11:43:59 DEBUG o.f.c.i.r.ResourceNameValidator - Validating V4__Initial_Insert.sql
2024-10-21 11:43:59 INFO  com.zaxxer.hikari.HikariDataSource - HikariPool-1 - Starting...
2024-10-21 11:44:00 INFO  com.zaxxer.hikari.pool.HikariPool - HikariPool-1 - Added connection oracle.jdbc.driver.T4CConnection@5faeeb56
2024-10-21 11:44:00 INFO  com.zaxxer.hikari.HikariDataSource - HikariPool-1 - Start completed.
2024-10-21 11:44:00 DEBUG o.f.c.i.r.ResourceNameValidator - Validating V8__Insert_Base_info1.sql
2024-10-21 11:44:00 DEBUG o.f.c.i.r.ResourceNameValidator - Validating V3__foreign_key_setup.sql
2024-10-21 11:44:00 DEBUG o.f.c.i.r.ResourceNameValidator - Validating V2__create_table_ddl_statements.sql
2024-10-21 11:44:00 DEBUG o.f.c.i.r.ResourceNameValidator - Validating V5__Insert_M_GYOMU_IRAI.sql
2024-10-21 11:44:00 INFO  org.flywaydb.core.FlywayExecutor - Database: jdbc:oracle:thin:@localhost:1521/test (Oracle 19.0)
2024-10-21 11:44:00 DEBUG org.flywaydb.core.FlywayExecutor - Driver: Oracle JDBC driver 19.8.0.0.0
2024-10-21 11:44:00 DEBUG org.flywaydb.core.FlywayExecutor - DDL Transactions Supported: false
2024-10-21 11:44:00 DEBUG o.f.c.i.s.SchemaHistoryFactory - Schemas: 
2024-10-21 11:44:00 DEBUG o.f.c.i.s.SchemaHistoryFactory - Default schema: null
2024-10-21 11:44:00 DEBUG o.f.c.i.c.SqlScriptCallbackFactory - Scanning for SQL callbacks ...
2024-10-21 11:44:00 DEBUG o.f.core.internal.command.DbValidate - Validating migrations ...
2024-10-21 11:44:00 DEBUG o.f.c.a.c.ClassicConfiguration - CherryPickConfigurationExtension not found
2024-10-21 11:44:00 DEBUG o.f.core.internal.scanner.Scanner - Filtering out resource: db/migration/V4__Initial_Insert.sql (filename: V4__Initial_Insert.sql)
2024-10-21 11:44:00 DEBUG o.f.core.internal.scanner.Scanner - Filtering out resource: db/migration/V8__Insert_Base_info1.sql (filename: V8__Insert_Base_info1.sql)
2024-10-21 11:44:00 DEBUG o.f.core.internal.scanner.Scanner - Filtering out resource: db/migration/V3__foreign_key_setup.sql (filename: V3__foreign_key_setup.sql)
2024-10-21 11:44:00 DEBUG o.f.core.internal.scanner.Scanner - Filtering out resource: db/migration/V2__create_table_ddl_statements.sql (filename: V2__create_table_ddl_statements.sql)
2024-10-21 11:44:00 DEBUG o.f.core.internal.scanner.Scanner - Filtering out resource: db/migration/V5__Insert_M_GYOMU_IRAI.sql (filename: V5__Insert_M_GYOMU_IRAI.sql)
2024-10-21 11:44:00 DEBUG o.f.core.internal.scanner.Scanner - Filtering out resource: db/migration/V4__Initial_Insert.sql (filename: V4__Initial_Insert.sql)
2024-10-21 11:44:00 DEBUG o.f.core.internal.scanner.Scanner - Filtering out resource: db/migration/V8__Insert_Base_info1.sql (filename: V8__Insert_Base_info1.sql)
2024-10-21 11:44:00 DEBUG o.f.core.internal.scanner.Scanner - Filtering out resource: db/migration/V3__foreign_key_setup.sql (filename: V3__foreign_key_setup.sql)
2024-10-21 11:44:00 DEBUG o.f.core.internal.scanner.Scanner - Filtering out resource: db/migration/V2__create_table_ddl_statements.sql (filename: V2__create_table_ddl_statements.sql)
2024-10-21 11:44:00 DEBUG o.f.core.internal.scanner.Scanner - Filtering out resource: db/migration/V5__Insert_M_GYOMU_IRAI.sql (filename: V5__Insert_M_GYOMU_IRAI.sql)
2024-10-21 11:44:00 INFO  o.f.core.internal.command.DbValidate - Successfully validated 6 migrations (execution time 00:00.093s)
2024-10-21 11:44:00 DEBUG o.f.core.internal.command.DbSchemas - Skipping creation of existing schema: "SYS"
2024-10-21 11:44:00 DEBUG o.f.c.a.c.ClassicConfiguration - CherryPickConfigurationExtension not found
2024-10-21 11:44:00 INFO  o.f.core.internal.command.DbMigrate - Current version of schema "SYS": 8
2024-10-21 11:44:00 INFO  o.f.core.internal.command.DbMigrate - Schema "SYS" is up to date. No migration necessary.
2024-10-21 11:44:00 DEBUG org.flywaydb.core.FlywayExecutor - Memory usage: 45 of 58M
2024-10-21 11:44:01 INFO  o.s.s.c.a.a.c.InitializeUserDetailsBeanManagerConfigurer$InitializeUserDetailsManagerConfigurer - Global AuthenticationManager configured with UserDetailsService bean with name customUserDetailsService
2024-10-21 11:44:01 DEBUG o.s.s.web.DefaultSecurityFilterChain - Will secure any request with filters: DisableEncodeUrlFilter, WebAsyncManagerIntegrationFilter, SecurityContextHolderFilter, HeaderWriterFilter, CsrfFilter, LogoutFilter, UsernamePasswordAuthenticationFilter, RequestCacheAwareFilter, SecurityContextHolderAwareRequestFilter, AnonymousAuthenticationFilter, ExceptionTranslationFilter, AuthorizationFilter
2024-10-21 11:44:01 INFO  o.a.coyote.http11.Http11NioProtocol - Starting ProtocolHandler ["http-nio-8080"]
2024-10-21 11:44:01 INFO  o.s.b.w.e.tomcat.TomcatWebServer - Tomcat started on port 8080 (http) with context path '/'
2024-10-21 11:44:01 INFO  com.toray.ojt.OjtApplication - Started OjtApplication in 6.14 seconds (process running for 6.66)
2024-10-21 11:49:10 INFO  com.zaxxer.hikari.HikariDataSource - HikariPool-1 - Shutdown initiated...
2024-10-21 11:49:10 INFO  com.zaxxer.hikari.HikariDataSource - HikariPool-1 - Shutdown completed.
2024-10-21 11:49:13 INFO  o.h.validator.internal.util.Version - HV000001: Hibernate Validator 8.0.1.Final
2024-10-21 11:49:13 INFO  com.toray.ojt.OjtApplication - Starting OjtApplication using Java 21.0.4 with PID 15576 (C:\Users\sanjay.nair\Desktop\Toray\ojt\target\classes started by sanjay.nair in C:\Users\sanjay.nair\Desktop\Toray\ojt)
2024-10-21 11:49:13 DEBUG com.toray.ojt.OjtApplication - Running with Spring Boot v3.3.4, Spring v6.1.13
2024-10-21 11:49:13 INFO  com.toray.ojt.OjtApplication - No active profile set, falling back to 1 default profile: "default"
2024-10-21 11:49:15 INFO  o.s.b.w.e.tomcat.TomcatWebServer - Tomcat initialized with port 8080 (http)
2024-10-21 11:49:15 INFO  o.a.coyote.http11.Http11NioProtocol - Initializing ProtocolHandler ["http-nio-8080"]
2024-10-21 11:49:15 INFO  o.a.catalina.core.StandardService - Starting service [Tomcat]
2024-10-21 11:49:15 INFO  o.a.catalina.core.StandardEngine - Starting Servlet engine: [Apache Tomcat/10.1.30]
2024-10-21 11:49:15 INFO  o.a.c.c.C.[Tomcat].[localhost].[/] - Initializing Spring embedded WebApplicationContext
2024-10-21 11:49:15 INFO  o.s.b.w.s.c.ServletWebServerApplicationContext - Root WebApplicationContext: initialization completed in 2220 ms
2024-10-21 11:49:16 DEBUG o.f.c.i.s.classpath.ClassPathScanner - Scanning for classpath resources at 'classpath:db/callback' ...
2024-10-21 11:49:16 DEBUG o.f.c.i.s.classpath.ClassPathScanner - Determining location urls for classpath:db/callback using ClassLoader jdk.internal.loader.ClassLoaders$AppClassLoader@76ed5528 ...
2024-10-21 11:49:16 DEBUG o.f.c.i.s.classpath.ClassPathScanner - Unable to resolve location classpath:db/callback.
2024-10-21 11:49:16 DEBUG o.f.c.i.s.classpath.ClassPathScanner - Scanning for classpath resources at 'classpath:db/migration' ...
2024-10-21 11:49:16 DEBUG o.f.c.i.s.classpath.ClassPathScanner - Determining location urls for classpath:db/migration using ClassLoader jdk.internal.loader.ClassLoaders$AppClassLoader@76ed5528 ...
2024-10-21 11:49:16 DEBUG o.f.c.i.s.classpath.ClassPathScanner - Scanning URL: file:/C:/Users/sanjay.nair/Desktop/Toray/ojt/target/classes/db/migration
2024-10-21 11:49:16 DEBUG o.f.c.i.s.c.FileSystemClassPathLocationScanner - Scanning starting at classpath root in filesystem: C:\Users\sanjay.nair\Desktop\Toray\ojt\target\classes\
2024-10-21 11:49:16 DEBUG o.f.c.i.s.c.FileSystemClassPathLocationScanner - Scanning for resources in path: C:\Users\sanjay.nair\Desktop\Toray\ojt\target\classes\db\migration (db/migration)
2024-10-21 11:49:16 DEBUG o.f.c.i.s.classpath.ClassPathScanner - Found resource: db/migration/V2__create_table_ddl_statements.sql
2024-10-21 11:49:16 DEBUG o.f.c.i.s.classpath.ClassPathScanner - Found resource: db/migration/V3__foreign_key_setup.sql
2024-10-21 11:49:16 DEBUG o.f.c.i.s.classpath.ClassPathScanner - Found resource: db/migration/V4__Initial_Insert.sql
2024-10-21 11:49:16 DEBUG o.f.c.i.s.classpath.ClassPathScanner - Found resource: db/migration/V5__Insert_M_GYOMU_IRAI.sql
2024-10-21 11:49:16 DEBUG o.f.c.i.s.classpath.ClassPathScanner - Found resource: db/migration/V8__Insert_Base_info1.sql
2024-10-21 11:49:16 DEBUG o.f.c.i.s.classpath.ClassPathScanner - Scanning for classes at classpath:db/migration
2024-10-21 11:49:16 DEBUG o.f.c.i.r.ResourceNameValidator - Validating V4__Initial_Insert.sql
2024-10-21 11:49:16 INFO  com.zaxxer.hikari.HikariDataSource - HikariPool-1 - Starting...
2024-10-21 11:49:17 INFO  com.zaxxer.hikari.pool.HikariPool - HikariPool-1 - Added connection oracle.jdbc.driver.T4CConnection@57cabdc3
2024-10-21 11:49:17 INFO  com.zaxxer.hikari.HikariDataSource - HikariPool-1 - Start completed.
2024-10-21 11:49:17 DEBUG o.f.c.i.r.ResourceNameValidator - Validating V8__Insert_Base_info1.sql
2024-10-21 11:49:17 DEBUG o.f.c.i.r.ResourceNameValidator - Validating V3__foreign_key_setup.sql
2024-10-21 11:49:17 DEBUG o.f.c.i.r.ResourceNameValidator - Validating V2__create_table_ddl_statements.sql
2024-10-21 11:49:17 DEBUG o.f.c.i.r.ResourceNameValidator - Validating V5__Insert_M_GYOMU_IRAI.sql
2024-10-21 11:49:17 INFO  org.flywaydb.core.FlywayExecutor - Database: jdbc:oracle:thin:@localhost:1521/test (Oracle 19.0)
2024-10-21 11:49:17 DEBUG org.flywaydb.core.FlywayExecutor - Driver: Oracle JDBC driver 19.8.0.0.0
2024-10-21 11:49:17 DEBUG org.flywaydb.core.FlywayExecutor - DDL Transactions Supported: false
2024-10-21 11:49:17 DEBUG o.f.c.i.s.SchemaHistoryFactory - Schemas: 
2024-10-21 11:49:17 DEBUG o.f.c.i.s.SchemaHistoryFactory - Default schema: null
2024-10-21 11:49:17 DEBUG o.f.c.i.c.SqlScriptCallbackFactory - Scanning for SQL callbacks ...
2024-10-21 11:49:17 DEBUG o.f.core.internal.command.DbValidate - Validating migrations ...
2024-10-21 11:49:17 DEBUG o.f.c.a.c.ClassicConfiguration - CherryPickConfigurationExtension not found
2024-10-21 11:49:17 DEBUG o.f.core.internal.scanner.Scanner - Filtering out resource: db/migration/V4__Initial_Insert.sql (filename: V4__Initial_Insert.sql)
2024-10-21 11:49:17 DEBUG o.f.core.internal.scanner.Scanner - Filtering out resource: db/migration/V8__Insert_Base_info1.sql (filename: V8__Insert_Base_info1.sql)
2024-10-21 11:49:17 DEBUG o.f.core.internal.scanner.Scanner - Filtering out resource: db/migration/V3__foreign_key_setup.sql (filename: V3__foreign_key_setup.sql)
2024-10-21 11:49:17 DEBUG o.f.core.internal.scanner.Scanner - Filtering out resource: db/migration/V2__create_table_ddl_statements.sql (filename: V2__create_table_ddl_statements.sql)
2024-10-21 11:49:17 DEBUG o.f.core.internal.scanner.Scanner - Filtering out resource: db/migration/V5__Insert_M_GYOMU_IRAI.sql (filename: V5__Insert_M_GYOMU_IRAI.sql)
2024-10-21 11:49:17 DEBUG o.f.core.internal.scanner.Scanner - Filtering out resource: db/migration/V4__Initial_Insert.sql (filename: V4__Initial_Insert.sql)
2024-10-21 11:49:17 DEBUG o.f.core.internal.scanner.Scanner - Filtering out resource: db/migration/V8__Insert_Base_info1.sql (filename: V8__Insert_Base_info1.sql)
2024-10-21 11:49:17 DEBUG o.f.core.internal.scanner.Scanner - Filtering out resource: db/migration/V3__foreign_key_setup.sql (filename: V3__foreign_key_setup.sql)
2024-10-21 11:49:17 DEBUG o.f.core.internal.scanner.Scanner - Filtering out resource: db/migration/V2__create_table_ddl_statements.sql (filename: V2__create_table_ddl_statements.sql)
2024-10-21 11:49:17 DEBUG o.f.core.internal.scanner.Scanner - Filtering out resource: db/migration/V5__Insert_M_GYOMU_IRAI.sql (filename: V5__Insert_M_GYOMU_IRAI.sql)
2024-10-21 11:49:17 INFO  o.f.core.internal.command.DbValidate - Successfully validated 6 migrations (execution time 00:00.089s)
2024-10-21 11:49:17 DEBUG o.f.core.internal.command.DbSchemas - Skipping creation of existing schema: "SYS"
2024-10-21 11:49:17 DEBUG o.f.c.a.c.ClassicConfiguration - CherryPickConfigurationExtension not found
2024-10-21 11:49:17 INFO  o.f.core.internal.command.DbMigrate - Current version of schema "SYS": 8
2024-10-21 11:49:17 INFO  o.f.core.internal.command.DbMigrate - Schema "SYS" is up to date. No migration necessary.
2024-10-21 11:49:17 DEBUG org.flywaydb.core.FlywayExecutor - Memory usage: 44 of 58M
2024-10-21 11:49:18 INFO  o.s.s.c.a.a.c.InitializeUserDetailsBeanManagerConfigurer$InitializeUserDetailsManagerConfigurer - Global AuthenticationManager configured with UserDetailsService bean with name customUserDetailsService
2024-10-21 11:49:18 DEBUG o.s.s.web.DefaultSecurityFilterChain - Will secure any request with filters: DisableEncodeUrlFilter, WebAsyncManagerIntegrationFilter, SecurityContextHolderFilter, HeaderWriterFilter, CsrfFilter, LogoutFilter, UsernamePasswordAuthenticationFilter, RequestCacheAwareFilter, SecurityContextHolderAwareRequestFilter, AnonymousAuthenticationFilter, ExceptionTranslationFilter, AuthorizationFilter
2024-10-21 11:49:19 INFO  o.a.coyote.http11.Http11NioProtocol - Starting ProtocolHandler ["http-nio-8080"]
2024-10-21 11:49:19 INFO  o.s.b.w.e.tomcat.TomcatWebServer - Tomcat started on port 8080 (http) with context path '/'
2024-10-21 11:49:19 INFO  com.toray.ojt.OjtApplication - Started OjtApplication in 6.384 seconds (process running for 7.062)
2024-10-21 11:52:30 INFO  o.a.c.c.C.[Tomcat].[localhost].[/] - Initializing Spring DispatcherServlet 'dispatcherServlet'
2024-10-21 11:52:30 INFO  o.s.web.servlet.DispatcherServlet - Initializing Servlet 'dispatcherServlet'
2024-10-21 11:52:30 INFO  o.s.web.servlet.DispatcherServlet - Completed initialization in 2 ms
2024-10-21 11:52:30 DEBUG o.s.security.web.FilterChainProxy - Securing GET /search
2024-10-21 11:52:30 DEBUG o.s.s.w.a.AnonymousAuthenticationFilter - Set SecurityContextHolder to anonymous SecurityContext
2024-10-21 11:52:30 DEBUG o.s.s.w.s.HttpSessionRequestCache - Saved request http://localhost:8080/search?continue to session
2024-10-21 11:52:30 DEBUG o.s.s.web.DefaultRedirectStrategy - Redirecting to http://localhost:8080/
2024-10-21 11:52:30 DEBUG o.s.security.web.FilterChainProxy - Securing GET /
2024-10-21 11:52:30 DEBUG o.s.security.web.FilterChainProxy - Secured GET /
2024-10-21 11:52:31 DEBUG o.s.s.w.a.AnonymousAuthenticationFilter - Set SecurityContextHolder to anonymous SecurityContext
2024-10-21 11:52:31 DEBUG o.s.security.web.FilterChainProxy - Securing GET /images/GIPS_logo.jpg
2024-10-21 11:52:31 DEBUG o.s.security.web.FilterChainProxy - Securing GET /css/login.css
2024-10-21 11:52:31 DEBUG o.s.security.web.FilterChainProxy - Secured GET /images/GIPS_logo.jpg
2024-10-21 11:52:31 DEBUG o.s.security.web.FilterChainProxy - Secured GET /css/login.css
2024-10-21 11:52:31 DEBUG o.s.s.w.a.AnonymousAuthenticationFilter - Set SecurityContextHolder to anonymous SecurityContext
2024-10-21 11:52:31 DEBUG o.s.s.w.a.AnonymousAuthenticationFilter - Set SecurityContextHolder to anonymous SecurityContext
2024-10-21 11:52:31 DEBUG o.s.security.web.FilterChainProxy - Securing GET /favicon.ico
2024-10-21 11:52:31 DEBUG o.s.s.w.a.AnonymousAuthenticationFilter - Set SecurityContextHolder to anonymous SecurityContext
2024-10-21 11:52:31 DEBUG o.s.s.web.DefaultRedirectStrategy - Redirecting to http://localhost:8080/
2024-10-21 11:52:31 DEBUG o.s.security.web.FilterChainProxy - Securing GET /
2024-10-21 11:52:31 DEBUG o.s.security.web.FilterChainProxy - Secured GET /
2024-10-21 11:52:31 DEBUG o.s.s.w.a.AnonymousAuthenticationFilter - Set SecurityContextHolder to anonymous SecurityContext
2024-10-21 11:52:32 DEBUG o.s.security.web.FilterChainProxy - Securing POST /login
2024-10-21 11:52:32 DEBUG c.t.o.w.s.i.CustomUserDetailsService - Parameter username: A12345
2024-10-21 11:52:32 DEBUG c.t.o.w.m.UserMapper.findByAccountId - ==>  Preparing: SELECT * FROM BASE_PARTY_ACCOUNT WHERE ACCOUNT_ID = ?
2024-10-21 11:52:32 DEBUG c.t.o.w.m.UserMapper.findByAccountId - ==> Parameters: A12345(String)
2024-10-21 11:52:32 DEBUG c.t.o.w.m.UserMapper.findByAccountId - <==      Total: 1
2024-10-21 11:52:32 DEBUG c.t.o.w.s.i.CustomUserDetailsService - User Object: com.toray.ojt.web.entity.User@284e5814
2024-10-21 11:52:32 DEBUG c.t.o.w.s.i.CustomUserDetailsService - isExpired: 1
2024-10-21 11:52:32 DEBUG c.t.o.w.m.B.findAtrributeNameByPartyId - ==>  Preparing: SELECT ATTRIBUTE_NAME FROM BASE_PARTY_ATTRIBUTE WHERE PARTY_ID = ?
2024-10-21 11:52:32 DEBUG c.t.o.w.m.B.findAtrributeNameByPartyId - ==> Parameters: P12345(String)
2024-10-21 11:52:32 DEBUG c.t.o.w.m.B.findAtrributeNameByPartyId - <==      Total: 1
2024-10-21 11:52:32 DEBUG c.t.o.w.s.i.CustomUserDetailsService - User role: base_admin
2024-10-21 11:52:32 DEBUG c.t.o.w.m.U.findUserNameByPartyId - ==>  Preparing: SELECT * FROM BASE_PARTY WHERE PARTY_ID = ?
2024-10-21 11:52:32 DEBUG c.t.o.w.m.U.findUserNameByPartyId - ==> Parameters: P12345(String)
2024-10-21 11:52:32 DEBUG c.t.o.w.m.U.findUserNameByPartyId - <==      Total: 1
2024-10-21 11:52:32 DEBUG o.s.s.a.d.DaoAuthenticationProvider - Authenticated user
2024-10-21 11:52:32 DEBUG o.s.s.w.a.s.ChangeSessionIdAuthenticationStrategy - Changed session id from 4371918134ECB5585FFA01B382BDCFEC
2024-10-21 11:52:32 DEBUG o.s.s.w.c.CsrfAuthenticationStrategy - Replaced CSRF Token
2024-10-21 11:52:32 DEBUG o.s.s.w.c.HttpSessionSecurityContextRepository - Stored SecurityContextImpl [Authentication=UsernamePasswordAuthenticationToken [Principal=com.toray.ojt.web.entity.CustomUserDetails@40f4a3e4, Credentials=[PROTECTED], Authenticated=true, Details=WebAuthenticationDetails [RemoteIpAddress=0:0:0:0:0:0:0:1, SessionId=4371918134ECB5585FFA01B382BDCFEC], Granted Authorities=[base_admin]]] to HttpSession [org.apache.catalina.session.StandardSessionFacade@55eee546]
2024-10-21 11:52:32 DEBUG o.s.s.w.a.UsernamePasswordAuthenticationFilter - Set SecurityContextHolder to UsernamePasswordAuthenticationToken [Principal=com.toray.ojt.web.entity.CustomUserDetails@40f4a3e4, Credentials=[PROTECTED], Authenticated=true, Details=WebAuthenticationDetails [RemoteIpAddress=0:0:0:0:0:0:0:1, SessionId=4371918134ECB5585FFA01B382BDCFEC], Granted Authorities=[base_admin]]
2024-10-21 11:52:32 DEBUG c.t.o.w.m.UserMapper.findByAccountId - ==>  Preparing: SELECT * FROM BASE_PARTY_ACCOUNT WHERE ACCOUNT_ID = ?
2024-10-21 11:52:32 DEBUG c.t.o.w.m.UserMapper.findByAccountId - ==> Parameters: A12345(String)
2024-10-21 11:52:32 DEBUG c.t.o.w.m.UserMapper.findByAccountId - <==      Total: 1
2024-10-21 11:52:32 DEBUG c.t.o.w.m.U.updateFailedLoginAttempt - ==>  Preparing: UPDATE BASE_PARTY_ACCOUNT SET STATE = CASE WHEN ? IS NOT NULL THEN ? ELSE STATE END, FAILED_LOGIN_ATTEMPTS = CASE WHEN ? IS NOT NULL THEN ? ELSE FAILED_LOGIN_ATTEMPTS END, UPD_TIMESTAMP = CURRENT_TIMESTAMP -- Update timestamp for when the user was updated WHERE ACCOUNT_ID = ?
2024-10-21 11:52:32 DEBUG c.t.o.w.m.U.updateFailedLoginAttempt - ==> Parameters: A(String), A(String), 0(Integer), 0(Integer), A12345(String)
2024-10-21 11:52:32 DEBUG c.t.o.w.m.U.updateFailedLoginAttempt - <==    Updates: 1
2024-10-21 11:52:32 DEBUG o.s.security.web.FilterChainProxy - Securing GET /toppage
2024-10-21 11:52:32 DEBUG o.s.s.w.c.HttpSessionSecurityContextRepository - Retrieved SecurityContextImpl [Authentication=UsernamePasswordAuthenticationToken [Principal=com.toray.ojt.web.entity.CustomUserDetails@40f4a3e4, Credentials=[PROTECTED], Authenticated=true, Details=WebAuthenticationDetails [RemoteIpAddress=0:0:0:0:0:0:0:1, SessionId=4371918134ECB5585FFA01B382BDCFEC], Granted Authorities=[base_admin]]]
2024-10-21 11:52:32 DEBUG o.s.security.web.FilterChainProxy - Secured GET /toppage
2024-10-21 11:52:32 DEBUG c.t.o.w.m.B.findBaseInfo - ==>  Preparing: SELECT TITLE AS title, BEGIN_YMD AS beginYmd, IMPORTANT_FLG AS importantFlg FROM BASE_INFO WHERE CURRENT_DATE BETWEEN BEGIN_YMD AND END_YMD ORDER BY IMPORTANT_FLG desc
2024-10-21 11:52:33 DEBUG c.t.o.w.m.B.findBaseInfo - ==> Parameters: 
2024-10-21 11:52:33 DEBUG c.t.o.w.m.B.findBaseInfo - <==      Total: 3
2024-10-21 11:52:33 DEBUG c.t.o.w.m.TGuideMapper.findTGuide - ==>  Preparing: SELECT TITLE AS title, BEGIN_YMD AS beginYmd, IMPORTANT_FLG AS importantFlg FROM T_GUIDE WHERE CURRENT_DATE BETWEEN BEGIN_YMD AND END_YMD ORDER BY IMPORTANT_FLG desc
2024-10-21 11:52:33 DEBUG c.t.o.w.m.TGuideMapper.findTGuide - ==> Parameters: 
2024-10-21 11:52:33 DEBUG c.t.o.w.m.TGuideMapper.findTGuide - <==      Total: 1
2024-10-21 11:52:33 DEBUG c.t.o.w.m.T.findToDoByLocale - ==>  Preparing: SELECT T1.GYOMU_CD || '-' || T1.CYCLE_NO AS gyomuCd, T1.SHUSHU_TXT AS shushuTxt, TO_CHAR(TO_DATE(T1.SHIMEKIRI_YMD, 'YYYY-MM-DD'), 'yyyy/mm/dd') AS shimekiriYMD, T1.IRAI_STATUS AS iraiStatus, T1.SEQ_IRAI AS seqIrai, COALESCE(T2.KAITO_STATUS, 'N/A') AS kaitoStatus, COALESCE(T3.USER_KBN, 'Unknown') AS userKbn, COALESCE(T3.USERID, 'Unknown') AS userId, COALESCE(T4.PARTY_NAME_EN, 'No Party') AS partyNameEn, COALESCE(T5.CODE_VALUE1, 'No Value') AS codeValue1, (SELECT COUNT(*) FROM T_IRAI) AS requestTotal FROM T_IRAI T1 LEFT JOIN T_KAITO T2 ON T1.SEQ_IRAI = T2.SEQ_IRAI LEFT JOIN T_KAITO_USER T3 ON T2.SEQ_KAITO = T3.SEQ_KAITO LEFT JOIN BASE_PARTY T4 ON T3.USERID = T4.PARTY_ID LEFT JOIN BASE_CODE T5 ON T2.KAITO_STATUS = T5.CODE AND T5.CODE_KIND = 'KAITO_STATUS' AND T5.LOCALE = ? ORDER BY shimekiriYMD
2024-10-21 11:52:33 DEBUG c.t.o.w.m.T.findToDoByLocale - ==> Parameters: en(String)
2024-10-21 11:52:33 DEBUG c.t.o.w.m.T.findToDoByLocale - <==      Total: 1
2024-10-21 11:52:33 DEBUG c.t.o.w.m.T.findToDoByLocale - ==>  Preparing: SELECT T1.GYOMU_CD || '-' || T1.CYCLE_NO AS gyomuCd, T1.SHUSHU_TXT AS shushuTxt, TO_CHAR(TO_DATE(T1.SHIMEKIRI_YMD, 'YYYY-MM-DD'), 'yyyy/mm/dd') AS shimekiriYMD, T1.IRAI_STATUS AS iraiStatus, T1.SEQ_IRAI AS seqIrai, COALESCE(T2.KAITO_STATUS, 'N/A') AS kaitoStatus, COALESCE(T3.USER_KBN, 'Unknown') AS userKbn, COALESCE(T3.USERID, 'Unknown') AS userId, COALESCE(T4.PARTY_NAME_EN, 'No Party') AS partyNameEn, COALESCE(T5.CODE_VALUE1, 'No Value') AS codeValue1, (SELECT COUNT(*) FROM T_IRAI) AS requestTotal FROM T_IRAI T1 LEFT JOIN T_KAITO T2 ON T1.SEQ_IRAI = T2.SEQ_IRAI LEFT JOIN T_KAITO_USER T3 ON T2.SEQ_KAITO = T3.SEQ_KAITO LEFT JOIN BASE_PARTY T4 ON T3.USERID = T4.PARTY_ID LEFT JOIN BASE_CODE T5 ON T2.KAITO_STATUS = T5.CODE AND T5.CODE_KIND = 'KAITO_STATUS' AND T5.LOCALE = ? ORDER BY shimekiriYMD
2024-10-21 11:52:33 DEBUG c.t.o.w.m.T.findToDoByLocale - ==> Parameters: en(String)
2024-10-21 11:52:33 DEBUG c.t.o.w.m.T.findToDoByLocale - <==      Total: 1
2024-10-21 11:52:33 DEBUG o.s.security.web.FilterChainProxy - Securing GET /images/Toray.png
2024-10-21 11:52:33 DEBUG o.s.security.web.FilterChainProxy - Securing GET /images/gips.jpg
2024-10-21 11:52:33 DEBUG o.s.security.web.FilterChainProxy - Secured GET /images/gips.jpg
2024-10-21 11:52:33 DEBUG o.s.security.web.FilterChainProxy - Secured GET /images/Toray.png
2024-10-21 11:52:33 DEBUG o.s.security.web.FilterChainProxy - Securing GET /css/top.css
2024-10-21 11:52:33 DEBUG o.s.security.web.FilterChainProxy - Secured GET /css/top.css
2024-10-21 11:52:33 DEBUG o.s.s.w.c.HttpSessionSecurityContextRepository - Retrieved SecurityContextImpl [Authentication=UsernamePasswordAuthenticationToken [Principal=com.toray.ojt.web.entity.CustomUserDetails@40f4a3e4, Credentials=[PROTECTED], Authenticated=true, Details=WebAuthenticationDetails [RemoteIpAddress=0:0:0:0:0:0:0:1, SessionId=4371918134ECB5585FFA01B382BDCFEC], Granted Authorities=[base_admin]]]
2024-10-21 11:52:33 DEBUG o.s.s.w.c.HttpSessionSecurityContextRepository - Retrieved SecurityContextImpl [Authentication=UsernamePasswordAuthenticationToken [Principal=com.toray.ojt.web.entity.CustomUserDetails@40f4a3e4, Credentials=[PROTECTED], Authenticated=true, Details=WebAuthenticationDetails [RemoteIpAddress=0:0:0:0:0:0:0:1, SessionId=4371918134ECB5585FFA01B382BDCFEC], Granted Authorities=[base_admin]]]
2024-10-21 11:52:33 DEBUG o.s.s.w.c.HttpSessionSecurityContextRepository - Retrieved SecurityContextImpl [Authentication=UsernamePasswordAuthenticationToken [Principal=com.toray.ojt.web.entity.CustomUserDetails@40f4a3e4, Credentials=[PROTECTED], Authenticated=true, Details=WebAuthenticationDetails [RemoteIpAddress=0:0:0:0:0:0:0:1, SessionId=4371918134ECB5585FFA01B382BDCFEC], Granted Authorities=[base_admin]]]
2024-10-21 11:52:33 DEBUG o.s.security.web.FilterChainProxy - Securing GET /images/important.png
2024-10-21 11:52:33 DEBUG o.s.security.web.FilterChainProxy - Secured GET /images/important.png
2024-10-21 11:52:33 DEBUG o.s.s.w.c.HttpSessionSecurityContextRepository - Retrieved SecurityContextImpl [Authentication=UsernamePasswordAuthenticationToken [Principal=com.toray.ojt.web.entity.CustomUserDetails@40f4a3e4, Credentials=[PROTECTED], Authenticated=true, Details=WebAuthenticationDetails [RemoteIpAddress=0:0:0:0:0:0:0:1, SessionId=4371918134ECB5585FFA01B382BDCFEC], Granted Authorities=[base_admin]]]
2024-10-21 11:52:33 DEBUG o.s.security.web.FilterChainProxy - Securing GET /favicon.ico
2024-10-21 11:52:33 DEBUG o.s.s.w.c.HttpSessionSecurityContextRepository - Retrieved SecurityContextImpl [Authentication=UsernamePasswordAuthenticationToken [Principal=com.toray.ojt.web.entity.CustomUserDetails@40f4a3e4, Credentials=[PROTECTED], Authenticated=true, Details=WebAuthenticationDetails [RemoteIpAddress=0:0:0:0:0:0:0:1, SessionId=4371918134ECB5585FFA01B382BDCFEC], Granted Authorities=[base_admin]]]
2024-10-21 11:52:33 DEBUG o.s.security.web.FilterChainProxy - Secured GET /favicon.ico
2024-10-21 11:52:33 WARN  o.s.w.s.m.s.DefaultHandlerExceptionResolver - Resolved [org.springframework.web.HttpRequestMethodNotSupportedException: Request method 'GET' is not supported]
2024-10-21 11:52:33 DEBUG o.s.security.web.FilterChainProxy - Securing GET /error
2024-10-21 11:52:33 DEBUG o.s.s.w.c.HttpSessionSecurityContextRepository - Retrieved SecurityContextImpl [Authentication=UsernamePasswordAuthenticationToken [Principal=com.toray.ojt.web.entity.CustomUserDetails@40f4a3e4, Credentials=[PROTECTED], Authenticated=true, Details=WebAuthenticationDetails [RemoteIpAddress=0:0:0:0:0:0:0:1, SessionId=4371918134ECB5585FFA01B382BDCFEC], Granted Authorities=[base_admin]]]
2024-10-21 11:52:33 DEBUG o.s.security.web.FilterChainProxy - Secured GET /error
2024-10-21 11:52:52 INFO  com.zaxxer.hikari.HikariDataSource - HikariPool-1 - Shutdown initiated...
2024-10-21 11:52:52 INFO  com.zaxxer.hikari.HikariDataSource - HikariPool-1 - Shutdown completed.
2024-10-21 11:52:54 INFO  o.h.validator.internal.util.Version - HV000001: Hibernate Validator 8.0.1.Final
2024-10-21 11:52:54 INFO  com.toray.ojt.OjtApplication - Starting OjtApplication using Java 21.0.4 with PID 30964 (C:\Users\sanjay.nair\Desktop\Toray\ojt\target\classes started by sanjay.nair in C:\Users\sanjay.nair\Desktop\Toray\ojt)
2024-10-21 11:52:54 DEBUG com.toray.ojt.OjtApplication - Running with Spring Boot v3.3.4, Spring v6.1.13
2024-10-21 11:52:54 INFO  com.toray.ojt.OjtApplication - No active profile set, falling back to 1 default profile: "default"
2024-10-21 11:52:56 INFO  o.s.b.w.e.tomcat.TomcatWebServer - Tomcat initialized with port 8080 (http)
2024-10-21 11:52:56 INFO  o.a.coyote.http11.Http11NioProtocol - Initializing ProtocolHandler ["http-nio-8080"]
2024-10-21 11:52:56 INFO  o.a.catalina.core.StandardService - Starting service [Tomcat]
2024-10-21 11:52:56 INFO  o.a.catalina.core.StandardEngine - Starting Servlet engine: [Apache Tomcat/10.1.30]
2024-10-21 11:52:56 INFO  o.a.c.c.C.[Tomcat].[localhost].[/] - Initializing Spring embedded WebApplicationContext
2024-10-21 11:52:56 INFO  o.s.b.w.s.c.ServletWebServerApplicationContext - Root WebApplicationContext: initialization completed in 2041 ms
2024-10-21 11:52:58 DEBUG o.f.c.i.s.classpath.ClassPathScanner - Scanning for classpath resources at 'classpath:db/callback' ...
2024-10-21 11:52:58 DEBUG o.f.c.i.s.classpath.ClassPathScanner - Determining location urls for classpath:db/callback using ClassLoader jdk.internal.loader.ClassLoaders$AppClassLoader@76ed5528 ...
2024-10-21 11:52:58 DEBUG o.f.c.i.s.classpath.ClassPathScanner - Unable to resolve location classpath:db/callback.
2024-10-21 11:52:58 DEBUG o.f.c.i.s.classpath.ClassPathScanner - Scanning for classpath resources at 'classpath:db/migration' ...
2024-10-21 11:52:58 DEBUG o.f.c.i.s.classpath.ClassPathScanner - Determining location urls for classpath:db/migration using ClassLoader jdk.internal.loader.ClassLoaders$AppClassLoader@76ed5528 ...
2024-10-21 11:52:58 DEBUG o.f.c.i.s.classpath.ClassPathScanner - Scanning URL: file:/C:/Users/sanjay.nair/Desktop/Toray/ojt/target/classes/db/migration
2024-10-21 11:52:58 DEBUG o.f.c.i.s.c.FileSystemClassPathLocationScanner - Scanning starting at classpath root in filesystem: C:\Users\sanjay.nair\Desktop\Toray\ojt\target\classes\
2024-10-21 11:52:58 DEBUG o.f.c.i.s.c.FileSystemClassPathLocationScanner - Scanning for resources in path: C:\Users\sanjay.nair\Desktop\Toray\ojt\target\classes\db\migration (db/migration)
2024-10-21 11:52:58 DEBUG o.f.c.i.s.classpath.ClassPathScanner - Found resource: db/migration/V2__create_table_ddl_statements.sql
2024-10-21 11:52:58 DEBUG o.f.c.i.s.classpath.ClassPathScanner - Found resource: db/migration/V3__foreign_key_setup.sql
2024-10-21 11:52:58 DEBUG o.f.c.i.s.classpath.ClassPathScanner - Found resource: db/migration/V4__Initial_Insert.sql
2024-10-21 11:52:58 DEBUG o.f.c.i.s.classpath.ClassPathScanner - Found resource: db/migration/V5__Insert_M_GYOMU_IRAI.sql
2024-10-21 11:52:58 DEBUG o.f.c.i.s.classpath.ClassPathScanner - Found resource: db/migration/V8__Insert_Base_info1.sql
2024-10-21 11:52:58 DEBUG o.f.c.i.s.classpath.ClassPathScanner - Scanning for classes at classpath:db/migration
2024-10-21 11:52:58 DEBUG o.f.c.i.r.ResourceNameValidator - Validating V4__Initial_Insert.sql
2024-10-21 11:52:58 INFO  com.zaxxer.hikari.HikariDataSource - HikariPool-1 - Starting...
2024-10-21 11:52:58 INFO  com.zaxxer.hikari.pool.HikariPool - HikariPool-1 - Added connection oracle.jdbc.driver.T4CConnection@57cabdc3
2024-10-21 11:52:58 INFO  com.zaxxer.hikari.HikariDataSource - HikariPool-1 - Start completed.
2024-10-21 11:52:58 DEBUG o.f.c.i.r.ResourceNameValidator - Validating V8__Insert_Base_info1.sql
2024-10-21 11:52:58 DEBUG o.f.c.i.r.ResourceNameValidator - Validating V3__foreign_key_setup.sql
2024-10-21 11:52:58 DEBUG o.f.c.i.r.ResourceNameValidator - Validating V2__create_table_ddl_statements.sql
2024-10-21 11:52:58 DEBUG o.f.c.i.r.ResourceNameValidator - Validating V5__Insert_M_GYOMU_IRAI.sql
2024-10-21 11:52:58 INFO  org.flywaydb.core.FlywayExecutor - Database: jdbc:oracle:thin:@localhost:1521/test (Oracle 19.0)
2024-10-21 11:52:58 DEBUG org.flywaydb.core.FlywayExecutor - Driver: Oracle JDBC driver 19.8.0.0.0
2024-10-21 11:52:58 DEBUG org.flywaydb.core.FlywayExecutor - DDL Transactions Supported: false
2024-10-21 11:52:58 DEBUG o.f.c.i.s.SchemaHistoryFactory - Schemas: 
2024-10-21 11:52:58 DEBUG o.f.c.i.s.SchemaHistoryFactory - Default schema: null
2024-10-21 11:52:58 DEBUG o.f.c.i.c.SqlScriptCallbackFactory - Scanning for SQL callbacks ...
2024-10-21 11:52:58 DEBUG o.f.core.internal.command.DbValidate - Validating migrations ...
2024-10-21 11:52:58 DEBUG o.f.c.a.c.ClassicConfiguration - CherryPickConfigurationExtension not found
2024-10-21 11:52:58 DEBUG o.f.core.internal.scanner.Scanner - Filtering out resource: db/migration/V4__Initial_Insert.sql (filename: V4__Initial_Insert.sql)
2024-10-21 11:52:58 DEBUG o.f.core.internal.scanner.Scanner - Filtering out resource: db/migration/V8__Insert_Base_info1.sql (filename: V8__Insert_Base_info1.sql)
2024-10-21 11:52:58 DEBUG o.f.core.internal.scanner.Scanner - Filtering out resource: db/migration/V3__foreign_key_setup.sql (filename: V3__foreign_key_setup.sql)
2024-10-21 11:52:58 DEBUG o.f.core.internal.scanner.Scanner - Filtering out resource: db/migration/V2__create_table_ddl_statements.sql (filename: V2__create_table_ddl_statements.sql)
2024-10-21 11:52:58 DEBUG o.f.core.internal.scanner.Scanner - Filtering out resource: db/migration/V5__Insert_M_GYOMU_IRAI.sql (filename: V5__Insert_M_GYOMU_IRAI.sql)
2024-10-21 11:52:58 DEBUG o.f.core.internal.scanner.Scanner - Filtering out resource: db/migration/V4__Initial_Insert.sql (filename: V4__Initial_Insert.sql)
2024-10-21 11:52:58 DEBUG o.f.core.internal.scanner.Scanner - Filtering out resource: db/migration/V8__Insert_Base_info1.sql (filename: V8__Insert_Base_info1.sql)
2024-10-21 11:52:58 DEBUG o.f.core.internal.scanner.Scanner - Filtering out resource: db/migration/V3__foreign_key_setup.sql (filename: V3__foreign_key_setup.sql)
2024-10-21 11:52:58 DEBUG o.f.core.internal.scanner.Scanner - Filtering out resource: db/migration/V2__create_table_ddl_statements.sql (filename: V2__create_table_ddl_statements.sql)
2024-10-21 11:52:58 DEBUG o.f.core.internal.scanner.Scanner - Filtering out resource: db/migration/V5__Insert_M_GYOMU_IRAI.sql (filename: V5__Insert_M_GYOMU_IRAI.sql)
2024-10-21 11:52:58 INFO  o.f.core.internal.command.DbValidate - Successfully validated 6 migrations (execution time 00:00.130s)
2024-10-21 11:52:58 DEBUG o.f.core.internal.command.DbSchemas - Skipping creation of existing schema: "SYS"
2024-10-21 11:52:58 DEBUG o.f.c.a.c.ClassicConfiguration - CherryPickConfigurationExtension not found
2024-10-21 11:52:58 INFO  o.f.core.internal.command.DbMigrate - Current version of schema "SYS": 8
2024-10-21 11:52:58 INFO  o.f.core.internal.command.DbMigrate - Schema "SYS" is up to date. No migration necessary.
2024-10-21 11:52:58 DEBUG org.flywaydb.core.FlywayExecutor - Memory usage: 41 of 64M
2024-10-21 11:52:59 INFO  o.s.s.c.a.a.c.InitializeUserDetailsBeanManagerConfigurer$InitializeUserDetailsManagerConfigurer - Global AuthenticationManager configured with UserDetailsService bean with name customUserDetailsService
2024-10-21 11:52:59 DEBUG o.s.s.web.DefaultSecurityFilterChain - Will secure any request with filters: DisableEncodeUrlFilter, WebAsyncManagerIntegrationFilter, SecurityContextHolderFilter, HeaderWriterFilter, CsrfFilter, LogoutFilter, UsernamePasswordAuthenticationFilter, RequestCacheAwareFilter, SecurityContextHolderAwareRequestFilter, AnonymousAuthenticationFilter, ExceptionTranslationFilter, AuthorizationFilter
2024-10-21 11:53:00 INFO  o.a.coyote.http11.Http11NioProtocol - Starting ProtocolHandler ["http-nio-8080"]
2024-10-21 11:53:00 INFO  o.s.b.w.e.tomcat.TomcatWebServer - Tomcat started on port 8080 (http) with context path '/'
2024-10-21 11:53:00 INFO  com.toray.ojt.OjtApplication - Started OjtApplication in 6.201 seconds (process running for 6.806)
2024-10-21 11:53:02 INFO  o.a.c.c.C.[Tomcat].[localhost].[/] - Initializing Spring DispatcherServlet 'dispatcherServlet'
2024-10-21 11:53:02 INFO  o.s.web.servlet.DispatcherServlet - Initializing Servlet 'dispatcherServlet'
2024-10-21 11:53:02 INFO  o.s.web.servlet.DispatcherServlet - Completed initialization in 1 ms
2024-10-21 11:53:02 DEBUG o.s.security.web.FilterChainProxy - Securing GET /toppage
2024-10-21 11:53:02 DEBUG o.s.s.w.a.AnonymousAuthenticationFilter - Set SecurityContextHolder to anonymous SecurityContext
2024-10-21 11:53:02 DEBUG o.s.s.w.s.HttpSessionRequestCache - Saved request http://localhost:8080/toppage?continue to session
2024-10-21 11:53:02 DEBUG o.s.s.web.DefaultRedirectStrategy - Redirecting to http://localhost:8080/
2024-10-21 11:53:02 DEBUG o.s.security.web.FilterChainProxy - Securing GET /
2024-10-21 11:53:02 DEBUG o.s.security.web.FilterChainProxy - Secured GET /
2024-10-21 11:53:03 DEBUG o.s.s.w.a.AnonymousAuthenticationFilter - Set SecurityContextHolder to anonymous SecurityContext
2024-10-21 11:53:03 DEBUG o.s.security.web.FilterChainProxy - Securing GET /images/GIPS_logo.jpg
2024-10-21 11:53:03 DEBUG o.s.security.web.FilterChainProxy - Securing GET /css/login.css
2024-10-21 11:53:03 DEBUG o.s.security.web.FilterChainProxy - Secured GET /css/login.css
2024-10-21 11:53:03 DEBUG o.s.security.web.FilterChainProxy - Secured GET /images/GIPS_logo.jpg
2024-10-21 11:53:03 DEBUG o.s.s.w.a.AnonymousAuthenticationFilter - Set SecurityContextHolder to anonymous SecurityContext
2024-10-21 11:53:03 DEBUG o.s.s.w.a.AnonymousAuthenticationFilter - Set SecurityContextHolder to anonymous SecurityContext
2024-10-21 11:53:03 DEBUG o.s.security.web.FilterChainProxy - Securing GET /favicon.ico
2024-10-21 11:53:03 DEBUG o.s.s.w.a.AnonymousAuthenticationFilter - Set SecurityContextHolder to anonymous SecurityContext
2024-10-21 11:53:03 DEBUG o.s.s.web.DefaultRedirectStrategy - Redirecting to http://localhost:8080/
2024-10-21 11:53:03 DEBUG o.s.security.web.FilterChainProxy - Securing GET /
2024-10-21 11:53:03 DEBUG o.s.security.web.FilterChainProxy - Secured GET /
2024-10-21 11:53:03 DEBUG o.s.s.w.a.AnonymousAuthenticationFilter - Set SecurityContextHolder to anonymous SecurityContext
2024-10-21 11:53:04 DEBUG o.s.security.web.FilterChainProxy - Securing POST /login
2024-10-21 11:53:04 DEBUG c.t.o.w.s.i.CustomUserDetailsService - Parameter username: A12345
2024-10-21 11:53:04 DEBUG c.t.o.w.m.UserMapper.findByAccountId - ==>  Preparing: SELECT * FROM BASE_PARTY_ACCOUNT WHERE ACCOUNT_ID = ?
2024-10-21 11:53:04 DEBUG c.t.o.w.m.UserMapper.findByAccountId - ==> Parameters: A12345(String)
2024-10-21 11:53:04 DEBUG c.t.o.w.m.UserMapper.findByAccountId - <==      Total: 1
2024-10-21 11:53:04 DEBUG c.t.o.w.s.i.CustomUserDetailsService - User Object: com.toray.ojt.web.entity.User@3d8c3810
2024-10-21 11:53:04 DEBUG c.t.o.w.s.i.CustomUserDetailsService - isExpired: 1
2024-10-21 11:53:04 DEBUG c.t.o.w.m.B.findAtrributeNameByPartyId - ==>  Preparing: SELECT ATTRIBUTE_NAME FROM BASE_PARTY_ATTRIBUTE WHERE PARTY_ID = ?
2024-10-21 11:53:04 DEBUG c.t.o.w.m.B.findAtrributeNameByPartyId - ==> Parameters: P12345(String)
2024-10-21 11:53:04 DEBUG c.t.o.w.m.B.findAtrributeNameByPartyId - <==      Total: 1
2024-10-21 11:53:04 DEBUG c.t.o.w.s.i.CustomUserDetailsService - User role: base_admin
2024-10-21 11:53:04 DEBUG c.t.o.w.m.U.findUserNameByPartyId - ==>  Preparing: SELECT * FROM BASE_PARTY WHERE PARTY_ID = ?
2024-10-21 11:53:04 DEBUG c.t.o.w.m.U.findUserNameByPartyId - ==> Parameters: P12345(String)
2024-10-21 11:53:04 DEBUG c.t.o.w.m.U.findUserNameByPartyId - <==      Total: 1
2024-10-21 11:53:04 DEBUG o.s.s.a.d.DaoAuthenticationProvider - Authenticated user
2024-10-21 11:53:04 DEBUG o.s.s.w.a.s.ChangeSessionIdAuthenticationStrategy - Changed session id from 0AE6DE6FB576E2745E002A27155A8089
2024-10-21 11:53:04 DEBUG o.s.s.w.c.CsrfAuthenticationStrategy - Replaced CSRF Token
2024-10-21 11:53:04 DEBUG o.s.s.w.c.HttpSessionSecurityContextRepository - Stored SecurityContextImpl [Authentication=UsernamePasswordAuthenticationToken [Principal=com.toray.ojt.web.entity.CustomUserDetails@3bf35f42, Credentials=[PROTECTED], Authenticated=true, Details=WebAuthenticationDetails [RemoteIpAddress=0:0:0:0:0:0:0:1, SessionId=0AE6DE6FB576E2745E002A27155A8089], Granted Authorities=[base_admin]]] to HttpSession [org.apache.catalina.session.StandardSessionFacade@21acb8e4]
2024-10-21 11:53:04 DEBUG o.s.s.w.a.UsernamePasswordAuthenticationFilter - Set SecurityContextHolder to UsernamePasswordAuthenticationToken [Principal=com.toray.ojt.web.entity.CustomUserDetails@3bf35f42, Credentials=[PROTECTED], Authenticated=true, Details=WebAuthenticationDetails [RemoteIpAddress=0:0:0:0:0:0:0:1, SessionId=0AE6DE6FB576E2745E002A27155A8089], Granted Authorities=[base_admin]]
2024-10-21 11:53:04 DEBUG c.t.o.w.m.UserMapper.findByAccountId - ==>  Preparing: SELECT * FROM BASE_PARTY_ACCOUNT WHERE ACCOUNT_ID = ?
2024-10-21 11:53:04 DEBUG c.t.o.w.m.UserMapper.findByAccountId - ==> Parameters: A12345(String)
2024-10-21 11:53:04 DEBUG c.t.o.w.m.UserMapper.findByAccountId - <==      Total: 1
2024-10-21 11:53:04 DEBUG c.t.o.w.m.U.updateFailedLoginAttempt - ==>  Preparing: UPDATE BASE_PARTY_ACCOUNT SET STATE = CASE WHEN ? IS NOT NULL THEN ? ELSE STATE END, FAILED_LOGIN_ATTEMPTS = CASE WHEN ? IS NOT NULL THEN ? ELSE FAILED_LOGIN_ATTEMPTS END, UPD_TIMESTAMP = CURRENT_TIMESTAMP -- Update timestamp for when the user was updated WHERE ACCOUNT_ID = ?
2024-10-21 11:53:04 DEBUG c.t.o.w.m.U.updateFailedLoginAttempt - ==> Parameters: A(String), A(String), 0(Integer), 0(Integer), A12345(String)
2024-10-21 11:53:04 DEBUG c.t.o.w.m.U.updateFailedLoginAttempt - <==    Updates: 1
2024-10-21 11:53:04 DEBUG o.s.security.web.FilterChainProxy - Securing GET /toppage
2024-10-21 11:53:04 DEBUG o.s.s.w.c.HttpSessionSecurityContextRepository - Retrieved SecurityContextImpl [Authentication=UsernamePasswordAuthenticationToken [Principal=com.toray.ojt.web.entity.CustomUserDetails@3bf35f42, Credentials=[PROTECTED], Authenticated=true, Details=WebAuthenticationDetails [RemoteIpAddress=0:0:0:0:0:0:0:1, SessionId=0AE6DE6FB576E2745E002A27155A8089], Granted Authorities=[base_admin]]]
2024-10-21 11:53:04 DEBUG o.s.security.web.FilterChainProxy - Secured GET /toppage
2024-10-21 11:53:04 DEBUG c.t.o.w.m.B.findBaseInfo - ==>  Preparing: SELECT TITLE AS title, BEGIN_YMD AS beginYmd, IMPORTANT_FLG AS importantFlg FROM BASE_INFO WHERE CURRENT_DATE BETWEEN BEGIN_YMD AND END_YMD ORDER BY IMPORTANT_FLG desc
2024-10-21 11:53:04 DEBUG c.t.o.w.m.B.findBaseInfo - ==> Parameters: 
2024-10-21 11:53:04 DEBUG c.t.o.w.m.B.findBaseInfo - <==      Total: 3
2024-10-21 11:53:04 DEBUG c.t.o.w.m.TGuideMapper.findTGuide - ==>  Preparing: SELECT TITLE AS title, BEGIN_YMD AS beginYmd, IMPORTANT_FLG AS importantFlg FROM T_GUIDE WHERE CURRENT_DATE BETWEEN BEGIN_YMD AND END_YMD ORDER BY IMPORTANT_FLG desc
2024-10-21 11:53:04 DEBUG c.t.o.w.m.TGuideMapper.findTGuide - ==> Parameters: 
2024-10-21 11:53:04 DEBUG c.t.o.w.m.TGuideMapper.findTGuide - <==      Total: 1
2024-10-21 11:53:04 DEBUG c.t.o.w.m.T.findToDoByLocale - ==>  Preparing: SELECT T1.GYOMU_CD || '-' || T1.CYCLE_NO AS gyomuCd, T1.SHUSHU_TXT AS shushuTxt, TO_CHAR(TO_DATE(T1.SHIMEKIRI_YMD, 'YYYY-MM-DD'), 'yyyy/mm/dd') AS shimekiriYMD, T1.IRAI_STATUS AS iraiStatus, T1.SEQ_IRAI AS seqIrai, COALESCE(T2.KAITO_STATUS, 'N/A') AS kaitoStatus, COALESCE(T3.USER_KBN, 'Unknown') AS userKbn, COALESCE(T3.USERID, 'Unknown') AS userId, COALESCE(T4.PARTY_NAME_EN, 'No Party') AS partyNameEn, COALESCE(T5.CODE_VALUE1, 'No Value') AS codeValue1, (SELECT COUNT(*) FROM T_IRAI) AS requestTotal FROM T_IRAI T1 LEFT JOIN T_KAITO T2 ON T1.SEQ_IRAI = T2.SEQ_IRAI LEFT JOIN T_KAITO_USER T3 ON T2.SEQ_KAITO = T3.SEQ_KAITO LEFT JOIN BASE_PARTY T4 ON T3.USERID = T4.PARTY_ID LEFT JOIN BASE_CODE T5 ON T2.KAITO_STATUS = T5.CODE AND T5.CODE_KIND = 'KAITO_STATUS' AND T5.LOCALE = ? ORDER BY shimekiriYMD
2024-10-21 11:53:04 DEBUG c.t.o.w.m.T.findToDoByLocale - ==> Parameters: en(String)
2024-10-21 11:53:04 DEBUG c.t.o.w.m.T.findToDoByLocale - <==      Total: 1
2024-10-21 11:53:04 DEBUG c.t.o.w.m.T.findToDoByLocale - ==>  Preparing: SELECT T1.GYOMU_CD || '-' || T1.CYCLE_NO AS gyomuCd, T1.SHUSHU_TXT AS shushuTxt, TO_CHAR(TO_DATE(T1.SHIMEKIRI_YMD, 'YYYY-MM-DD'), 'yyyy/mm/dd') AS shimekiriYMD, T1.IRAI_STATUS AS iraiStatus, T1.SEQ_IRAI AS seqIrai, COALESCE(T2.KAITO_STATUS, 'N/A') AS kaitoStatus, COALESCE(T3.USER_KBN, 'Unknown') AS userKbn, COALESCE(T3.USERID, 'Unknown') AS userId, COALESCE(T4.PARTY_NAME_EN, 'No Party') AS partyNameEn, COALESCE(T5.CODE_VALUE1, 'No Value') AS codeValue1, (SELECT COUNT(*) FROM T_IRAI) AS requestTotal FROM T_IRAI T1 LEFT JOIN T_KAITO T2 ON T1.SEQ_IRAI = T2.SEQ_IRAI LEFT JOIN T_KAITO_USER T3 ON T2.SEQ_KAITO = T3.SEQ_KAITO LEFT JOIN BASE_PARTY T4 ON T3.USERID = T4.PARTY_ID LEFT JOIN BASE_CODE T5 ON T2.KAITO_STATUS = T5.CODE AND T5.CODE_KIND = 'KAITO_STATUS' AND T5.LOCALE = ? ORDER BY shimekiriYMD
2024-10-21 11:53:04 DEBUG c.t.o.w.m.T.findToDoByLocale - ==> Parameters: en(String)
2024-10-21 11:53:04 DEBUG c.t.o.w.m.T.findToDoByLocale - <==      Total: 1
2024-10-21 11:53:04 DEBUG o.s.security.web.FilterChainProxy - Securing GET /images/Toray.png
2024-10-21 11:53:04 DEBUG o.s.security.web.FilterChainProxy - Securing GET /css/top.css
2024-10-21 11:53:04 DEBUG o.s.security.web.FilterChainProxy - Secured GET /images/Toray.png
2024-10-21 11:53:04 DEBUG o.s.security.web.FilterChainProxy - Secured GET /css/top.css
2024-10-21 11:53:04 DEBUG o.s.security.web.FilterChainProxy - Securing GET /images/gips.jpg
2024-10-21 11:53:04 DEBUG o.s.security.web.FilterChainProxy - Secured GET /images/gips.jpg
2024-10-21 11:53:04 DEBUG o.s.s.w.c.HttpSessionSecurityContextRepository - Retrieved SecurityContextImpl [Authentication=UsernamePasswordAuthenticationToken [Principal=com.toray.ojt.web.entity.CustomUserDetails@3bf35f42, Credentials=[PROTECTED], Authenticated=true, Details=WebAuthenticationDetails [RemoteIpAddress=0:0:0:0:0:0:0:1, SessionId=0AE6DE6FB576E2745E002A27155A8089], Granted Authorities=[base_admin]]]
2024-10-21 11:53:04 DEBUG o.s.s.w.c.HttpSessionSecurityContextRepository - Retrieved SecurityContextImpl [Authentication=UsernamePasswordAuthenticationToken [Principal=com.toray.ojt.web.entity.CustomUserDetails@3bf35f42, Credentials=[PROTECTED], Authenticated=true, Details=WebAuthenticationDetails [RemoteIpAddress=0:0:0:0:0:0:0:1, SessionId=0AE6DE6FB576E2745E002A27155A8089], Granted Authorities=[base_admin]]]
2024-10-21 11:53:04 DEBUG o.s.s.w.c.HttpSessionSecurityContextRepository - Retrieved SecurityContextImpl [Authentication=UsernamePasswordAuthenticationToken [Principal=com.toray.ojt.web.entity.CustomUserDetails@3bf35f42, Credentials=[PROTECTED], Authenticated=true, Details=WebAuthenticationDetails [RemoteIpAddress=0:0:0:0:0:0:0:1, SessionId=0AE6DE6FB576E2745E002A27155A8089], Granted Authorities=[base_admin]]]
2024-10-21 11:53:04 DEBUG o.s.security.web.FilterChainProxy - Securing GET /images/important.png
2024-10-21 11:53:04 DEBUG o.s.security.web.FilterChainProxy - Secured GET /images/important.png
2024-10-21 11:53:04 DEBUG o.s.s.w.c.HttpSessionSecurityContextRepository - Retrieved SecurityContextImpl [Authentication=UsernamePasswordAuthenticationToken [Principal=com.toray.ojt.web.entity.CustomUserDetails@3bf35f42, Credentials=[PROTECTED], Authenticated=true, Details=WebAuthenticationDetails [RemoteIpAddress=0:0:0:0:0:0:0:1, SessionId=0AE6DE6FB576E2745E002A27155A8089], Granted Authorities=[base_admin]]]
2024-10-21 11:53:04 DEBUG o.s.security.web.FilterChainProxy - Securing GET /favicon.ico
2024-10-21 11:53:04 DEBUG o.s.s.w.c.HttpSessionSecurityContextRepository - Retrieved SecurityContextImpl [Authentication=UsernamePasswordAuthenticationToken [Principal=com.toray.ojt.web.entity.CustomUserDetails@3bf35f42, Credentials=[PROTECTED], Authenticated=true, Details=WebAuthenticationDetails [RemoteIpAddress=0:0:0:0:0:0:0:1, SessionId=0AE6DE6FB576E2745E002A27155A8089], Granted Authorities=[base_admin]]]
2024-10-21 11:53:04 DEBUG o.s.security.web.FilterChainProxy - Secured GET /favicon.ico
2024-10-21 11:53:04 WARN  o.s.w.s.m.s.DefaultHandlerExceptionResolver - Resolved [org.springframework.web.HttpRequestMethodNotSupportedException: Request method 'GET' is not supported]
2024-10-21 11:53:04 DEBUG o.s.security.web.FilterChainProxy - Securing GET /error
2024-10-21 11:53:04 DEBUG o.s.s.w.c.HttpSessionSecurityContextRepository - Retrieved SecurityContextImpl [Authentication=UsernamePasswordAuthenticationToken [Principal=com.toray.ojt.web.entity.CustomUserDetails@3bf35f42, Credentials=[PROTECTED], Authenticated=true, Details=WebAuthenticationDetails [RemoteIpAddress=0:0:0:0:0:0:0:1, SessionId=0AE6DE6FB576E2745E002A27155A8089], Granted Authorities=[base_admin]]]
2024-10-21 11:53:04 DEBUG o.s.security.web.FilterChainProxy - Secured GET /error
2024-10-21 11:53:06 DEBUG o.s.security.web.FilterChainProxy - Securing GET /search
2024-10-21 11:53:06 DEBUG o.s.s.w.c.HttpSessionSecurityContextRepository - Retrieved SecurityContextImpl [Authentication=UsernamePasswordAuthenticationToken [Principal=com.toray.ojt.web.entity.CustomUserDetails@3bf35f42, Credentials=[PROTECTED], Authenticated=true, Details=WebAuthenticationDetails [RemoteIpAddress=0:0:0:0:0:0:0:1, SessionId=0AE6DE6FB576E2745E002A27155A8089], Granted Authorities=[base_admin]]]
2024-10-21 11:53:06 DEBUG o.s.security.web.FilterChainProxy - Secured GET /search
2024-10-21 11:53:06 INFO  c.t.o.w.c.BaseInfoController - Fetching notices ...
2024-10-21 11:53:06 DEBUG c.t.o.w.m.BaseInfoMapper.getBaseInfo - ==>  Preparing: SELECT Title as title, Text as text, Important_Flg as importantFlg,END_YMD as endYmd,BEGIN_YMD as beginYmd,UPD_TIMESTAMP as updTimestamp,SEQ_INFO as seqInfo,UPD_USERID as updUserId FROM base_info
2024-10-21 11:53:06 DEBUG c.t.o.w.m.BaseInfoMapper.getBaseInfo - ==> Parameters: 
2024-10-21 11:53:06 DEBUG c.t.o.w.m.BaseInfoMapper.getBaseInfo - <==      Total: 5
2024-10-21 11:53:06 DEBUG c.t.o.w.c.BaseInfoController - Fetched 5 base info records
2024-10-21 11:53:06 INFO  c.t.o.w.c.BaseInfoController - Fetching user who updated notices...
2024-10-21 11:53:06 DEBUG c.t.o.w.c.BaseInfoController - Fetching user name for updUserId: P12345
2024-10-21 11:53:06 DEBUG c.t.o.w.m.U.findUserNameOnlyByPartyId - ==>  Preparing: SELECT PARTY_ID as partyId,PARTY_NAME_KJ as partyNameKj,PARTY_NAME_KN as partyNameKn,PARTY_NAME_EN as partyNameEn FROM BASE_PARTY WHERE PARTY_ID = ?
2024-10-21 11:53:06 DEBUG c.t.o.w.m.U.findUserNameOnlyByPartyId - ==> Parameters: P12345(String)
2024-10-21 11:53:06 DEBUG c.t.o.w.m.U.findUserNameOnlyByPartyId - <==      Total: 1
2024-10-21 11:53:06 DEBUG c.t.o.w.c.BaseInfoController - Fetching user name for updUserId: P67890
2024-10-21 11:53:06 DEBUG c.t.o.w.m.U.findUserNameOnlyByPartyId - ==>  Preparing: SELECT PARTY_ID as partyId,PARTY_NAME_KJ as partyNameKj,PARTY_NAME_KN as partyNameKn,PARTY_NAME_EN as partyNameEn FROM BASE_PARTY WHERE PARTY_ID = ?
2024-10-21 11:53:06 DEBUG c.t.o.w.m.U.findUserNameOnlyByPartyId - ==> Parameters: P67890(String)
2024-10-21 11:53:06 DEBUG c.t.o.w.m.U.findUserNameOnlyByPartyId - <==      Total: 1
2024-10-21 11:53:06 DEBUG c.t.o.w.c.BaseInfoController - Fetching user name for updUserId: P12345
2024-10-21 11:53:06 DEBUG c.t.o.w.m.U.findUserNameOnlyByPartyId - ==>  Preparing: SELECT PARTY_ID as partyId,PARTY_NAME_KJ as partyNameKj,PARTY_NAME_KN as partyNameKn,PARTY_NAME_EN as partyNameEn FROM BASE_PARTY WHERE PARTY_ID = ?
2024-10-21 11:53:06 DEBUG c.t.o.w.m.U.findUserNameOnlyByPartyId - ==> Parameters: P12345(String)
2024-10-21 11:53:06 DEBUG c.t.o.w.m.U.findUserNameOnlyByPartyId - <==      Total: 1
2024-10-21 11:53:06 DEBUG c.t.o.w.c.BaseInfoController - Fetching user name for updUserId: P12345
2024-10-21 11:53:06 DEBUG c.t.o.w.m.U.findUserNameOnlyByPartyId - ==>  Preparing: SELECT PARTY_ID as partyId,PARTY_NAME_KJ as partyNameKj,PARTY_NAME_KN as partyNameKn,PARTY_NAME_EN as partyNameEn FROM BASE_PARTY WHERE PARTY_ID = ?
2024-10-21 11:53:06 DEBUG c.t.o.w.m.U.findUserNameOnlyByPartyId - ==> Parameters: P12345(String)
2024-10-21 11:53:06 DEBUG c.t.o.w.m.U.findUserNameOnlyByPartyId - <==      Total: 1
2024-10-21 11:53:06 DEBUG c.t.o.w.c.BaseInfoController - Fetching user name for updUserId: P12345
2024-10-21 11:53:06 DEBUG c.t.o.w.m.U.findUserNameOnlyByPartyId - ==>  Preparing: SELECT PARTY_ID as partyId,PARTY_NAME_KJ as partyNameKj,PARTY_NAME_KN as partyNameKn,PARTY_NAME_EN as partyNameEn FROM BASE_PARTY WHERE PARTY_ID = ?
2024-10-21 11:53:06 DEBUG c.t.o.w.m.U.findUserNameOnlyByPartyId - ==> Parameters: P12345(String)
2024-10-21 11:53:06 DEBUG c.t.o.w.m.U.findUserNameOnlyByPartyId - <==      Total: 1
2024-10-21 11:53:06 DEBUG o.s.security.web.FilterChainProxy - Securing GET /css/noticeSearch.css
2024-10-21 11:53:06 DEBUG o.s.security.web.FilterChainProxy - Secured GET /css/noticeSearch.css
2024-10-21 11:53:06 DEBUG o.s.s.w.c.HttpSessionSecurityContextRepository - Retrieved SecurityContextImpl [Authentication=UsernamePasswordAuthenticationToken [Principal=com.toray.ojt.web.entity.CustomUserDetails@3bf35f42, Credentials=[PROTECTED], Authenticated=true, Details=WebAuthenticationDetails [RemoteIpAddress=0:0:0:0:0:0:0:1, SessionId=0AE6DE6FB576E2745E002A27155A8089], Granted Authorities=[base_admin]]]
2024-10-21 11:53:06 DEBUG o.s.security.web.FilterChainProxy - Securing GET /images/Toray.png
2024-10-21 11:53:06 DEBUG o.s.security.web.FilterChainProxy - Securing GET /images/gips.jpg
2024-10-21 11:53:06 DEBUG o.s.security.web.FilterChainProxy - Secured GET /images/Toray.png
2024-10-21 11:53:06 DEBUG o.s.security.web.FilterChainProxy - Secured GET /images/gips.jpg
2024-10-21 11:53:06 DEBUG o.s.s.w.c.HttpSessionSecurityContextRepository - Retrieved SecurityContextImpl [Authentication=UsernamePasswordAuthenticationToken [Principal=com.toray.ojt.web.entity.CustomUserDetails@3bf35f42, Credentials=[PROTECTED], Authenticated=true, Details=WebAuthenticationDetails [RemoteIpAddress=0:0:0:0:0:0:0:1, SessionId=0AE6DE6FB576E2745E002A27155A8089], Granted Authorities=[base_admin]]]
2024-10-21 11:53:06 DEBUG o.s.s.w.c.HttpSessionSecurityContextRepository - Retrieved SecurityContextImpl [Authentication=UsernamePasswordAuthenticationToken [Principal=com.toray.ojt.web.entity.CustomUserDetails@3bf35f42, Credentials=[PROTECTED], Authenticated=true, Details=WebAuthenticationDetails [RemoteIpAddress=0:0:0:0:0:0:0:1, SessionId=0AE6DE6FB576E2745E002A27155A8089], Granted Authorities=[base_admin]]]
2024-10-21 11:53:08 DEBUG o.s.security.web.FilterChainProxy - Securing GET /roles
2024-10-21 11:53:08 DEBUG o.s.s.w.c.HttpSessionSecurityContextRepository - Retrieved SecurityContextImpl [Authentication=UsernamePasswordAuthenticationToken [Principal=com.toray.ojt.web.entity.CustomUserDetails@3bf35f42, Credentials=[PROTECTED], Authenticated=true, Details=WebAuthenticationDetails [RemoteIpAddress=0:0:0:0:0:0:0:1, SessionId=0AE6DE6FB576E2745E002A27155A8089], Granted Authorities=[base_admin]]]
2024-10-21 11:53:08 DEBUG o.s.security.web.FilterChainProxy - Securing GET /favicon.ico
2024-10-21 11:53:08 DEBUG o.s.security.web.FilterChainProxy - Secured GET /roles
2024-10-21 11:53:08 DEBUG o.s.s.w.c.HttpSessionSecurityContextRepository - Retrieved SecurityContextImpl [Authentication=UsernamePasswordAuthenticationToken [Principal=com.toray.ojt.web.entity.CustomUserDetails@3bf35f42, Credentials=[PROTECTED], Authenticated=true, Details=WebAuthenticationDetails [RemoteIpAddress=0:0:0:0:0:0:0:1, SessionId=0AE6DE6FB576E2745E002A27155A8089], Granted Authorities=[base_admin]]]
2024-10-21 11:53:08 DEBUG o.s.security.web.FilterChainProxy - Secured GET /favicon.ico
2024-10-21 11:53:08 WARN  o.s.w.s.m.s.DefaultHandlerExceptionResolver - Resolved [org.springframework.web.HttpRequestMethodNotSupportedException: Request method 'GET' is not supported]
2024-10-21 11:53:08 DEBUG o.s.security.web.FilterChainProxy - Securing GET /error
2024-10-21 11:53:08 DEBUG o.s.s.w.c.HttpSessionSecurityContextRepository - Retrieved SecurityContextImpl [Authentication=UsernamePasswordAuthenticationToken [Principal=com.toray.ojt.web.entity.CustomUserDetails@3bf35f42, Credentials=[PROTECTED], Authenticated=true, Details=WebAuthenticationDetails [RemoteIpAddress=0:0:0:0:0:0:0:1, SessionId=0AE6DE6FB576E2745E002A27155A8089], Granted Authorities=[base_admin]]]
2024-10-21 11:53:08 DEBUG o.s.security.web.FilterChainProxy - Secured GET /error
2024-10-21 11:53:08 DEBUG c.t.o.w.m.BaseInfoMapper.fetchRoles - ==>  Preparing: SELECT ROLE, ROLE_NAME as roleName FROM base_info_view_role_name
2024-10-21 11:53:08 DEBUG c.t.o.w.m.BaseInfoMapper.fetchRoles - ==> Parameters: 
2024-10-21 11:53:08 DEBUG c.t.o.w.m.BaseInfoMapper.fetchRoles - <==      Total: 1
2024-10-21 11:53:10 DEBUG o.s.security.web.FilterChainProxy - Securing GET /list?beginYmd=&endYmd=&title=&text=&importantFlg=&page=1&size=6&subject=every
2024-10-21 11:53:10 DEBUG o.s.s.w.c.HttpSessionSecurityContextRepository - Retrieved SecurityContextImpl [Authentication=UsernamePasswordAuthenticationToken [Principal=com.toray.ojt.web.entity.CustomUserDetails@3bf35f42, Credentials=[PROTECTED], Authenticated=true, Details=WebAuthenticationDetails [RemoteIpAddress=0:0:0:0:0:0:0:1, SessionId=0AE6DE6FB576E2745E002A27155A8089], Granted Authorities=[base_admin]]]
2024-10-21 11:53:10 DEBUG o.s.security.web.FilterChainProxy - Secured GET /list?beginYmd=&endYmd=&title=&text=&importantFlg=&page=1&size=6&subject=every
2024-10-21 11:53:10 DEBUG c.t.o.w.m.B.searchBaseInfoWithPagination - ==>  Preparing: SELECT Title as title, Text as text, Important_Flg as importantFlg, END_YMD as endYmd, BEGIN_YMD as beginYmd, UPD_TIMESTAMP as updTimestamp, SEQ_INFO as seqInfo FROM base_info WHERE 1=1 ORDER BY CASE WHEN important_flg = 'Y' THEN 1 ELSE 0 END DESC OFFSET ? ROWS FETCH NEXT ? ROWS ONLY
2024-10-21 11:53:10 DEBUG c.t.o.w.m.B.searchBaseInfoWithPagination - ==> Parameters: 0(Integer), 6(Integer)
2024-10-21 11:53:10 DEBUG c.t.o.w.m.B.searchBaseInfoWithPagination - <==      Total: 5
2024-10-21 11:53:10 DEBUG c.t.o.w.m.B.countBaseInfoSearchResults - ==>  Preparing: SELECT COUNT(*) FROM base_info WHERE 1=1
2024-10-21 11:53:10 DEBUG c.t.o.w.m.B.countBaseInfoSearchResults - ==> Parameters: 
2024-10-21 11:53:10 DEBUG c.t.o.w.m.B.countBaseInfoSearchResults - <==      Total: 1
2024-10-21 11:53:10 DEBUG o.s.security.web.FilterChainProxy - Securing GET /noticeDetail/roles/1
2024-10-21 11:53:10 DEBUG o.s.security.web.FilterChainProxy - Securing GET /noticeDetail/roles/1005
2024-10-21 11:53:10 DEBUG o.s.security.web.FilterChainProxy - Securing GET /noticeDetail/roles/3
2024-10-21 11:53:10 DEBUG o.s.s.w.c.HttpSessionSecurityContextRepository - Retrieved SecurityContextImpl [Authentication=UsernamePasswordAuthenticationToken [Principal=com.toray.ojt.web.entity.CustomUserDetails@3bf35f42, Credentials=[PROTECTED], Authenticated=true, Details=WebAuthenticationDetails [RemoteIpAddress=0:0:0:0:0:0:0:1, SessionId=0AE6DE6FB576E2745E002A27155A8089], Granted Authorities=[base_admin]]]
2024-10-21 11:53:10 DEBUG o.s.s.w.c.HttpSessionSecurityContextRepository - Retrieved SecurityContextImpl [Authentication=UsernamePasswordAuthenticationToken [Principal=com.toray.ojt.web.entity.CustomUserDetails@3bf35f42, Credentials=[PROTECTED], Authenticated=true, Details=WebAuthenticationDetails [RemoteIpAddress=0:0:0:0:0:0:0:1, SessionId=0AE6DE6FB576E2745E002A27155A8089], Granted Authorities=[base_admin]]]
2024-10-21 11:53:10 DEBUG o.s.security.web.FilterChainProxy - Secured GET /noticeDetail/roles/1005
2024-10-21 11:53:10 DEBUG o.s.s.w.c.HttpSessionSecurityContextRepository - Retrieved SecurityContextImpl [Authentication=UsernamePasswordAuthenticationToken [Principal=com.toray.ojt.web.entity.CustomUserDetails@3bf35f42, Credentials=[PROTECTED], Authenticated=true, Details=WebAuthenticationDetails [RemoteIpAddress=0:0:0:0:0:0:0:1, SessionId=0AE6DE6FB576E2745E002A27155A8089], Granted Authorities=[base_admin]]]
2024-10-21 11:53:10 DEBUG o.s.security.web.FilterChainProxy - Secured GET /noticeDetail/roles/1
2024-10-21 11:53:10 DEBUG o.s.security.web.FilterChainProxy - Secured GET /noticeDetail/roles/3
2024-10-21 11:53:10 DEBUG o.s.security.web.FilterChainProxy - Securing GET /noticeDetail/roles/2
2024-10-21 11:53:10 DEBUG o.s.security.web.FilterChainProxy - Securing GET /noticeDetail/roles/1006
2024-10-21 11:53:10 DEBUG o.s.s.w.c.HttpSessionSecurityContextRepository - Retrieved SecurityContextImpl [Authentication=UsernamePasswordAuthenticationToken [Principal=com.toray.ojt.web.entity.CustomUserDetails@3bf35f42, Credentials=[PROTECTED], Authenticated=true, Details=WebAuthenticationDetails [RemoteIpAddress=0:0:0:0:0:0:0:1, SessionId=0AE6DE6FB576E2745E002A27155A8089], Granted Authorities=[base_admin]]]
2024-10-21 11:53:10 DEBUG o.s.s.w.c.HttpSessionSecurityContextRepository - Retrieved SecurityContextImpl [Authentication=UsernamePasswordAuthenticationToken [Principal=com.toray.ojt.web.entity.CustomUserDetails@3bf35f42, Credentials=[PROTECTED], Authenticated=true, Details=WebAuthenticationDetails [RemoteIpAddress=0:0:0:0:0:0:0:1, SessionId=0AE6DE6FB576E2745E002A27155A8089], Granted Authorities=[base_admin]]]
2024-10-21 11:53:10 DEBUG o.s.security.web.FilterChainProxy - Secured GET /noticeDetail/roles/2
2024-10-21 11:53:10 DEBUG o.s.security.web.FilterChainProxy - Secured GET /noticeDetail/roles/1006
2024-10-21 11:53:10 DEBUG c.t.o.w.m.B.getRolesBySeqInfo - ==>  Preparing: SELECT ROLE AS role FROM BASE_INFO_VIEW_ROLE WHERE SEQ_INFO = ?
2024-10-21 11:53:10 DEBUG c.t.o.w.m.B.getRolesBySeqInfo - ==>  Preparing: SELECT ROLE AS role FROM BASE_INFO_VIEW_ROLE WHERE SEQ_INFO = ?
2024-10-21 11:53:10 DEBUG c.t.o.w.m.B.getRolesBySeqInfo - ==>  Preparing: SELECT ROLE AS role FROM BASE_INFO_VIEW_ROLE WHERE SEQ_INFO = ?
2024-10-21 11:53:10 DEBUG c.t.o.w.m.B.getRolesBySeqInfo - ==>  Preparing: SELECT ROLE AS role FROM BASE_INFO_VIEW_ROLE WHERE SEQ_INFO = ?
2024-10-21 11:53:10 DEBUG c.t.o.w.m.B.getRolesBySeqInfo - ==>  Preparing: SELECT ROLE AS role FROM BASE_INFO_VIEW_ROLE WHERE SEQ_INFO = ?
2024-10-21 11:53:10 DEBUG c.t.o.w.m.B.getRolesBySeqInfo - ==> Parameters: 1(Long)
2024-10-21 11:53:10 DEBUG c.t.o.w.m.B.getRolesBySeqInfo - ==> Parameters: 1005(Long)
2024-10-21 11:53:10 DEBUG c.t.o.w.m.B.getRolesBySeqInfo - ==> Parameters: 1006(Long)
2024-10-21 11:53:10 DEBUG c.t.o.w.m.B.getRolesBySeqInfo - ==> Parameters: 3(Long)
2024-10-21 11:53:10 DEBUG c.t.o.w.m.B.getRolesBySeqInfo - ==> Parameters: 2(Long)
2024-10-21 11:53:10 DEBUG c.t.o.w.m.B.getRolesBySeqInfo - <==      Total: 0
2024-10-21 11:53:10 DEBUG c.t.o.w.m.B.getRolesBySeqInfo - <==      Total: 0
2024-10-21 11:53:10 DEBUG c.t.o.w.m.B.getRolesBySeqInfo - <==      Total: 1
2024-10-21 11:53:10 DEBUG c.t.o.w.m.B.getRolesBySeqInfo - <==      Total: 1
2024-10-21 11:53:10 DEBUG c.t.o.w.m.B.getRolesBySeqInfo - <==      Total: 1
2024-10-21 11:53:49 INFO  com.zaxxer.hikari.HikariDataSource - HikariPool-1 - Shutdown initiated...
2024-10-21 11:53:49 INFO  com.zaxxer.hikari.HikariDataSource - HikariPool-1 - Shutdown completed.
2024-10-21 11:53:51 INFO  o.h.validator.internal.util.Version - HV000001: Hibernate Validator 8.0.1.Final
2024-10-21 11:53:52 INFO  com.toray.ojt.OjtApplication - Starting OjtApplication using Java 21.0.4 with PID 29796 (C:\Users\sanjay.nair\Desktop\Toray\ojt\target\classes started by sanjay.nair in C:\Users\sanjay.nair\Desktop\Toray\ojt)
2024-10-21 11:53:52 DEBUG com.toray.ojt.OjtApplication - Running with Spring Boot v3.3.4, Spring v6.1.13
2024-10-21 11:53:52 INFO  com.toray.ojt.OjtApplication - No active profile set, falling back to 1 default profile: "default"
2024-10-21 11:53:54 INFO  o.s.b.w.e.tomcat.TomcatWebServer - Tomcat initialized with port 8080 (http)
2024-10-21 11:53:54 INFO  o.a.coyote.http11.Http11NioProtocol - Initializing ProtocolHandler ["http-nio-8080"]
2024-10-21 11:53:54 INFO  o.a.catalina.core.StandardService - Starting service [Tomcat]
2024-10-21 11:53:54 INFO  o.a.catalina.core.StandardEngine - Starting Servlet engine: [Apache Tomcat/10.1.30]
2024-10-21 11:53:54 INFO  o.a.c.c.C.[Tomcat].[localhost].[/] - Initializing Spring embedded WebApplicationContext
2024-10-21 11:53:54 INFO  o.s.b.w.s.c.ServletWebServerApplicationContext - Root WebApplicationContext: initialization completed in 2237 ms
2024-10-21 11:53:55 INFO  com.zaxxer.hikari.HikariDataSource - HikariPool-1 - Starting...
2024-10-21 11:53:55 INFO  com.zaxxer.hikari.pool.HikariPool - HikariPool-1 - Added connection oracle.jdbc.driver.T4CConnection@79252c83
2024-10-21 11:53:55 INFO  com.zaxxer.hikari.HikariDataSource - HikariPool-1 - Start completed.
2024-10-21 11:53:55 INFO  org.flywaydb.core.FlywayExecutor - Database: jdbc:oracle:thin:@localhost:1521/test (Oracle 19.0)
2024-10-21 11:53:56 INFO  o.f.core.internal.command.DbValidate - Successfully validated 6 migrations (execution time 00:00.080s)
2024-10-21 11:53:56 INFO  o.f.core.internal.command.DbMigrate - Current version of schema "SYS": 8
2024-10-21 11:53:56 INFO  o.f.core.internal.command.DbMigrate - Schema "SYS" is up to date. No migration necessary.
2024-10-21 11:53:56 INFO  o.s.s.c.a.a.c.InitializeUserDetailsBeanManagerConfigurer$InitializeUserDetailsManagerConfigurer - Global AuthenticationManager configured with UserDetailsService bean with name customUserDetailsService
2024-10-21 11:53:57 INFO  o.a.coyote.http11.Http11NioProtocol - Starting ProtocolHandler ["http-nio-8080"]
2024-10-21 11:53:57 INFO  o.s.b.w.e.tomcat.TomcatWebServer - Tomcat started on port 8080 (http) with context path '/'
2024-10-21 11:53:57 INFO  com.toray.ojt.OjtApplication - Started OjtApplication in 6.242 seconds (process running for 6.829)
2024-10-21 11:54:00 INFO  o.a.c.c.C.[Tomcat].[localhost].[/] - Initializing Spring DispatcherServlet 'dispatcherServlet'
2024-10-21 11:54:00 INFO  o.s.web.servlet.DispatcherServlet - Initializing Servlet 'dispatcherServlet'
2024-10-21 11:54:00 INFO  o.s.web.servlet.DispatcherServlet - Completed initialization in 1 ms
2024-10-21 11:54:01 DEBUG c.t.o.w.s.i.CustomUserDetailsService - Parameter username: A12345
2024-10-21 11:54:02 DEBUG c.t.o.w.m.UserMapper.findByAccountId - ==>  Preparing: SELECT * FROM BASE_PARTY_ACCOUNT WHERE ACCOUNT_ID = ?
2024-10-21 11:54:02 DEBUG c.t.o.w.m.UserMapper.findByAccountId - ==> Parameters: A12345(String)
2024-10-21 11:54:02 DEBUG c.t.o.w.m.UserMapper.findByAccountId - <==      Total: 1
2024-10-21 11:54:02 DEBUG c.t.o.w.s.i.CustomUserDetailsService - User Object: com.toray.ojt.web.entity.User@6b7f8189
2024-10-21 11:54:02 DEBUG c.t.o.w.s.i.CustomUserDetailsService - isExpired: 1
2024-10-21 11:54:02 DEBUG c.t.o.w.m.B.findAtrributeNameByPartyId - ==>  Preparing: SELECT ATTRIBUTE_NAME FROM BASE_PARTY_ATTRIBUTE WHERE PARTY_ID = ?
2024-10-21 11:54:02 DEBUG c.t.o.w.m.B.findAtrributeNameByPartyId - ==> Parameters: P12345(String)
2024-10-21 11:54:02 DEBUG c.t.o.w.m.B.findAtrributeNameByPartyId - <==      Total: 1
2024-10-21 11:54:02 DEBUG c.t.o.w.s.i.CustomUserDetailsService - User role: base_admin
2024-10-21 11:54:02 DEBUG c.t.o.w.m.U.findUserNameByPartyId - ==>  Preparing: SELECT * FROM BASE_PARTY WHERE PARTY_ID = ?
2024-10-21 11:54:02 DEBUG c.t.o.w.m.U.findUserNameByPartyId - ==> Parameters: P12345(String)
2024-10-21 11:54:02 DEBUG c.t.o.w.m.U.findUserNameByPartyId - <==      Total: 1
2024-10-21 11:54:02 DEBUG c.t.o.w.m.UserMapper.findByAccountId - ==>  Preparing: SELECT * FROM BASE_PARTY_ACCOUNT WHERE ACCOUNT_ID = ?
2024-10-21 11:54:02 DEBUG c.t.o.w.m.UserMapper.findByAccountId - ==> Parameters: A12345(String)
2024-10-21 11:54:02 DEBUG c.t.o.w.m.UserMapper.findByAccountId - <==      Total: 1
2024-10-21 11:54:02 DEBUG c.t.o.w.m.U.updateFailedLoginAttempt - ==>  Preparing: UPDATE BASE_PARTY_ACCOUNT SET STATE = CASE WHEN ? IS NOT NULL THEN ? ELSE STATE END, FAILED_LOGIN_ATTEMPTS = CASE WHEN ? IS NOT NULL THEN ? ELSE FAILED_LOGIN_ATTEMPTS END, UPD_TIMESTAMP = CURRENT_TIMESTAMP -- Update timestamp for when the user was updated WHERE ACCOUNT_ID = ?
2024-10-21 11:54:02 DEBUG c.t.o.w.m.U.updateFailedLoginAttempt - ==> Parameters: A(String), A(String), 0(Integer), 0(Integer), A12345(String)
2024-10-21 11:54:02 DEBUG c.t.o.w.m.U.updateFailedLoginAttempt - <==    Updates: 1
2024-10-21 11:54:02 DEBUG c.t.o.w.m.B.findBaseInfo - ==>  Preparing: SELECT TITLE AS title, BEGIN_YMD AS beginYmd, IMPORTANT_FLG AS importantFlg FROM BASE_INFO WHERE CURRENT_DATE BETWEEN BEGIN_YMD AND END_YMD ORDER BY IMPORTANT_FLG desc
2024-10-21 11:54:02 DEBUG c.t.o.w.m.B.findBaseInfo - ==> Parameters: 
2024-10-21 11:54:02 DEBUG c.t.o.w.m.B.findBaseInfo - <==      Total: 3
2024-10-21 11:54:02 DEBUG c.t.o.w.m.TGuideMapper.findTGuide - ==>  Preparing: SELECT TITLE AS title, BEGIN_YMD AS beginYmd, IMPORTANT_FLG AS importantFlg FROM T_GUIDE WHERE CURRENT_DATE BETWEEN BEGIN_YMD AND END_YMD ORDER BY IMPORTANT_FLG desc
2024-10-21 11:54:02 DEBUG c.t.o.w.m.TGuideMapper.findTGuide - ==> Parameters: 
2024-10-21 11:54:02 DEBUG c.t.o.w.m.TGuideMapper.findTGuide - <==      Total: 1
2024-10-21 11:54:02 DEBUG c.t.o.w.m.T.findToDoByLocale - ==>  Preparing: SELECT T1.GYOMU_CD || '-' || T1.CYCLE_NO AS gyomuCd, T1.SHUSHU_TXT AS shushuTxt, TO_CHAR(TO_DATE(T1.SHIMEKIRI_YMD, 'YYYY-MM-DD'), 'yyyy/mm/dd') AS shimekiriYMD, T1.IRAI_STATUS AS iraiStatus, T1.SEQ_IRAI AS seqIrai, COALESCE(T2.KAITO_STATUS, 'N/A') AS kaitoStatus, COALESCE(T3.USER_KBN, 'Unknown') AS userKbn, COALESCE(T3.USERID, 'Unknown') AS userId, COALESCE(T4.PARTY_NAME_EN, 'No Party') AS partyNameEn, COALESCE(T5.CODE_VALUE1, 'No Value') AS codeValue1, (SELECT COUNT(*) FROM T_IRAI) AS requestTotal FROM T_IRAI T1 LEFT JOIN T_KAITO T2 ON T1.SEQ_IRAI = T2.SEQ_IRAI LEFT JOIN T_KAITO_USER T3 ON T2.SEQ_KAITO = T3.SEQ_KAITO LEFT JOIN BASE_PARTY T4 ON T3.USERID = T4.PARTY_ID LEFT JOIN BASE_CODE T5 ON T2.KAITO_STATUS = T5.CODE AND T5.CODE_KIND = 'KAITO_STATUS' AND T5.LOCALE = ? ORDER BY shimekiriYMD
2024-10-21 11:54:02 DEBUG c.t.o.w.m.T.findToDoByLocale - ==> Parameters: en(String)
2024-10-21 11:54:02 DEBUG c.t.o.w.m.T.findToDoByLocale - <==      Total: 1
2024-10-21 11:54:02 DEBUG c.t.o.w.m.T.findToDoByLocale - ==>  Preparing: SELECT T1.GYOMU_CD || '-' || T1.CYCLE_NO AS gyomuCd, T1.SHUSHU_TXT AS shushuTxt, TO_CHAR(TO_DATE(T1.SHIMEKIRI_YMD, 'YYYY-MM-DD'), 'yyyy/mm/dd') AS shimekiriYMD, T1.IRAI_STATUS AS iraiStatus, T1.SEQ_IRAI AS seqIrai, COALESCE(T2.KAITO_STATUS, 'N/A') AS kaitoStatus, COALESCE(T3.USER_KBN, 'Unknown') AS userKbn, COALESCE(T3.USERID, 'Unknown') AS userId, COALESCE(T4.PARTY_NAME_EN, 'No Party') AS partyNameEn, COALESCE(T5.CODE_VALUE1, 'No Value') AS codeValue1, (SELECT COUNT(*) FROM T_IRAI) AS requestTotal FROM T_IRAI T1 LEFT JOIN T_KAITO T2 ON T1.SEQ_IRAI = T2.SEQ_IRAI LEFT JOIN T_KAITO_USER T3 ON T2.SEQ_KAITO = T3.SEQ_KAITO LEFT JOIN BASE_PARTY T4 ON T3.USERID = T4.PARTY_ID LEFT JOIN BASE_CODE T5 ON T2.KAITO_STATUS = T5.CODE AND T5.CODE_KIND = 'KAITO_STATUS' AND T5.LOCALE = ? ORDER BY shimekiriYMD
2024-10-21 11:54:02 DEBUG c.t.o.w.m.T.findToDoByLocale - ==> Parameters: en(String)
2024-10-21 11:54:02 DEBUG c.t.o.w.m.T.findToDoByLocale - <==      Total: 1
2024-10-21 11:54:02 WARN  o.s.w.s.m.s.DefaultHandlerExceptionResolver - Resolved [org.springframework.web.HttpRequestMethodNotSupportedException: Request method 'GET' is not supported]
2024-10-21 11:54:50 INFO  com.zaxxer.hikari.HikariDataSource - HikariPool-1 - Shutdown initiated...
2024-10-21 11:54:50 INFO  com.zaxxer.hikari.HikariDataSource - HikariPool-1 - Shutdown completed.
2024-10-21 11:54:53 INFO  o.h.validator.internal.util.Version - HV000001: Hibernate Validator 8.0.1.Final
2024-10-21 11:54:53 INFO  com.toray.ojt.OjtApplication - Starting OjtApplication using Java 21.0.4 with PID 32540 (C:\Users\sanjay.nair\Desktop\Toray\ojt\target\classes started by sanjay.nair in C:\Users\sanjay.nair\Desktop\Toray\ojt)
2024-10-21 11:54:53 DEBUG com.toray.ojt.OjtApplication - Running with Spring Boot v3.3.4, Spring v6.1.13
2024-10-21 11:54:53 INFO  com.toray.ojt.OjtApplication - No active profile set, falling back to 1 default profile: "default"
2024-10-21 11:54:55 INFO  o.s.b.w.e.tomcat.TomcatWebServer - Tomcat initialized with port 8080 (http)
2024-10-21 11:54:55 INFO  o.a.coyote.http11.Http11NioProtocol - Initializing ProtocolHandler ["http-nio-8080"]
2024-10-21 11:54:55 INFO  o.a.catalina.core.StandardService - Starting service [Tomcat]
2024-10-21 11:54:55 INFO  o.a.catalina.core.StandardEngine - Starting Servlet engine: [Apache Tomcat/10.1.30]
2024-10-21 11:54:55 INFO  o.a.c.c.C.[Tomcat].[localhost].[/] - Initializing Spring embedded WebApplicationContext
2024-10-21 11:54:55 INFO  o.s.b.w.s.c.ServletWebServerApplicationContext - Root WebApplicationContext: initialization completed in 2357 ms
2024-10-21 11:54:56 INFO  com.zaxxer.hikari.HikariDataSource - HikariPool-1 - Starting...
2024-10-21 11:54:57 INFO  com.zaxxer.hikari.pool.HikariPool - HikariPool-1 - Added connection oracle.jdbc.driver.T4CConnection@3ab595c8
2024-10-21 11:54:57 INFO  com.zaxxer.hikari.HikariDataSource - HikariPool-1 - Start completed.
2024-10-21 11:54:57 INFO  org.flywaydb.core.FlywayExecutor - Database: jdbc:oracle:thin:@localhost:1521/test (Oracle 19.0)
2024-10-21 11:54:57 INFO  o.f.core.internal.command.DbValidate - Successfully validated 6 migrations (execution time 00:00.081s)
2024-10-21 11:54:57 INFO  o.f.core.internal.command.DbMigrate - Current version of schema "SYS": 8
2024-10-21 11:54:57 INFO  o.f.core.internal.command.DbMigrate - Schema "SYS" is up to date. No migration necessary.
2024-10-21 11:54:57 INFO  o.s.s.c.a.a.c.InitializeUserDetailsBeanManagerConfigurer$InitializeUserDetailsManagerConfigurer - Global AuthenticationManager configured with UserDetailsService bean with name customUserDetailsService
2024-10-21 11:54:58 INFO  o.a.coyote.http11.Http11NioProtocol - Starting ProtocolHandler ["http-nio-8080"]
2024-10-21 11:54:58 INFO  o.s.b.w.e.tomcat.TomcatWebServer - Tomcat started on port 8080 (http) with context path '/'
2024-10-21 11:54:58 INFO  com.toray.ojt.OjtApplication - Started OjtApplication in 6.523 seconds (process running for 7.171)
2024-10-21 11:55:03 INFO  o.a.c.c.C.[Tomcat].[localhost].[/] - Initializing Spring DispatcherServlet 'dispatcherServlet'
2024-10-21 11:55:03 INFO  o.s.web.servlet.DispatcherServlet - Initializing Servlet 'dispatcherServlet'
2024-10-21 11:55:03 INFO  o.s.web.servlet.DispatcherServlet - Completed initialization in 0 ms
2024-10-21 11:55:06 DEBUG c.t.o.w.s.i.CustomUserDetailsService - Parameter username: A12345
2024-10-21 11:55:06 DEBUG c.t.o.w.m.UserMapper.findByAccountId - ==>  Preparing: SELECT * FROM BASE_PARTY_ACCOUNT WHERE ACCOUNT_ID = ?
2024-10-21 11:55:06 DEBUG c.t.o.w.m.UserMapper.findByAccountId - ==> Parameters: A12345(String)
2024-10-21 11:55:06 DEBUG c.t.o.w.m.UserMapper.findByAccountId - <==      Total: 1
2024-10-21 11:55:06 DEBUG c.t.o.w.s.i.CustomUserDetailsService - User Object: com.toray.ojt.web.entity.User@3d8c3810
2024-10-21 11:55:06 DEBUG c.t.o.w.s.i.CustomUserDetailsService - isExpired: 1
2024-10-21 11:55:06 DEBUG c.t.o.w.m.B.findAtrributeNameByPartyId - ==>  Preparing: SELECT ATTRIBUTE_NAME FROM BASE_PARTY_ATTRIBUTE WHERE PARTY_ID = ?
2024-10-21 11:55:06 DEBUG c.t.o.w.m.B.findAtrributeNameByPartyId - ==> Parameters: P12345(String)
2024-10-21 11:55:06 DEBUG c.t.o.w.m.B.findAtrributeNameByPartyId - <==      Total: 1
2024-10-21 11:55:06 DEBUG c.t.o.w.s.i.CustomUserDetailsService - User role: base_admin
2024-10-21 11:55:06 DEBUG c.t.o.w.m.U.findUserNameByPartyId - ==>  Preparing: SELECT * FROM BASE_PARTY WHERE PARTY_ID = ?
2024-10-21 11:55:06 DEBUG c.t.o.w.m.U.findUserNameByPartyId - ==> Parameters: P12345(String)
2024-10-21 11:55:06 DEBUG c.t.o.w.m.U.findUserNameByPartyId - <==      Total: 1
2024-10-21 11:55:06 DEBUG c.t.o.w.m.UserMapper.findByAccountId - ==>  Preparing: SELECT * FROM BASE_PARTY_ACCOUNT WHERE ACCOUNT_ID = ?
2024-10-21 11:55:06 DEBUG c.t.o.w.m.UserMapper.findByAccountId - ==> Parameters: A12345(String)
2024-10-21 11:55:06 DEBUG c.t.o.w.m.UserMapper.findByAccountId - <==      Total: 1
2024-10-21 11:55:06 DEBUG c.t.o.w.m.U.updateFailedLoginAttempt - ==>  Preparing: UPDATE BASE_PARTY_ACCOUNT SET STATE = CASE WHEN ? IS NOT NULL THEN ? ELSE STATE END, FAILED_LOGIN_ATTEMPTS = CASE WHEN ? IS NOT NULL THEN ? ELSE FAILED_LOGIN_ATTEMPTS END, UPD_TIMESTAMP = CURRENT_TIMESTAMP -- Update timestamp for when the user was updated WHERE ACCOUNT_ID = ?
2024-10-21 11:55:06 DEBUG c.t.o.w.m.U.updateFailedLoginAttempt - ==> Parameters: A(String), A(String), 0(Integer), 0(Integer), A12345(String)
2024-10-21 11:55:06 DEBUG c.t.o.w.m.U.updateFailedLoginAttempt - <==    Updates: 1
2024-10-21 11:55:06 DEBUG c.t.o.w.m.B.findBaseInfo - ==>  Preparing: SELECT TITLE AS title, BEGIN_YMD AS beginYmd, IMPORTANT_FLG AS importantFlg FROM BASE_INFO WHERE CURRENT_DATE BETWEEN BEGIN_YMD AND END_YMD ORDER BY IMPORTANT_FLG desc
2024-10-21 11:55:06 DEBUG c.t.o.w.m.B.findBaseInfo - ==> Parameters: 
2024-10-21 11:55:06 DEBUG c.t.o.w.m.B.findBaseInfo - <==      Total: 3
2024-10-21 11:55:06 DEBUG c.t.o.w.m.TGuideMapper.findTGuide - ==>  Preparing: SELECT TITLE AS title, BEGIN_YMD AS beginYmd, IMPORTANT_FLG AS importantFlg FROM T_GUIDE WHERE CURRENT_DATE BETWEEN BEGIN_YMD AND END_YMD ORDER BY IMPORTANT_FLG desc
2024-10-21 11:55:06 DEBUG c.t.o.w.m.TGuideMapper.findTGuide - ==> Parameters: 
2024-10-21 11:55:06 DEBUG c.t.o.w.m.TGuideMapper.findTGuide - <==      Total: 1
2024-10-21 11:55:06 DEBUG c.t.o.w.m.T.findToDoByLocale - ==>  Preparing: SELECT T1.GYOMU_CD || '-' || T1.CYCLE_NO AS gyomuCd, T1.SHUSHU_TXT AS shushuTxt, TO_CHAR(TO_DATE(T1.SHIMEKIRI_YMD, 'YYYY-MM-DD'), 'yyyy/mm/dd') AS shimekiriYMD, T1.IRAI_STATUS AS iraiStatus, T1.SEQ_IRAI AS seqIrai, COALESCE(T2.KAITO_STATUS, 'N/A') AS kaitoStatus, COALESCE(T3.USER_KBN, 'Unknown') AS userKbn, COALESCE(T3.USERID, 'Unknown') AS userId, COALESCE(T4.PARTY_NAME_EN, 'No Party') AS partyNameEn, COALESCE(T5.CODE_VALUE1, 'No Value') AS codeValue1, (SELECT COUNT(*) FROM T_IRAI) AS requestTotal FROM T_IRAI T1 LEFT JOIN T_KAITO T2 ON T1.SEQ_IRAI = T2.SEQ_IRAI LEFT JOIN T_KAITO_USER T3 ON T2.SEQ_KAITO = T3.SEQ_KAITO LEFT JOIN BASE_PARTY T4 ON T3.USERID = T4.PARTY_ID LEFT JOIN BASE_CODE T5 ON T2.KAITO_STATUS = T5.CODE AND T5.CODE_KIND = 'KAITO_STATUS' AND T5.LOCALE = ? ORDER BY shimekiriYMD
2024-10-21 11:55:06 DEBUG c.t.o.w.m.T.findToDoByLocale - ==> Parameters: en(String)
2024-10-21 11:55:06 DEBUG c.t.o.w.m.T.findToDoByLocale - <==      Total: 1
2024-10-21 11:55:06 DEBUG c.t.o.w.m.T.findToDoByLocale - ==>  Preparing: SELECT T1.GYOMU_CD || '-' || T1.CYCLE_NO AS gyomuCd, T1.SHUSHU_TXT AS shushuTxt, TO_CHAR(TO_DATE(T1.SHIMEKIRI_YMD, 'YYYY-MM-DD'), 'yyyy/mm/dd') AS shimekiriYMD, T1.IRAI_STATUS AS iraiStatus, T1.SEQ_IRAI AS seqIrai, COALESCE(T2.KAITO_STATUS, 'N/A') AS kaitoStatus, COALESCE(T3.USER_KBN, 'Unknown') AS userKbn, COALESCE(T3.USERID, 'Unknown') AS userId, COALESCE(T4.PARTY_NAME_EN, 'No Party') AS partyNameEn, COALESCE(T5.CODE_VALUE1, 'No Value') AS codeValue1, (SELECT COUNT(*) FROM T_IRAI) AS requestTotal FROM T_IRAI T1 LEFT JOIN T_KAITO T2 ON T1.SEQ_IRAI = T2.SEQ_IRAI LEFT JOIN T_KAITO_USER T3 ON T2.SEQ_KAITO = T3.SEQ_KAITO LEFT JOIN BASE_PARTY T4 ON T3.USERID = T4.PARTY_ID LEFT JOIN BASE_CODE T5 ON T2.KAITO_STATUS = T5.CODE AND T5.CODE_KIND = 'KAITO_STATUS' AND T5.LOCALE = ? ORDER BY shimekiriYMD
2024-10-21 11:55:06 DEBUG c.t.o.w.m.T.findToDoByLocale - ==> Parameters: en(String)
2024-10-21 11:55:06 DEBUG c.t.o.w.m.T.findToDoByLocale - <==      Total: 1
2024-10-21 11:55:06 WARN  o.s.w.s.m.s.DefaultHandlerExceptionResolver - Resolved [org.springframework.web.HttpRequestMethodNotSupportedException: Request method 'GET' is not supported]
2024-10-21 11:55:09 INFO  c.t.o.w.c.BaseInfoController - Fetching notices ...
2024-10-21 11:55:09 DEBUG c.t.o.w.m.BaseInfoMapper.getBaseInfo - ==>  Preparing: SELECT Title as title, Text as text, Important_Flg as importantFlg,END_YMD as endYmd,BEGIN_YMD as beginYmd,UPD_TIMESTAMP as updTimestamp,SEQ_INFO as seqInfo,UPD_USERID as updUserId FROM base_info
2024-10-21 11:55:09 DEBUG c.t.o.w.m.BaseInfoMapper.getBaseInfo - ==> Parameters: 
2024-10-21 11:55:09 DEBUG c.t.o.w.m.BaseInfoMapper.getBaseInfo - <==      Total: 5
2024-10-21 11:55:09 DEBUG c.t.o.w.c.BaseInfoController - Fetched 5 base info records
2024-10-21 11:55:09 INFO  c.t.o.w.c.BaseInfoController - Fetching user who updated notices...
2024-10-21 11:55:09 DEBUG c.t.o.w.c.BaseInfoController - Fetching user name for updUserId: P12345
2024-10-21 11:55:09 DEBUG c.t.o.w.m.U.findUserNameOnlyByPartyId - ==>  Preparing: SELECT PARTY_ID as partyId,PARTY_NAME_KJ as partyNameKj,PARTY_NAME_KN as partyNameKn,PARTY_NAME_EN as partyNameEn FROM BASE_PARTY WHERE PARTY_ID = ?
2024-10-21 11:55:09 DEBUG c.t.o.w.m.U.findUserNameOnlyByPartyId - ==> Parameters: P12345(String)
2024-10-21 11:55:09 DEBUG c.t.o.w.m.U.findUserNameOnlyByPartyId - <==      Total: 1
2024-10-21 11:55:09 DEBUG c.t.o.w.c.BaseInfoController - Fetching user name for updUserId: P67890
2024-10-21 11:55:09 DEBUG c.t.o.w.m.U.findUserNameOnlyByPartyId - ==>  Preparing: SELECT PARTY_ID as partyId,PARTY_NAME_KJ as partyNameKj,PARTY_NAME_KN as partyNameKn,PARTY_NAME_EN as partyNameEn FROM BASE_PARTY WHERE PARTY_ID = ?
2024-10-21 11:55:09 DEBUG c.t.o.w.m.U.findUserNameOnlyByPartyId - ==> Parameters: P67890(String)
2024-10-21 11:55:09 DEBUG c.t.o.w.m.U.findUserNameOnlyByPartyId - <==      Total: 1
2024-10-21 11:55:09 DEBUG c.t.o.w.c.BaseInfoController - Fetching user name for updUserId: P12345
2024-10-21 11:55:09 DEBUG c.t.o.w.m.U.findUserNameOnlyByPartyId - ==>  Preparing: SELECT PARTY_ID as partyId,PARTY_NAME_KJ as partyNameKj,PARTY_NAME_KN as partyNameKn,PARTY_NAME_EN as partyNameEn FROM BASE_PARTY WHERE PARTY_ID = ?
2024-10-21 11:55:09 DEBUG c.t.o.w.m.U.findUserNameOnlyByPartyId - ==> Parameters: P12345(String)
2024-10-21 11:55:09 DEBUG c.t.o.w.m.U.findUserNameOnlyByPartyId - <==      Total: 1
2024-10-21 11:55:09 DEBUG c.t.o.w.c.BaseInfoController - Fetching user name for updUserId: P12345
2024-10-21 11:55:09 DEBUG c.t.o.w.m.U.findUserNameOnlyByPartyId - ==>  Preparing: SELECT PARTY_ID as partyId,PARTY_NAME_KJ as partyNameKj,PARTY_NAME_KN as partyNameKn,PARTY_NAME_EN as partyNameEn FROM BASE_PARTY WHERE PARTY_ID = ?
2024-10-21 11:55:09 DEBUG c.t.o.w.m.U.findUserNameOnlyByPartyId - ==> Parameters: P12345(String)
2024-10-21 11:55:09 DEBUG c.t.o.w.m.U.findUserNameOnlyByPartyId - <==      Total: 1
2024-10-21 11:55:09 DEBUG c.t.o.w.c.BaseInfoController - Fetching user name for updUserId: P12345
2024-10-21 11:55:09 DEBUG c.t.o.w.m.U.findUserNameOnlyByPartyId - ==>  Preparing: SELECT PARTY_ID as partyId,PARTY_NAME_KJ as partyNameKj,PARTY_NAME_KN as partyNameKn,PARTY_NAME_EN as partyNameEn FROM BASE_PARTY WHERE PARTY_ID = ?
2024-10-21 11:55:09 DEBUG c.t.o.w.m.U.findUserNameOnlyByPartyId - ==> Parameters: P12345(String)
2024-10-21 11:55:09 DEBUG c.t.o.w.m.U.findUserNameOnlyByPartyId - <==      Total: 1
2024-10-21 11:55:09 WARN  o.s.w.s.m.s.DefaultHandlerExceptionResolver - Resolved [org.springframework.web.HttpRequestMethodNotSupportedException: Request method 'GET' is not supported]
2024-10-21 11:55:09 DEBUG c.t.o.w.m.BaseInfoMapper.fetchRoles - ==>  Preparing: SELECT ROLE, ROLE_NAME as roleName FROM base_info_view_role_name
2024-10-21 11:55:09 DEBUG c.t.o.w.m.BaseInfoMapper.fetchRoles - ==> Parameters: 
2024-10-21 11:55:09 DEBUG c.t.o.w.m.BaseInfoMapper.fetchRoles - <==      Total: 1
2024-10-21 11:55:10 DEBUG c.t.o.w.m.B.searchBaseInfoWithPagination - ==>  Preparing: SELECT Title as title, Text as text, Important_Flg as importantFlg, END_YMD as endYmd, BEGIN_YMD as beginYmd, UPD_TIMESTAMP as updTimestamp, SEQ_INFO as seqInfo FROM base_info WHERE 1=1 ORDER BY CASE WHEN important_flg = 'Y' THEN 1 ELSE 0 END DESC OFFSET ? ROWS FETCH NEXT ? ROWS ONLY
2024-10-21 11:55:10 DEBUG c.t.o.w.m.B.searchBaseInfoWithPagination - ==> Parameters: 0(Integer), 6(Integer)
2024-10-21 11:55:10 DEBUG c.t.o.w.m.B.searchBaseInfoWithPagination - <==      Total: 5
2024-10-21 11:55:10 DEBUG c.t.o.w.m.B.countBaseInfoSearchResults - ==>  Preparing: SELECT COUNT(*) FROM base_info WHERE 1=1
2024-10-21 11:55:10 DEBUG c.t.o.w.m.B.countBaseInfoSearchResults - ==> Parameters: 
2024-10-21 11:55:10 DEBUG c.t.o.w.m.B.countBaseInfoSearchResults - <==      Total: 1
2024-10-21 11:55:10 DEBUG c.t.o.w.m.B.getRolesBySeqInfo - ==>  Preparing: SELECT ROLE AS role FROM BASE_INFO_VIEW_ROLE WHERE SEQ_INFO = ?
2024-10-21 11:55:10 DEBUG c.t.o.w.m.B.getRolesBySeqInfo - ==>  Preparing: SELECT ROLE AS role FROM BASE_INFO_VIEW_ROLE WHERE SEQ_INFO = ?
2024-10-21 11:55:10 DEBUG c.t.o.w.m.B.getRolesBySeqInfo - ==>  Preparing: SELECT ROLE AS role FROM BASE_INFO_VIEW_ROLE WHERE SEQ_INFO = ?
2024-10-21 11:55:10 DEBUG c.t.o.w.m.B.getRolesBySeqInfo - ==>  Preparing: SELECT ROLE AS role FROM BASE_INFO_VIEW_ROLE WHERE SEQ_INFO = ?
2024-10-21 11:55:10 DEBUG c.t.o.w.m.B.getRolesBySeqInfo - ==>  Preparing: SELECT ROLE AS role FROM BASE_INFO_VIEW_ROLE WHERE SEQ_INFO = ?
2024-10-21 11:55:10 DEBUG c.t.o.w.m.B.getRolesBySeqInfo - ==> Parameters: 3(Long)
2024-10-21 11:55:10 DEBUG c.t.o.w.m.B.getRolesBySeqInfo - ==> Parameters: 1005(Long)
2024-10-21 11:55:10 DEBUG c.t.o.w.m.B.getRolesBySeqInfo - ==> Parameters: 1(Long)
2024-10-21 11:55:10 DEBUG c.t.o.w.m.B.getRolesBySeqInfo - ==> Parameters: 2(Long)
2024-10-21 11:55:10 DEBUG c.t.o.w.m.B.getRolesBySeqInfo - ==> Parameters: 1006(Long)
2024-10-21 11:55:10 DEBUG c.t.o.w.m.B.getRolesBySeqInfo - <==      Total: 0
2024-10-21 11:55:10 DEBUG c.t.o.w.m.B.getRolesBySeqInfo - <==      Total: 1
2024-10-21 11:55:10 DEBUG c.t.o.w.m.B.getRolesBySeqInfo - <==      Total: 1
2024-10-21 11:55:10 DEBUG c.t.o.w.m.B.getRolesBySeqInfo - <==      Total: 0
2024-10-21 11:55:10 DEBUG c.t.o.w.m.B.getRolesBySeqInfo - <==      Total: 1
2024-10-21 11:55:32 INFO  com.zaxxer.hikari.HikariDataSource - HikariPool-1 - Shutdown initiated...
2024-10-21 11:55:33 INFO  com.zaxxer.hikari.HikariDataSource - HikariPool-1 - Shutdown completed.
2024-10-21 11:55:36 INFO  o.h.validator.internal.util.Version - HV000001: Hibernate Validator 8.0.1.Final
2024-10-21 11:55:36 INFO  com.toray.ojt.OjtApplication - Starting OjtApplication using Java 21.0.4 with PID 14744 (C:\Users\sanjay.nair\Desktop\Toray\ojt\target\classes started by sanjay.nair in C:\Users\sanjay.nair\Desktop\Toray\ojt)
2024-10-21 11:55:36 DEBUG com.toray.ojt.OjtApplication - Running with Spring Boot v3.3.4, Spring v6.1.13
2024-10-21 11:55:36 INFO  com.toray.ojt.OjtApplication - No active profile set, falling back to 1 default profile: "default"
2024-10-21 11:55:38 INFO  o.s.b.w.e.tomcat.TomcatWebServer - Tomcat initialized with port 8080 (http)
2024-10-21 11:55:38 INFO  o.a.coyote.http11.Http11NioProtocol - Initializing ProtocolHandler ["http-nio-8080"]
2024-10-21 11:55:38 INFO  o.a.catalina.core.StandardService - Starting service [Tomcat]
2024-10-21 11:55:38 INFO  o.a.catalina.core.StandardEngine - Starting Servlet engine: [Apache Tomcat/10.1.30]
2024-10-21 11:55:39 INFO  o.a.c.c.C.[Tomcat].[localhost].[/] - Initializing Spring embedded WebApplicationContext
2024-10-21 11:55:39 INFO  o.s.b.w.s.c.ServletWebServerApplicationContext - Root WebApplicationContext: initialization completed in 2215 ms
2024-10-21 11:55:40 INFO  com.zaxxer.hikari.HikariDataSource - HikariPool-1 - Starting...
2024-10-21 11:55:40 INFO  com.zaxxer.hikari.pool.HikariPool - HikariPool-1 - Added connection oracle.jdbc.driver.T4CConnection@70d4f672
2024-10-21 11:55:40 INFO  com.zaxxer.hikari.HikariDataSource - HikariPool-1 - Start completed.
2024-10-21 11:55:40 INFO  org.flywaydb.core.FlywayExecutor - Database: jdbc:oracle:thin:@localhost:1521/test (Oracle 19.0)
2024-10-21 11:55:40 INFO  o.f.core.internal.command.DbValidate - Successfully validated 6 migrations (execution time 00:00.077s)
2024-10-21 11:55:40 INFO  o.f.core.internal.command.DbMigrate - Current version of schema "SYS": 8
2024-10-21 11:55:40 INFO  o.f.core.internal.command.DbMigrate - Schema "SYS" is up to date. No migration necessary.
2024-10-21 11:55:41 INFO  o.s.s.c.a.a.c.InitializeUserDetailsBeanManagerConfigurer$InitializeUserDetailsManagerConfigurer - Global AuthenticationManager configured with UserDetailsService bean with name customUserDetailsService
2024-10-21 11:55:42 INFO  o.a.coyote.http11.Http11NioProtocol - Starting ProtocolHandler ["http-nio-8080"]
2024-10-21 11:55:42 INFO  o.s.b.w.e.tomcat.TomcatWebServer - Tomcat started on port 8080 (http) with context path '/'
2024-10-21 11:55:42 INFO  com.toray.ojt.OjtApplication - Started OjtApplication in 6.426 seconds (process running for 7.009)
2024-10-21 11:55:46 INFO  com.zaxxer.hikari.HikariDataSource - HikariPool-1 - Shutdown initiated...
2024-10-21 11:55:46 INFO  com.zaxxer.hikari.HikariDataSource - HikariPool-1 - Shutdown completed.
2024-10-21 11:55:49 INFO  o.h.validator.internal.util.Version - HV000001: Hibernate Validator 8.0.1.Final
2024-10-21 11:55:49 INFO  com.toray.ojt.OjtApplication - Starting OjtApplication using Java 21.0.4 with PID 4832 (C:\Users\sanjay.nair\Desktop\Toray\ojt\target\classes started by sanjay.nair in C:\Users\sanjay.nair\Desktop\Toray\ojt)
2024-10-21 11:55:49 DEBUG com.toray.ojt.OjtApplication - Running with Spring Boot v3.3.4, Spring v6.1.13
2024-10-21 11:55:49 INFO  com.toray.ojt.OjtApplication - No active profile set, falling back to 1 default profile: "default"
2024-10-21 11:55:51 INFO  o.s.b.w.e.tomcat.TomcatWebServer - Tomcat initialized with port 8080 (http)
2024-10-21 11:55:51 INFO  o.a.coyote.http11.Http11NioProtocol - Initializing ProtocolHandler ["http-nio-8080"]
2024-10-21 11:55:51 INFO  o.a.catalina.core.StandardService - Starting service [Tomcat]
2024-10-21 11:55:51 INFO  o.a.catalina.core.StandardEngine - Starting Servlet engine: [Apache Tomcat/10.1.30]
2024-10-21 11:55:51 INFO  o.a.c.c.C.[Tomcat].[localhost].[/] - Initializing Spring embedded WebApplicationContext
2024-10-21 11:55:51 INFO  o.s.b.w.s.c.ServletWebServerApplicationContext - Root WebApplicationContext: initialization completed in 2309 ms
2024-10-21 11:55:53 INFO  com.zaxxer.hikari.HikariDataSource - HikariPool-1 - Starting...
2024-10-21 11:55:53 INFO  com.zaxxer.hikari.pool.HikariPool - HikariPool-1 - Added connection oracle.jdbc.driver.T4CConnection@70d4f672
2024-10-21 11:55:53 INFO  com.zaxxer.hikari.HikariDataSource - HikariPool-1 - Start completed.
2024-10-21 11:55:53 INFO  org.flywaydb.core.FlywayExecutor - Database: jdbc:oracle:thin:@localhost:1521/test (Oracle 19.0)
2024-10-21 11:55:53 INFO  o.f.core.internal.command.DbValidate - Successfully validated 6 migrations (execution time 00:00.137s)
2024-10-21 11:55:54 INFO  o.f.core.internal.command.DbMigrate - Current version of schema "SYS": 8
2024-10-21 11:55:54 INFO  o.f.core.internal.command.DbMigrate - Schema "SYS" is up to date. No migration necessary.
2024-10-21 11:55:54 INFO  o.s.s.c.a.a.c.InitializeUserDetailsBeanManagerConfigurer$InitializeUserDetailsManagerConfigurer - Global AuthenticationManager configured with UserDetailsService bean with name customUserDetailsService
2024-10-21 11:55:55 INFO  o.a.coyote.http11.Http11NioProtocol - Starting ProtocolHandler ["http-nio-8080"]
2024-10-21 11:55:55 INFO  o.s.b.w.e.tomcat.TomcatWebServer - Tomcat started on port 8080 (http) with context path '/'
2024-10-21 11:55:55 INFO  com.toray.ojt.OjtApplication - Started OjtApplication in 6.659 seconds (process running for 7.204)
2024-10-21 11:55:58 INFO  o.a.c.c.C.[Tomcat].[localhost].[/] - Initializing Spring DispatcherServlet 'dispatcherServlet'
2024-10-21 11:55:58 INFO  o.s.web.servlet.DispatcherServlet - Initializing Servlet 'dispatcherServlet'
2024-10-21 11:55:58 INFO  o.s.web.servlet.DispatcherServlet - Completed initialization in 1 ms
2024-10-21 11:56:00 DEBUG c.t.o.w.s.i.CustomUserDetailsService - Parameter username: A12345
2024-10-21 11:56:00 DEBUG c.t.o.w.m.UserMapper.findByAccountId - ==>  Preparing: SELECT * FROM BASE_PARTY_ACCOUNT WHERE ACCOUNT_ID = ?
2024-10-21 11:56:00 DEBUG c.t.o.w.m.UserMapper.findByAccountId - ==> Parameters: A12345(String)
2024-10-21 11:56:00 DEBUG c.t.o.w.m.UserMapper.findByAccountId - <==      Total: 1
2024-10-21 11:56:00 DEBUG c.t.o.w.s.i.CustomUserDetailsService - User Object: com.toray.ojt.web.entity.User@6ac5ff20
2024-10-21 11:56:00 DEBUG c.t.o.w.s.i.CustomUserDetailsService - isExpired: 1
2024-10-21 11:56:00 DEBUG c.t.o.w.m.B.findAtrributeNameByPartyId - ==>  Preparing: SELECT ATTRIBUTE_NAME FROM BASE_PARTY_ATTRIBUTE WHERE PARTY_ID = ?
2024-10-21 11:56:00 DEBUG c.t.o.w.m.B.findAtrributeNameByPartyId - ==> Parameters: P12345(String)
2024-10-21 11:56:00 DEBUG c.t.o.w.m.B.findAtrributeNameByPartyId - <==      Total: 1
2024-10-21 11:56:00 DEBUG c.t.o.w.s.i.CustomUserDetailsService - User role: base_admin
2024-10-21 11:56:00 DEBUG c.t.o.w.m.U.findUserNameByPartyId - ==>  Preparing: SELECT * FROM BASE_PARTY WHERE PARTY_ID = ?
2024-10-21 11:56:00 DEBUG c.t.o.w.m.U.findUserNameByPartyId - ==> Parameters: P12345(String)
2024-10-21 11:56:00 DEBUG c.t.o.w.m.U.findUserNameByPartyId - <==      Total: 1
2024-10-21 11:56:00 DEBUG c.t.o.w.m.UserMapper.findByAccountId - ==>  Preparing: SELECT * FROM BASE_PARTY_ACCOUNT WHERE ACCOUNT_ID = ?
2024-10-21 11:56:00 DEBUG c.t.o.w.m.UserMapper.findByAccountId - ==> Parameters: A12345(String)
2024-10-21 11:56:00 DEBUG c.t.o.w.m.UserMapper.findByAccountId - <==      Total: 1
2024-10-21 11:56:00 DEBUG c.t.o.w.m.U.updateFailedLoginAttempt - ==>  Preparing: UPDATE BASE_PARTY_ACCOUNT SET STATE = CASE WHEN ? IS NOT NULL THEN ? ELSE STATE END, FAILED_LOGIN_ATTEMPTS = CASE WHEN ? IS NOT NULL THEN ? ELSE FAILED_LOGIN_ATTEMPTS END, UPD_TIMESTAMP = CURRENT_TIMESTAMP -- Update timestamp for when the user was updated WHERE ACCOUNT_ID = ?
2024-10-21 11:56:00 DEBUG c.t.o.w.m.U.updateFailedLoginAttempt - ==> Parameters: A(String), A(String), 0(Integer), 0(Integer), A12345(String)
2024-10-21 11:56:00 DEBUG c.t.o.w.m.U.updateFailedLoginAttempt - <==    Updates: 1
2024-10-21 11:56:00 DEBUG c.t.o.w.m.B.findBaseInfo - ==>  Preparing: SELECT TITLE AS title, BEGIN_YMD AS beginYmd, IMPORTANT_FLG AS importantFlg FROM BASE_INFO WHERE CURRENT_DATE BETWEEN BEGIN_YMD AND END_YMD ORDER BY IMPORTANT_FLG desc
2024-10-21 11:56:00 DEBUG c.t.o.w.m.B.findBaseInfo - ==> Parameters: 
2024-10-21 11:56:00 DEBUG c.t.o.w.m.B.findBaseInfo - <==      Total: 3
2024-10-21 11:56:00 DEBUG c.t.o.w.m.TGuideMapper.findTGuide - ==>  Preparing: SELECT TITLE AS title, BEGIN_YMD AS beginYmd, IMPORTANT_FLG AS importantFlg FROM T_GUIDE WHERE CURRENT_DATE BETWEEN BEGIN_YMD AND END_YMD ORDER BY IMPORTANT_FLG desc
2024-10-21 11:56:00 DEBUG c.t.o.w.m.TGuideMapper.findTGuide - ==> Parameters: 
2024-10-21 11:56:00 DEBUG c.t.o.w.m.TGuideMapper.findTGuide - <==      Total: 1
2024-10-21 11:56:00 DEBUG c.t.o.w.m.T.findToDoByLocale - ==>  Preparing: SELECT T1.GYOMU_CD || '-' || T1.CYCLE_NO AS gyomuCd, T1.SHUSHU_TXT AS shushuTxt, TO_CHAR(TO_DATE(T1.SHIMEKIRI_YMD, 'YYYY-MM-DD'), 'yyyy/mm/dd') AS shimekiriYMD, T1.IRAI_STATUS AS iraiStatus, T1.SEQ_IRAI AS seqIrai, COALESCE(T2.KAITO_STATUS, 'N/A') AS kaitoStatus, COALESCE(T3.USER_KBN, 'Unknown') AS userKbn, COALESCE(T3.USERID, 'Unknown') AS userId, COALESCE(T4.PARTY_NAME_EN, 'No Party') AS partyNameEn, COALESCE(T5.CODE_VALUE1, 'No Value') AS codeValue1, (SELECT COUNT(*) FROM T_IRAI) AS requestTotal FROM T_IRAI T1 LEFT JOIN T_KAITO T2 ON T1.SEQ_IRAI = T2.SEQ_IRAI LEFT JOIN T_KAITO_USER T3 ON T2.SEQ_KAITO = T3.SEQ_KAITO LEFT JOIN BASE_PARTY T4 ON T3.USERID = T4.PARTY_ID LEFT JOIN BASE_CODE T5 ON T2.KAITO_STATUS = T5.CODE AND T5.CODE_KIND = 'KAITO_STATUS' AND T5.LOCALE = ? ORDER BY shimekiriYMD
2024-10-21 11:56:00 DEBUG c.t.o.w.m.T.findToDoByLocale - ==> Parameters: en(String)
2024-10-21 11:56:00 DEBUG c.t.o.w.m.T.findToDoByLocale - <==      Total: 1
2024-10-21 11:56:00 DEBUG c.t.o.w.m.T.findToDoByLocale - ==>  Preparing: SELECT T1.GYOMU_CD || '-' || T1.CYCLE_NO AS gyomuCd, T1.SHUSHU_TXT AS shushuTxt, TO_CHAR(TO_DATE(T1.SHIMEKIRI_YMD, 'YYYY-MM-DD'), 'yyyy/mm/dd') AS shimekiriYMD, T1.IRAI_STATUS AS iraiStatus, T1.SEQ_IRAI AS seqIrai, COALESCE(T2.KAITO_STATUS, 'N/A') AS kaitoStatus, COALESCE(T3.USER_KBN, 'Unknown') AS userKbn, COALESCE(T3.USERID, 'Unknown') AS userId, COALESCE(T4.PARTY_NAME_EN, 'No Party') AS partyNameEn, COALESCE(T5.CODE_VALUE1, 'No Value') AS codeValue1, (SELECT COUNT(*) FROM T_IRAI) AS requestTotal FROM T_IRAI T1 LEFT JOIN T_KAITO T2 ON T1.SEQ_IRAI = T2.SEQ_IRAI LEFT JOIN T_KAITO_USER T3 ON T2.SEQ_KAITO = T3.SEQ_KAITO LEFT JOIN BASE_PARTY T4 ON T3.USERID = T4.PARTY_ID LEFT JOIN BASE_CODE T5 ON T2.KAITO_STATUS = T5.CODE AND T5.CODE_KIND = 'KAITO_STATUS' AND T5.LOCALE = ? ORDER BY shimekiriYMD
2024-10-21 11:56:00 DEBUG c.t.o.w.m.T.findToDoByLocale - ==> Parameters: en(String)
2024-10-21 11:56:00 DEBUG c.t.o.w.m.T.findToDoByLocale - <==      Total: 1
2024-10-21 11:56:00 WARN  o.s.w.s.m.s.DefaultHandlerExceptionResolver - Resolved [org.springframework.web.HttpRequestMethodNotSupportedException: Request method 'GET' is not supported]
2024-10-21 11:56:02 INFO  c.t.o.w.c.BaseInfoController - Fetching notices ...
2024-10-21 11:56:02 DEBUG c.t.o.w.m.BaseInfoMapper.getBaseInfo - ==>  Preparing: SELECT Title as title, Text as text, Important_Flg as importantFlg,END_YMD as endYmd,BEGIN_YMD as beginYmd,UPD_TIMESTAMP as updTimestamp,SEQ_INFO as seqInfo,UPD_USERID as updUserId FROM base_info
2024-10-21 11:56:02 DEBUG c.t.o.w.m.BaseInfoMapper.getBaseInfo - ==> Parameters: 
2024-10-21 11:56:02 DEBUG c.t.o.w.m.BaseInfoMapper.getBaseInfo - <==      Total: 5
2024-10-21 11:56:02 DEBUG c.t.o.w.c.BaseInfoController - Fetched 5 base info records
2024-10-21 11:56:02 INFO  c.t.o.w.c.BaseInfoController - Fetching user who updated notices...
2024-10-21 11:56:02 DEBUG c.t.o.w.c.BaseInfoController - Fetching user name for updUserId: P12345
2024-10-21 11:56:02 DEBUG c.t.o.w.m.U.findUserNameOnlyByPartyId - ==>  Preparing: SELECT PARTY_ID as partyId,PARTY_NAME_KJ as partyNameKj,PARTY_NAME_KN as partyNameKn,PARTY_NAME_EN as partyNameEn FROM BASE_PARTY WHERE PARTY_ID = ?
2024-10-21 11:56:02 DEBUG c.t.o.w.m.U.findUserNameOnlyByPartyId - ==> Parameters: P12345(String)
2024-10-21 11:56:02 DEBUG c.t.o.w.m.U.findUserNameOnlyByPartyId - <==      Total: 1
2024-10-21 11:56:02 DEBUG c.t.o.w.c.BaseInfoController - Fetching user name for updUserId: P67890
2024-10-21 11:56:02 DEBUG c.t.o.w.m.U.findUserNameOnlyByPartyId - ==>  Preparing: SELECT PARTY_ID as partyId,PARTY_NAME_KJ as partyNameKj,PARTY_NAME_KN as partyNameKn,PARTY_NAME_EN as partyNameEn FROM BASE_PARTY WHERE PARTY_ID = ?
2024-10-21 11:56:02 DEBUG c.t.o.w.m.U.findUserNameOnlyByPartyId - ==> Parameters: P67890(String)
2024-10-21 11:56:02 DEBUG c.t.o.w.m.U.findUserNameOnlyByPartyId - <==      Total: 1
2024-10-21 11:56:02 DEBUG c.t.o.w.c.BaseInfoController - Fetching user name for updUserId: P12345
2024-10-21 11:56:02 DEBUG c.t.o.w.m.U.findUserNameOnlyByPartyId - ==>  Preparing: SELECT PARTY_ID as partyId,PARTY_NAME_KJ as partyNameKj,PARTY_NAME_KN as partyNameKn,PARTY_NAME_EN as partyNameEn FROM BASE_PARTY WHERE PARTY_ID = ?
2024-10-21 11:56:02 DEBUG c.t.o.w.m.U.findUserNameOnlyByPartyId - ==> Parameters: P12345(String)
2024-10-21 11:56:02 DEBUG c.t.o.w.m.U.findUserNameOnlyByPartyId - <==      Total: 1
2024-10-21 11:56:02 DEBUG c.t.o.w.c.BaseInfoController - Fetching user name for updUserId: P12345
2024-10-21 11:56:02 DEBUG c.t.o.w.m.U.findUserNameOnlyByPartyId - ==>  Preparing: SELECT PARTY_ID as partyId,PARTY_NAME_KJ as partyNameKj,PARTY_NAME_KN as partyNameKn,PARTY_NAME_EN as partyNameEn FROM BASE_PARTY WHERE PARTY_ID = ?
2024-10-21 11:56:02 DEBUG c.t.o.w.m.U.findUserNameOnlyByPartyId - ==> Parameters: P12345(String)
2024-10-21 11:56:02 DEBUG c.t.o.w.m.U.findUserNameOnlyByPartyId - <==      Total: 1
2024-10-21 11:56:02 DEBUG c.t.o.w.c.BaseInfoController - Fetching user name for updUserId: P12345
2024-10-21 11:56:02 DEBUG c.t.o.w.m.U.findUserNameOnlyByPartyId - ==>  Preparing: SELECT PARTY_ID as partyId,PARTY_NAME_KJ as partyNameKj,PARTY_NAME_KN as partyNameKn,PARTY_NAME_EN as partyNameEn FROM BASE_PARTY WHERE PARTY_ID = ?
2024-10-21 11:56:02 DEBUG c.t.o.w.m.U.findUserNameOnlyByPartyId - ==> Parameters: P12345(String)
2024-10-21 11:56:02 DEBUG c.t.o.w.m.U.findUserNameOnlyByPartyId - <==      Total: 1
2024-10-21 11:56:02 WARN  o.s.w.s.m.s.DefaultHandlerExceptionResolver - Resolved [org.springframework.web.HttpRequestMethodNotSupportedException: Request method 'GET' is not supported]
2024-10-21 11:56:02 DEBUG c.t.o.w.m.BaseInfoMapper.fetchRoles - ==>  Preparing: SELECT ROLE, ROLE_NAME as roleName FROM base_info_view_role_name
2024-10-21 11:56:02 DEBUG c.t.o.w.m.BaseInfoMapper.fetchRoles - ==> Parameters: 
2024-10-21 11:56:02 DEBUG c.t.o.w.m.BaseInfoMapper.fetchRoles - <==      Total: 1
2024-10-21 11:56:03 DEBUG c.t.o.w.m.B.searchBaseInfoWithPagination - ==>  Preparing: SELECT Title as title, Text as text, Important_Flg as importantFlg, END_YMD as endYmd, BEGIN_YMD as beginYmd, UPD_TIMESTAMP as updTimestamp, SEQ_INFO as seqInfo FROM base_info WHERE 1=1 ORDER BY CASE WHEN important_flg = 'Y' THEN 1 ELSE 0 END DESC OFFSET ? ROWS FETCH NEXT ? ROWS ONLY
2024-10-21 11:56:03 DEBUG c.t.o.w.m.B.searchBaseInfoWithPagination - ==> Parameters: 0(Integer), 6(Integer)
2024-10-21 11:56:03 DEBUG c.t.o.w.m.B.searchBaseInfoWithPagination - <==      Total: 5
2024-10-21 11:56:03 DEBUG c.t.o.w.m.B.countBaseInfoSearchResults - ==>  Preparing: SELECT COUNT(*) FROM base_info WHERE 1=1
2024-10-21 11:56:03 DEBUG c.t.o.w.m.B.countBaseInfoSearchResults - ==> Parameters: 
2024-10-21 11:56:03 DEBUG c.t.o.w.m.B.countBaseInfoSearchResults - <==      Total: 1
2024-10-21 11:56:03 DEBUG c.t.o.w.m.B.getRolesBySeqInfo - ==>  Preparing: SELECT ROLE AS role FROM BASE_INFO_VIEW_ROLE WHERE SEQ_INFO = ?
2024-10-21 11:56:03 DEBUG c.t.o.w.m.B.getRolesBySeqInfo - ==>  Preparing: SELECT ROLE AS role FROM BASE_INFO_VIEW_ROLE WHERE SEQ_INFO = ?
2024-10-21 11:56:03 DEBUG c.t.o.w.m.B.getRolesBySeqInfo - ==>  Preparing: SELECT ROLE AS role FROM BASE_INFO_VIEW_ROLE WHERE SEQ_INFO = ?
2024-10-21 11:56:03 DEBUG c.t.o.w.m.B.getRolesBySeqInfo - ==>  Preparing: SELECT ROLE AS role FROM BASE_INFO_VIEW_ROLE WHERE SEQ_INFO = ?
2024-10-21 11:56:03 DEBUG c.t.o.w.m.B.getRolesBySeqInfo - ==>  Preparing: SELECT ROLE AS role FROM BASE_INFO_VIEW_ROLE WHERE SEQ_INFO = ?
2024-10-21 11:56:03 DEBUG c.t.o.w.m.B.getRolesBySeqInfo - ==> Parameters: 2(Long)
2024-10-21 11:56:03 DEBUG c.t.o.w.m.B.getRolesBySeqInfo - ==> Parameters: 3(Long)
2024-10-21 11:56:03 DEBUG c.t.o.w.m.B.getRolesBySeqInfo - ==> Parameters: 1005(Long)
2024-10-21 11:56:03 DEBUG c.t.o.w.m.B.getRolesBySeqInfo - ==> Parameters: 1(Long)
2024-10-21 11:56:03 DEBUG c.t.o.w.m.B.getRolesBySeqInfo - <==      Total: 1
2024-10-21 11:56:03 DEBUG c.t.o.w.m.B.getRolesBySeqInfo - ==> Parameters: 1006(Long)
2024-10-21 11:56:03 DEBUG c.t.o.w.m.B.getRolesBySeqInfo - <==      Total: 1
2024-10-21 11:56:03 DEBUG c.t.o.w.m.B.getRolesBySeqInfo - <==      Total: 0
2024-10-21 11:56:03 DEBUG c.t.o.w.m.B.getRolesBySeqInfo - <==      Total: 0
2024-10-21 11:56:03 DEBUG c.t.o.w.m.B.getRolesBySeqInfo - <==      Total: 1
2024-10-21 11:56:30 INFO  com.zaxxer.hikari.HikariDataSource - HikariPool-1 - Shutdown initiated...
2024-10-21 11:56:30 INFO  com.zaxxer.hikari.HikariDataSource - HikariPool-1 - Shutdown completed.
2024-10-21 11:56:33 INFO  o.h.validator.internal.util.Version - HV000001: Hibernate Validator 8.0.1.Final
2024-10-21 11:56:33 INFO  com.toray.ojt.OjtApplication - Starting OjtApplication using Java 21.0.4 with PID 16724 (C:\Users\sanjay.nair\Desktop\Toray\ojt\target\classes started by sanjay.nair in C:\Users\sanjay.nair\Desktop\Toray\ojt)
2024-10-21 11:56:33 INFO  com.toray.ojt.OjtApplication - No active profile set, falling back to 1 default profile: "default"
2024-10-21 11:56:35 INFO  o.s.b.w.e.tomcat.TomcatWebServer - Tomcat initialized with port 8080 (http)
2024-10-21 11:56:35 INFO  o.a.coyote.http11.Http11NioProtocol - Initializing ProtocolHandler ["http-nio-8080"]
2024-10-21 11:56:35 INFO  o.a.catalina.core.StandardService - Starting service [Tomcat]
2024-10-21 11:56:35 INFO  o.a.catalina.core.StandardEngine - Starting Servlet engine: [Apache Tomcat/10.1.30]
2024-10-21 11:56:35 INFO  o.a.c.c.C.[Tomcat].[localhost].[/] - Initializing Spring embedded WebApplicationContext
2024-10-21 11:56:35 INFO  o.s.b.w.s.c.ServletWebServerApplicationContext - Root WebApplicationContext: initialization completed in 2239 ms
2024-10-21 11:56:36 INFO  com.zaxxer.hikari.HikariDataSource - HikariPool-1 - Starting...
2024-10-21 11:56:37 INFO  com.zaxxer.hikari.pool.HikariPool - HikariPool-1 - Added connection oracle.jdbc.driver.T4CConnection@7f4a1cac
2024-10-21 11:56:37 INFO  com.zaxxer.hikari.HikariDataSource - HikariPool-1 - Start completed.
2024-10-21 11:56:37 INFO  org.flywaydb.core.FlywayExecutor - Database: jdbc:oracle:thin:@localhost:1521/test (Oracle 19.0)
2024-10-21 11:56:37 INFO  o.f.core.internal.command.DbValidate - Successfully validated 6 migrations (execution time 00:00.101s)
2024-10-21 11:56:37 INFO  o.f.core.internal.command.DbMigrate - Current version of schema "SYS": 8
2024-10-21 11:56:37 INFO  o.f.core.internal.command.DbMigrate - Schema "SYS" is up to date. No migration necessary.
2024-10-21 11:56:38 INFO  o.s.s.c.a.a.c.InitializeUserDetailsBeanManagerConfigurer$InitializeUserDetailsManagerConfigurer - Global AuthenticationManager configured with UserDetailsService bean with name customUserDetailsService
2024-10-21 11:56:39 INFO  o.a.coyote.http11.Http11NioProtocol - Starting ProtocolHandler ["http-nio-8080"]
2024-10-21 11:56:39 INFO  o.s.b.w.e.tomcat.TomcatWebServer - Tomcat started on port 8080 (http) with context path '/'
2024-10-21 11:56:39 INFO  com.toray.ojt.OjtApplication - Started OjtApplication in 6.51 seconds (process running for 7.221)
2024-10-21 11:56:42 INFO  o.a.c.c.C.[Tomcat].[localhost].[/] - Initializing Spring DispatcherServlet 'dispatcherServlet'
2024-10-21 11:56:42 INFO  o.s.web.servlet.DispatcherServlet - Initializing Servlet 'dispatcherServlet'
2024-10-21 11:56:42 INFO  o.s.web.servlet.DispatcherServlet - Completed initialization in 2 ms
2024-10-21 11:56:53 WARN  o.s.w.s.m.s.DefaultHandlerExceptionResolver - Resolved [org.springframework.web.HttpRequestMethodNotSupportedException: Request method 'GET' is not supported]
2024-10-21 11:56:55 INFO  c.t.o.w.c.BaseInfoController - Fetching notices ...
2024-10-21 11:56:55 INFO  c.t.o.w.c.BaseInfoController - Fetching user who updated notices...
2024-10-21 11:56:55 WARN  o.s.w.s.m.s.DefaultHandlerExceptionResolver - Resolved [org.springframework.web.HttpRequestMethodNotSupportedException: Request method 'GET' is not supported]
2024-10-21 12:07:30 INFO  c.t.o.w.c.BaseInfoController - Fetching notices ...
2024-10-21 12:07:30 INFO  c.t.o.w.c.BaseInfoController - Fetching user who updated notices...
2024-10-21 12:07:32 WARN  o.s.w.s.m.s.DefaultHandlerExceptionResolver - Resolved [org.springframework.web.HttpRequestMethodNotSupportedException: Request method 'GET' is not supported]
2024-10-21 12:08:05 INFO  com.zaxxer.hikari.HikariDataSource - HikariPool-1 - Shutdown initiated...
2024-10-21 12:08:05 INFO  com.zaxxer.hikari.HikariDataSource - HikariPool-1 - Shutdown completed.
2024-10-21 12:08:09 INFO  o.h.validator.internal.util.Version - HV000001: Hibernate Validator 8.0.1.Final
2024-10-21 12:08:09 INFO  com.toray.ojt.OjtApplication - Starting OjtApplication using Java 21.0.4 with PID 27676 (C:\Users\sanjay.nair\Desktop\Toray\ojt\target\classes started by sanjay.nair in C:\Users\sanjay.nair\Desktop\Toray\ojt)
2024-10-21 12:08:09 INFO  com.toray.ojt.OjtApplication - No active profile set, falling back to 1 default profile: "default"
2024-10-21 12:08:12 INFO  o.s.b.w.e.tomcat.TomcatWebServer - Tomcat initialized with port 8080 (http)
2024-10-21 12:08:12 INFO  o.a.coyote.http11.Http11NioProtocol - Initializing ProtocolHandler ["http-nio-8080"]
2024-10-21 12:08:12 INFO  o.a.catalina.core.StandardService - Starting service [Tomcat]
2024-10-21 12:08:12 INFO  o.a.catalina.core.StandardEngine - Starting Servlet engine: [Apache Tomcat/10.1.30]
2024-10-21 12:08:12 INFO  o.a.c.c.C.[Tomcat].[localhost].[/] - Initializing Spring embedded WebApplicationContext
2024-10-21 12:08:12 INFO  o.s.b.w.s.c.ServletWebServerApplicationContext - Root WebApplicationContext: initialization completed in 3130 ms
2024-10-21 12:08:14 INFO  com.zaxxer.hikari.HikariDataSource - HikariPool-1 - Starting...
2024-10-21 12:08:14 INFO  com.zaxxer.hikari.pool.HikariPool - HikariPool-1 - Added connection oracle.jdbc.driver.T4CConnection@3ab595c8
2024-10-21 12:08:14 INFO  com.zaxxer.hikari.HikariDataSource - HikariPool-1 - Start completed.
2024-10-21 12:08:14 INFO  org.flywaydb.core.FlywayExecutor - Database: jdbc:oracle:thin:@localhost:1521/test (Oracle 19.0)
2024-10-21 12:08:15 INFO  o.f.core.internal.command.DbValidate - Successfully validated 6 migrations (execution time 00:00.097s)
2024-10-21 12:08:15 INFO  o.f.core.internal.command.DbMigrate - Current version of schema "SYS": 8
2024-10-21 12:08:15 INFO  o.f.core.internal.command.DbMigrate - Schema "SYS" is up to date. No migration necessary.
2024-10-21 12:08:15 INFO  o.s.s.c.a.a.c.InitializeUserDetailsBeanManagerConfigurer$InitializeUserDetailsManagerConfigurer - Global AuthenticationManager configured with UserDetailsService bean with name customUserDetailsService
2024-10-21 12:08:17 INFO  o.a.coyote.http11.Http11NioProtocol - Starting ProtocolHandler ["http-nio-8080"]
2024-10-21 12:08:17 INFO  o.s.b.w.e.tomcat.TomcatWebServer - Tomcat started on port 8080 (http) with context path '/'
2024-10-21 12:08:17 INFO  com.toray.ojt.OjtApplication - Started OjtApplication in 9.431 seconds (process running for 10.386)
2024-10-21 12:09:09 INFO  com.zaxxer.hikari.HikariDataSource - HikariPool-1 - Shutdown initiated...
2024-10-21 12:09:09 INFO  com.zaxxer.hikari.HikariDataSource - HikariPool-1 - Shutdown completed.
2024-10-21 12:09:12 INFO  o.h.validator.internal.util.Version - HV000001: Hibernate Validator 8.0.1.Final
2024-10-21 12:09:12 INFO  com.toray.ojt.OjtApplication - Starting OjtApplication using Java 21.0.4 with PID 30872 (C:\Users\sanjay.nair\Desktop\Toray\ojt\target\classes started by sanjay.nair in C:\Users\sanjay.nair\Desktop\Toray\ojt)
2024-10-21 12:09:12 INFO  com.toray.ojt.OjtApplication - No active profile set, falling back to 1 default profile: "default"
2024-10-21 12:09:14 INFO  o.s.b.w.e.tomcat.TomcatWebServer - Tomcat initialized with port 8080 (http)
2024-10-21 12:09:14 INFO  o.a.coyote.http11.Http11NioProtocol - Initializing ProtocolHandler ["http-nio-8080"]
2024-10-21 12:09:14 INFO  o.a.catalina.core.StandardService - Starting service [Tomcat]
2024-10-21 12:09:14 INFO  o.a.catalina.core.StandardEngine - Starting Servlet engine: [Apache Tomcat/10.1.30]
2024-10-21 12:09:14 INFO  o.a.c.c.C.[Tomcat].[localhost].[/] - Initializing Spring embedded WebApplicationContext
2024-10-21 12:09:14 INFO  o.s.b.w.s.c.ServletWebServerApplicationContext - Root WebApplicationContext: initialization completed in 2089 ms
2024-10-21 12:09:15 DEBUG o.f.c.i.s.classpath.ClassPathScanner - Scanning for classpath resources at 'classpath:db/callback' ...
2024-10-21 12:09:15 DEBUG o.f.c.i.s.classpath.ClassPathScanner - Determining location urls for classpath:db/callback using ClassLoader jdk.internal.loader.ClassLoaders$AppClassLoader@76ed5528 ...
2024-10-21 12:09:15 DEBUG o.f.c.i.s.classpath.ClassPathScanner - Unable to resolve location classpath:db/callback.
2024-10-21 12:09:15 DEBUG o.f.c.i.s.classpath.ClassPathScanner - Scanning for classpath resources at 'classpath:db/migration' ...
2024-10-21 12:09:15 DEBUG o.f.c.i.s.classpath.ClassPathScanner - Determining location urls for classpath:db/migration using ClassLoader jdk.internal.loader.ClassLoaders$AppClassLoader@76ed5528 ...
2024-10-21 12:09:15 DEBUG o.f.c.i.s.classpath.ClassPathScanner - Scanning URL: file:/C:/Users/sanjay.nair/Desktop/Toray/ojt/target/classes/db/migration
2024-10-21 12:09:15 DEBUG o.f.c.i.s.c.FileSystemClassPathLocationScanner - Scanning starting at classpath root in filesystem: C:\Users\sanjay.nair\Desktop\Toray\ojt\target\classes\
2024-10-21 12:09:15 DEBUG o.f.c.i.s.c.FileSystemClassPathLocationScanner - Scanning for resources in path: C:\Users\sanjay.nair\Desktop\Toray\ojt\target\classes\db\migration (db/migration)
2024-10-21 12:09:15 DEBUG o.f.c.i.s.classpath.ClassPathScanner - Found resource: db/migration/V2__create_table_ddl_statements.sql
2024-10-21 12:09:15 DEBUG o.f.c.i.s.classpath.ClassPathScanner - Found resource: db/migration/V3__foreign_key_setup.sql
2024-10-21 12:09:15 DEBUG o.f.c.i.s.classpath.ClassPathScanner - Found resource: db/migration/V4__Initial_Insert.sql
2024-10-21 12:09:15 DEBUG o.f.c.i.s.classpath.ClassPathScanner - Found resource: db/migration/V5__Insert_M_GYOMU_IRAI.sql
2024-10-21 12:09:15 DEBUG o.f.c.i.s.classpath.ClassPathScanner - Found resource: db/migration/V8__Insert_Base_info1.sql
2024-10-21 12:09:15 DEBUG o.f.c.i.s.classpath.ClassPathScanner - Scanning for classes at classpath:db/migration
2024-10-21 12:09:15 DEBUG o.f.c.i.r.ResourceNameValidator - Validating V4__Initial_Insert.sql
2024-10-21 12:09:15 INFO  com.zaxxer.hikari.HikariDataSource - HikariPool-1 - Starting...
2024-10-21 12:09:16 INFO  com.zaxxer.hikari.pool.HikariPool - HikariPool-1 - Added connection oracle.jdbc.driver.T4CConnection@5fdd97c1
2024-10-21 12:09:16 INFO  com.zaxxer.hikari.HikariDataSource - HikariPool-1 - Start completed.
2024-10-21 12:09:16 DEBUG o.f.c.i.r.ResourceNameValidator - Validating V8__Insert_Base_info1.sql
2024-10-21 12:09:16 DEBUG o.f.c.i.r.ResourceNameValidator - Validating V3__foreign_key_setup.sql
2024-10-21 12:09:16 DEBUG o.f.c.i.r.ResourceNameValidator - Validating V2__create_table_ddl_statements.sql
2024-10-21 12:09:16 DEBUG o.f.c.i.r.ResourceNameValidator - Validating V5__Insert_M_GYOMU_IRAI.sql
2024-10-21 12:09:16 INFO  org.flywaydb.core.FlywayExecutor - Database: jdbc:oracle:thin:@localhost:1521/test (Oracle 19.0)
2024-10-21 12:09:16 DEBUG org.flywaydb.core.FlywayExecutor - Driver: Oracle JDBC driver 19.8.0.0.0
2024-10-21 12:09:16 DEBUG org.flywaydb.core.FlywayExecutor - DDL Transactions Supported: false
2024-10-21 12:09:16 DEBUG o.f.c.i.s.SchemaHistoryFactory - Schemas: 
2024-10-21 12:09:16 DEBUG o.f.c.i.s.SchemaHistoryFactory - Default schema: null
2024-10-21 12:09:16 DEBUG o.f.c.i.c.SqlScriptCallbackFactory - Scanning for SQL callbacks ...
2024-10-21 12:09:16 DEBUG o.f.core.internal.command.DbValidate - Validating migrations ...
2024-10-21 12:09:16 DEBUG o.f.c.a.c.ClassicConfiguration - CherryPickConfigurationExtension not found
2024-10-21 12:09:16 DEBUG o.f.core.internal.scanner.Scanner - Filtering out resource: db/migration/V4__Initial_Insert.sql (filename: V4__Initial_Insert.sql)
2024-10-21 12:09:16 DEBUG o.f.core.internal.scanner.Scanner - Filtering out resource: db/migration/V8__Insert_Base_info1.sql (filename: V8__Insert_Base_info1.sql)
2024-10-21 12:09:16 DEBUG o.f.core.internal.scanner.Scanner - Filtering out resource: db/migration/V3__foreign_key_setup.sql (filename: V3__foreign_key_setup.sql)
2024-10-21 12:09:16 DEBUG o.f.core.internal.scanner.Scanner - Filtering out resource: db/migration/V2__create_table_ddl_statements.sql (filename: V2__create_table_ddl_statements.sql)
2024-10-21 12:09:16 DEBUG o.f.core.internal.scanner.Scanner - Filtering out resource: db/migration/V5__Insert_M_GYOMU_IRAI.sql (filename: V5__Insert_M_GYOMU_IRAI.sql)
2024-10-21 12:09:16 DEBUG o.f.core.internal.scanner.Scanner - Filtering out resource: db/migration/V4__Initial_Insert.sql (filename: V4__Initial_Insert.sql)
2024-10-21 12:09:16 DEBUG o.f.core.internal.scanner.Scanner - Filtering out resource: db/migration/V8__Insert_Base_info1.sql (filename: V8__Insert_Base_info1.sql)
2024-10-21 12:09:16 DEBUG o.f.core.internal.scanner.Scanner - Filtering out resource: db/migration/V3__foreign_key_setup.sql (filename: V3__foreign_key_setup.sql)
2024-10-21 12:09:16 DEBUG o.f.core.internal.scanner.Scanner - Filtering out resource: db/migration/V2__create_table_ddl_statements.sql (filename: V2__create_table_ddl_statements.sql)
2024-10-21 12:09:16 DEBUG o.f.core.internal.scanner.Scanner - Filtering out resource: db/migration/V5__Insert_M_GYOMU_IRAI.sql (filename: V5__Insert_M_GYOMU_IRAI.sql)
2024-10-21 12:09:16 INFO  o.f.core.internal.command.DbValidate - Successfully validated 6 migrations (execution time 00:00.130s)
2024-10-21 12:09:16 DEBUG o.f.core.internal.command.DbSchemas - Skipping creation of existing schema: "SYS"
2024-10-21 12:09:16 DEBUG o.f.c.a.c.ClassicConfiguration - CherryPickConfigurationExtension not found
2024-10-21 12:09:16 INFO  o.f.core.internal.command.DbMigrate - Current version of schema "SYS": 8
2024-10-21 12:09:16 INFO  o.f.core.internal.command.DbMigrate - Schema "SYS" is up to date. No migration necessary.
2024-10-21 12:09:16 DEBUG org.flywaydb.core.FlywayExecutor - Memory usage: 31 of 74M
2024-10-21 12:09:16 INFO  o.s.s.c.a.a.c.InitializeUserDetailsBeanManagerConfigurer$InitializeUserDetailsManagerConfigurer - Global AuthenticationManager configured with UserDetailsService bean with name customUserDetailsService
2024-10-21 12:09:17 INFO  o.a.coyote.http11.Http11NioProtocol - Starting ProtocolHandler ["http-nio-8080"]
2024-10-21 12:09:17 INFO  o.s.b.w.e.tomcat.TomcatWebServer - Tomcat started on port 8080 (http) with context path '/'
2024-10-21 12:09:17 INFO  com.toray.ojt.OjtApplication - Started OjtApplication in 6.564 seconds (process running for 7.181)
2024-10-21 12:10:47 INFO  o.a.c.c.C.[Tomcat].[localhost].[/] - Initializing Spring DispatcherServlet 'dispatcherServlet'
2024-10-21 12:10:47 INFO  o.s.web.servlet.DispatcherServlet - Initializing Servlet 'dispatcherServlet'
2024-10-21 12:10:47 INFO  o.s.web.servlet.DispatcherServlet - Completed initialization in 1 ms
2024-10-21 12:10:49 WARN  o.s.w.s.m.s.DefaultHandlerExceptionResolver - Resolved [org.springframework.web.HttpRequestMethodNotSupportedException: Request method 'GET' is not supported]
2024-10-21 12:13:45 INFO  com.zaxxer.hikari.HikariDataSource - HikariPool-1 - Shutdown initiated...
2024-10-21 12:13:45 INFO  com.zaxxer.hikari.HikariDataSource - HikariPool-1 - Shutdown completed.
2024-10-21 12:13:48 INFO  o.h.validator.internal.util.Version - HV000001: Hibernate Validator 8.0.1.Final
2024-10-21 12:13:48 INFO  com.toray.ojt.OjtApplication - Starting OjtApplication using Java 21.0.4 with PID 12956 (C:\Users\sanjay.nair\Desktop\Toray\ojt\target\classes started by sanjay.nair in C:\Users\sanjay.nair\Desktop\Toray\ojt)
2024-10-21 12:13:48 INFO  com.toray.ojt.OjtApplication - No active profile set, falling back to 1 default profile: "default"
2024-10-21 12:13:49 DEBUG o.m.s.mapper.ClassPathMapperScanner - Identified candidate component class: file [C:\Users\sanjay.nair\Desktop\Toray\ojt\target\classes\com\toray\ojt\web\mapper\BaseAttributeMapper.class]
2024-10-21 12:13:49 DEBUG o.m.s.mapper.ClassPathMapperScanner - Identified candidate component class: file [C:\Users\sanjay.nair\Desktop\Toray\ojt\target\classes\com\toray\ojt\web\mapper\BaseInfoMapper.class]
2024-10-21 12:13:49 DEBUG o.m.s.mapper.ClassPathMapperScanner - Identified candidate component class: file [C:\Users\sanjay.nair\Desktop\Toray\ojt\target\classes\com\toray\ojt\web\mapper\TGuideMapper.class]
2024-10-21 12:13:49 DEBUG o.m.s.mapper.ClassPathMapperScanner - Identified candidate component class: file [C:\Users\sanjay.nair\Desktop\Toray\ojt\target\classes\com\toray\ojt\web\mapper\ToDoMapper.class]
2024-10-21 12:13:49 DEBUG o.m.s.mapper.ClassPathMapperScanner - Identified candidate component class: file [C:\Users\sanjay.nair\Desktop\Toray\ojt\target\classes\com\toray\ojt\web\mapper\UserDetailsMapper.class]
2024-10-21 12:13:49 DEBUG o.m.s.mapper.ClassPathMapperScanner - Identified candidate component class: file [C:\Users\sanjay.nair\Desktop\Toray\ojt\target\classes\com\toray\ojt\web\mapper\UserMapper.class]
2024-10-21 12:13:49 DEBUG o.m.s.mapper.ClassPathMapperScanner - Creating MapperFactoryBean with name 'baseAttributeMapper' and 'com.toray.ojt.web.mapper.BaseAttributeMapper' mapperInterface
2024-10-21 12:13:49 DEBUG o.m.s.mapper.ClassPathMapperScanner - Enabling autowire by type for MapperFactoryBean with name 'baseAttributeMapper'.
2024-10-21 12:13:49 DEBUG o.m.s.mapper.ClassPathMapperScanner - Creating MapperFactoryBean with name 'baseInfoMapper' and 'com.toray.ojt.web.mapper.BaseInfoMapper' mapperInterface
2024-10-21 12:13:49 DEBUG o.m.s.mapper.ClassPathMapperScanner - Enabling autowire by type for MapperFactoryBean with name 'baseInfoMapper'.
2024-10-21 12:13:49 DEBUG o.m.s.mapper.ClassPathMapperScanner - Creating MapperFactoryBean with name 'TGuideMapper' and 'com.toray.ojt.web.mapper.TGuideMapper' mapperInterface
2024-10-21 12:13:49 DEBUG o.m.s.mapper.ClassPathMapperScanner - Enabling autowire by type for MapperFactoryBean with name 'TGuideMapper'.
2024-10-21 12:13:49 DEBUG o.m.s.mapper.ClassPathMapperScanner - Creating MapperFactoryBean with name 'toDoMapper' and 'com.toray.ojt.web.mapper.ToDoMapper' mapperInterface
2024-10-21 12:13:49 DEBUG o.m.s.mapper.ClassPathMapperScanner - Enabling autowire by type for MapperFactoryBean with name 'toDoMapper'.
2024-10-21 12:13:49 DEBUG o.m.s.mapper.ClassPathMapperScanner - Creating MapperFactoryBean with name 'userDetailsMapper' and 'com.toray.ojt.web.mapper.UserDetailsMapper' mapperInterface
2024-10-21 12:13:49 DEBUG o.m.s.mapper.ClassPathMapperScanner - Enabling autowire by type for MapperFactoryBean with name 'userDetailsMapper'.
2024-10-21 12:13:49 DEBUG o.m.s.mapper.ClassPathMapperScanner - Creating MapperFactoryBean with name 'userMapper' and 'com.toray.ojt.web.mapper.UserMapper' mapperInterface
2024-10-21 12:13:49 DEBUG o.m.s.mapper.ClassPathMapperScanner - Enabling autowire by type for MapperFactoryBean with name 'userMapper'.
2024-10-21 12:13:50 INFO  o.s.b.w.e.tomcat.TomcatWebServer - Tomcat initialized with port 8080 (http)
2024-10-21 12:13:50 INFO  o.a.coyote.http11.Http11NioProtocol - Initializing ProtocolHandler ["http-nio-8080"]
2024-10-21 12:13:50 INFO  o.a.catalina.core.StandardService - Starting service [Tomcat]
2024-10-21 12:13:50 INFO  o.a.catalina.core.StandardEngine - Starting Servlet engine: [Apache Tomcat/10.1.30]
2024-10-21 12:13:50 INFO  o.a.c.c.C.[Tomcat].[localhost].[/] - Initializing Spring embedded WebApplicationContext
2024-10-21 12:13:50 INFO  o.s.b.w.s.c.ServletWebServerApplicationContext - Root WebApplicationContext: initialization completed in 2007 ms
2024-10-21 12:13:51 DEBUG o.m.spring.SqlSessionFactoryBean - Property 'configuration' or 'configLocation' not specified, using default MyBatis Configuration
2024-10-21 12:13:51 DEBUG o.m.spring.SqlSessionFactoryBean - Parsed mapper file: 'file [C:\Users\sanjay.nair\Desktop\Toray\ojt\target\classes\mappers\BaseAttributeMapper.xml]'
2024-10-21 12:13:51 DEBUG o.m.spring.SqlSessionFactoryBean - Parsed mapper file: 'file [C:\Users\sanjay.nair\Desktop\Toray\ojt\target\classes\mappers\BaseInfo.xml]'
2024-10-21 12:13:51 DEBUG o.m.spring.SqlSessionFactoryBean - Parsed mapper file: 'file [C:\Users\sanjay.nair\Desktop\Toray\ojt\target\classes\mappers\BaseInfoMapper.xml]'
2024-10-21 12:13:51 DEBUG o.m.spring.SqlSessionFactoryBean - Parsed mapper file: 'file [C:\Users\sanjay.nair\Desktop\Toray\ojt\target\classes\mappers\TGuideMapper.xml]'
2024-10-21 12:13:51 DEBUG o.m.spring.SqlSessionFactoryBean - Parsed mapper file: 'file [C:\Users\sanjay.nair\Desktop\Toray\ojt\target\classes\mappers\ToDoMapper.xml]'
2024-10-21 12:13:51 DEBUG o.m.spring.SqlSessionFactoryBean - Parsed mapper file: 'file [C:\Users\sanjay.nair\Desktop\Toray\ojt\target\classes\mappers\UserDetailsMapper.xml]'
2024-10-21 12:13:51 DEBUG o.m.spring.SqlSessionFactoryBean - Parsed mapper file: 'file [C:\Users\sanjay.nair\Desktop\Toray\ojt\target\classes\mappers\UserMapper.xml]'
2024-10-21 12:13:51 DEBUG o.f.c.i.s.classpath.ClassPathScanner - Scanning for classpath resources at 'classpath:db/callback' ...
2024-10-21 12:13:51 DEBUG o.f.c.i.s.classpath.ClassPathScanner - Determining location urls for classpath:db/callback using ClassLoader jdk.internal.loader.ClassLoaders$AppClassLoader@76ed5528 ...
2024-10-21 12:13:51 DEBUG o.f.c.i.s.classpath.ClassPathScanner - Unable to resolve location classpath:db/callback.
2024-10-21 12:13:51 DEBUG o.f.c.i.s.classpath.ClassPathScanner - Scanning for classpath resources at 'classpath:db/migration' ...
2024-10-21 12:13:51 DEBUG o.f.c.i.s.classpath.ClassPathScanner - Determining location urls for classpath:db/migration using ClassLoader jdk.internal.loader.ClassLoaders$AppClassLoader@76ed5528 ...
2024-10-21 12:13:51 DEBUG o.f.c.i.s.classpath.ClassPathScanner - Scanning URL: file:/C:/Users/sanjay.nair/Desktop/Toray/ojt/target/classes/db/migration
2024-10-21 12:13:51 DEBUG o.f.c.i.s.c.FileSystemClassPathLocationScanner - Scanning starting at classpath root in filesystem: C:\Users\sanjay.nair\Desktop\Toray\ojt\target\classes\
2024-10-21 12:13:51 DEBUG o.f.c.i.s.c.FileSystemClassPathLocationScanner - Scanning for resources in path: C:\Users\sanjay.nair\Desktop\Toray\ojt\target\classes\db\migration (db/migration)
2024-10-21 12:13:51 DEBUG o.f.c.i.s.classpath.ClassPathScanner - Found resource: db/migration/V2__create_table_ddl_statements.sql
2024-10-21 12:13:51 DEBUG o.f.c.i.s.classpath.ClassPathScanner - Found resource: db/migration/V3__foreign_key_setup.sql
2024-10-21 12:13:51 DEBUG o.f.c.i.s.classpath.ClassPathScanner - Found resource: db/migration/V4__Initial_Insert.sql
2024-10-21 12:13:51 DEBUG o.f.c.i.s.classpath.ClassPathScanner - Found resource: db/migration/V5__Insert_M_GYOMU_IRAI.sql
2024-10-21 12:13:51 DEBUG o.f.c.i.s.classpath.ClassPathScanner - Found resource: db/migration/V8__Insert_Base_info1.sql
2024-10-21 12:13:51 DEBUG o.f.c.i.s.classpath.ClassPathScanner - Scanning for classes at classpath:db/migration
2024-10-21 12:13:51 DEBUG o.f.c.i.r.ResourceNameValidator - Validating V4__Initial_Insert.sql
2024-10-21 12:13:51 INFO  com.zaxxer.hikari.HikariDataSource - HikariPool-1 - Starting...
2024-10-21 12:13:52 INFO  com.zaxxer.hikari.pool.HikariPool - HikariPool-1 - Added connection oracle.jdbc.driver.T4CConnection@57cabdc3
2024-10-21 12:13:52 INFO  com.zaxxer.hikari.HikariDataSource - HikariPool-1 - Start completed.
2024-10-21 12:13:52 DEBUG o.f.c.i.r.ResourceNameValidator - Validating V8__Insert_Base_info1.sql
2024-10-21 12:13:52 DEBUG o.f.c.i.r.ResourceNameValidator - Validating V3__foreign_key_setup.sql
2024-10-21 12:13:52 DEBUG o.f.c.i.r.ResourceNameValidator - Validating V2__create_table_ddl_statements.sql
2024-10-21 12:13:52 DEBUG o.f.c.i.r.ResourceNameValidator - Validating V5__Insert_M_GYOMU_IRAI.sql
2024-10-21 12:13:52 INFO  org.flywaydb.core.FlywayExecutor - Database: jdbc:oracle:thin:@localhost:1521/test (Oracle 19.0)
2024-10-21 12:13:52 DEBUG org.flywaydb.core.FlywayExecutor - Driver: Oracle JDBC driver 19.8.0.0.0
2024-10-21 12:13:52 DEBUG org.flywaydb.core.FlywayExecutor - DDL Transactions Supported: false
2024-10-21 12:13:52 DEBUG o.f.c.i.s.SchemaHistoryFactory - Schemas: 
2024-10-21 12:13:52 DEBUG o.f.c.i.s.SchemaHistoryFactory - Default schema: null
2024-10-21 12:13:52 DEBUG o.f.c.i.c.SqlScriptCallbackFactory - Scanning for SQL callbacks ...
2024-10-21 12:13:52 DEBUG o.f.core.internal.command.DbValidate - Validating migrations ...
2024-10-21 12:13:52 DEBUG o.f.c.a.c.ClassicConfiguration - CherryPickConfigurationExtension not found
2024-10-21 12:13:52 DEBUG o.f.core.internal.scanner.Scanner - Filtering out resource: db/migration/V4__Initial_Insert.sql (filename: V4__Initial_Insert.sql)
2024-10-21 12:13:52 DEBUG o.f.core.internal.scanner.Scanner - Filtering out resource: db/migration/V8__Insert_Base_info1.sql (filename: V8__Insert_Base_info1.sql)
2024-10-21 12:13:52 DEBUG o.f.core.internal.scanner.Scanner - Filtering out resource: db/migration/V3__foreign_key_setup.sql (filename: V3__foreign_key_setup.sql)
2024-10-21 12:13:52 DEBUG o.f.core.internal.scanner.Scanner - Filtering out resource: db/migration/V2__create_table_ddl_statements.sql (filename: V2__create_table_ddl_statements.sql)
2024-10-21 12:13:52 DEBUG o.f.core.internal.scanner.Scanner - Filtering out resource: db/migration/V5__Insert_M_GYOMU_IRAI.sql (filename: V5__Insert_M_GYOMU_IRAI.sql)
2024-10-21 12:13:52 DEBUG o.f.core.internal.scanner.Scanner - Filtering out resource: db/migration/V4__Initial_Insert.sql (filename: V4__Initial_Insert.sql)
2024-10-21 12:13:52 DEBUG o.f.core.internal.scanner.Scanner - Filtering out resource: db/migration/V8__Insert_Base_info1.sql (filename: V8__Insert_Base_info1.sql)
2024-10-21 12:13:52 DEBUG o.f.core.internal.scanner.Scanner - Filtering out resource: db/migration/V3__foreign_key_setup.sql (filename: V3__foreign_key_setup.sql)
2024-10-21 12:13:52 DEBUG o.f.core.internal.scanner.Scanner - Filtering out resource: db/migration/V2__create_table_ddl_statements.sql (filename: V2__create_table_ddl_statements.sql)
2024-10-21 12:13:52 DEBUG o.f.core.internal.scanner.Scanner - Filtering out resource: db/migration/V5__Insert_M_GYOMU_IRAI.sql (filename: V5__Insert_M_GYOMU_IRAI.sql)
2024-10-21 12:13:52 INFO  o.f.core.internal.command.DbValidate - Successfully validated 6 migrations (execution time 00:00.090s)
2024-10-21 12:13:52 DEBUG o.f.core.internal.command.DbSchemas - Skipping creation of existing schema: "SYS"
2024-10-21 12:13:52 DEBUG o.f.c.a.c.ClassicConfiguration - CherryPickConfigurationExtension not found
2024-10-21 12:13:52 INFO  o.f.core.internal.command.DbMigrate - Current version of schema "SYS": 8
2024-10-21 12:13:52 INFO  o.f.core.internal.command.DbMigrate - Schema "SYS" is up to date. No migration necessary.
2024-10-21 12:13:52 DEBUG org.flywaydb.core.FlywayExecutor - Memory usage: 42 of 58M
2024-10-21 12:13:52 INFO  o.s.s.c.a.a.c.InitializeUserDetailsBeanManagerConfigurer$InitializeUserDetailsManagerConfigurer - Global AuthenticationManager configured with UserDetailsService bean with name customUserDetailsService
2024-10-21 12:13:53 INFO  o.a.coyote.http11.Http11NioProtocol - Starting ProtocolHandler ["http-nio-8080"]
2024-10-21 12:13:53 INFO  o.s.b.w.e.tomcat.TomcatWebServer - Tomcat started on port 8080 (http) with context path '/'
2024-10-21 12:13:53 INFO  com.toray.ojt.OjtApplication - Started OjtApplication in 6.032 seconds (process running for 6.631)
2024-10-21 12:13:56 INFO  o.a.c.c.C.[Tomcat].[localhost].[/] - Initializing Spring DispatcherServlet 'dispatcherServlet'
2024-10-21 12:13:56 INFO  o.s.web.servlet.DispatcherServlet - Initializing Servlet 'dispatcherServlet'
2024-10-21 12:13:56 INFO  o.s.web.servlet.DispatcherServlet - Completed initialization in 2 ms
2024-10-21 12:16:06 DEBUG org.mybatis.spring.SqlSessionUtils - Creating a new SqlSession
2024-10-21 12:16:06 DEBUG org.mybatis.spring.SqlSessionUtils - SqlSession [org.apache.ibatis.session.defaults.DefaultSqlSession@36851ddd] was not registered for synchronization because synchronization is not active
2024-10-21 12:16:06 DEBUG o.m.s.t.SpringManagedTransaction - JDBC Connection [HikariProxyConnection@330346072 wrapping oracle.jdbc.driver.T4CConnection@57cabdc3] will not be managed by Spring
2024-10-21 12:16:06 DEBUG org.mybatis.spring.SqlSessionUtils - Closing non transactional SqlSession [org.apache.ibatis.session.defaults.DefaultSqlSession@36851ddd]
2024-10-21 12:16:06 DEBUG org.mybatis.spring.SqlSessionUtils - Creating a new SqlSession
2024-10-21 12:16:06 DEBUG org.mybatis.spring.SqlSessionUtils - SqlSession [org.apache.ibatis.session.defaults.DefaultSqlSession@6ad6f3f8] was not registered for synchronization because synchronization is not active
2024-10-21 12:16:06 DEBUG o.m.s.t.SpringManagedTransaction - JDBC Connection [HikariProxyConnection@373896476 wrapping oracle.jdbc.driver.T4CConnection@57cabdc3] will not be managed by Spring
2024-10-21 12:16:06 DEBUG org.mybatis.spring.SqlSessionUtils - Closing non transactional SqlSession [org.apache.ibatis.session.defaults.DefaultSqlSession@6ad6f3f8]
2024-10-21 12:16:06 DEBUG org.mybatis.spring.SqlSessionUtils - Creating a new SqlSession
2024-10-21 12:16:06 DEBUG org.mybatis.spring.SqlSessionUtils - SqlSession [org.apache.ibatis.session.defaults.DefaultSqlSession@505efd9b] was not registered for synchronization because synchronization is not active
2024-10-21 12:16:06 DEBUG o.m.s.t.SpringManagedTransaction - JDBC Connection [HikariProxyConnection@2081443247 wrapping oracle.jdbc.driver.T4CConnection@57cabdc3] will not be managed by Spring
2024-10-21 12:16:06 DEBUG org.mybatis.spring.SqlSessionUtils - Closing non transactional SqlSession [org.apache.ibatis.session.defaults.DefaultSqlSession@505efd9b]
2024-10-21 12:16:06 DEBUG org.mybatis.spring.SqlSessionUtils - Creating a new SqlSession
2024-10-21 12:16:06 DEBUG org.mybatis.spring.SqlSessionUtils - SqlSession [org.apache.ibatis.session.defaults.DefaultSqlSession@5716fe1] was not registered for synchronization because synchronization is not active
2024-10-21 12:16:06 DEBUG o.m.s.t.SpringManagedTransaction - JDBC Connection [HikariProxyConnection@1919241996 wrapping oracle.jdbc.driver.T4CConnection@57cabdc3] will not be managed by Spring
2024-10-21 12:16:06 DEBUG org.mybatis.spring.SqlSessionUtils - Closing non transactional SqlSession [org.apache.ibatis.session.defaults.DefaultSqlSession@5716fe1]
2024-10-21 12:16:06 DEBUG org.mybatis.spring.SqlSessionUtils - Creating a new SqlSession
2024-10-21 12:16:06 DEBUG org.mybatis.spring.SqlSessionUtils - SqlSession [org.apache.ibatis.session.defaults.DefaultSqlSession@55d2eea7] was not registered for synchronization because synchronization is not active
2024-10-21 12:16:06 DEBUG o.m.s.t.SpringManagedTransaction - JDBC Connection [HikariProxyConnection@1624203573 wrapping oracle.jdbc.driver.T4CConnection@57cabdc3] will not be managed by Spring
2024-10-21 12:16:06 DEBUG org.mybatis.spring.SqlSessionUtils - Closing non transactional SqlSession [org.apache.ibatis.session.defaults.DefaultSqlSession@55d2eea7]
2024-10-21 12:16:06 DEBUG org.mybatis.spring.SqlSessionUtils - Creating a new SqlSession
2024-10-21 12:16:06 DEBUG org.mybatis.spring.SqlSessionUtils - SqlSession [org.apache.ibatis.session.defaults.DefaultSqlSession@6ff7b819] was not registered for synchronization because synchronization is not active
2024-10-21 12:16:06 DEBUG o.m.s.t.SpringManagedTransaction - JDBC Connection [HikariProxyConnection@720714627 wrapping oracle.jdbc.driver.T4CConnection@57cabdc3] will not be managed by Spring
2024-10-21 12:16:06 DEBUG org.mybatis.spring.SqlSessionUtils - Closing non transactional SqlSession [org.apache.ibatis.session.defaults.DefaultSqlSession@6ff7b819]
2024-10-21 12:16:06 DEBUG org.mybatis.spring.SqlSessionUtils - Creating a new SqlSession
2024-10-21 12:16:06 DEBUG org.mybatis.spring.SqlSessionUtils - SqlSession [org.apache.ibatis.session.defaults.DefaultSqlSession@4e947aa7] was not registered for synchronization because synchronization is not active
2024-10-21 12:16:06 DEBUG o.m.s.t.SpringManagedTransaction - JDBC Connection [HikariProxyConnection@730327787 wrapping oracle.jdbc.driver.T4CConnection@57cabdc3] will not be managed by Spring
2024-10-21 12:16:06 DEBUG org.mybatis.spring.SqlSessionUtils - Closing non transactional SqlSession [org.apache.ibatis.session.defaults.DefaultSqlSession@4e947aa7]
2024-10-21 12:16:06 DEBUG org.mybatis.spring.SqlSessionUtils - Creating a new SqlSession
2024-10-21 12:16:06 DEBUG org.mybatis.spring.SqlSessionUtils - SqlSession [org.apache.ibatis.session.defaults.DefaultSqlSession@3178b605] was not registered for synchronization because synchronization is not active
2024-10-21 12:16:06 DEBUG o.m.s.t.SpringManagedTransaction - JDBC Connection [HikariProxyConnection@341866520 wrapping oracle.jdbc.driver.T4CConnection@57cabdc3] will not be managed by Spring
2024-10-21 12:16:06 DEBUG org.mybatis.spring.SqlSessionUtils - Closing non transactional SqlSession [org.apache.ibatis.session.defaults.DefaultSqlSession@3178b605]
2024-10-21 12:16:06 DEBUG org.mybatis.spring.SqlSessionUtils - Creating a new SqlSession
2024-10-21 12:16:06 DEBUG org.mybatis.spring.SqlSessionUtils - SqlSession [org.apache.ibatis.session.defaults.DefaultSqlSession@713300fe] was not registered for synchronization because synchronization is not active
2024-10-21 12:16:06 DEBUG o.m.s.t.SpringManagedTransaction - JDBC Connection [HikariProxyConnection@1799434576 wrapping oracle.jdbc.driver.T4CConnection@57cabdc3] will not be managed by Spring
2024-10-21 12:16:06 DEBUG org.mybatis.spring.SqlSessionUtils - Closing non transactional SqlSession [org.apache.ibatis.session.defaults.DefaultSqlSession@713300fe]
2024-10-21 12:16:07 WARN  o.s.w.s.m.s.DefaultHandlerExceptionResolver - Resolved [org.springframework.web.HttpRequestMethodNotSupportedException: Request method 'GET' is not supported]
2024-10-21 12:17:22 INFO  c.t.o.w.c.BaseInfoController - Fetching notices ...
2024-10-21 12:17:22 DEBUG org.mybatis.spring.SqlSessionUtils - Creating a new SqlSession
2024-10-21 12:17:22 DEBUG org.mybatis.spring.SqlSessionUtils - SqlSession [org.apache.ibatis.session.defaults.DefaultSqlSession@7f3d405] was not registered for synchronization because synchronization is not active
2024-10-21 12:17:22 DEBUG o.m.s.t.SpringManagedTransaction - JDBC Connection [HikariProxyConnection@133868750 wrapping oracle.jdbc.driver.T4CConnection@57cabdc3] will not be managed by Spring
2024-10-21 12:17:22 DEBUG org.mybatis.spring.SqlSessionUtils - Closing non transactional SqlSession [org.apache.ibatis.session.defaults.DefaultSqlSession@7f3d405]
2024-10-21 12:17:22 INFO  c.t.o.w.c.BaseInfoController - Fetching user who updated notices...
2024-10-21 12:17:22 DEBUG org.mybatis.spring.SqlSessionUtils - Creating a new SqlSession
2024-10-21 12:17:22 DEBUG org.mybatis.spring.SqlSessionUtils - SqlSession [org.apache.ibatis.session.defaults.DefaultSqlSession@19c8435a] was not registered for synchronization because synchronization is not active
2024-10-21 12:17:22 DEBUG o.m.s.t.SpringManagedTransaction - JDBC Connection [HikariProxyConnection@1003378988 wrapping oracle.jdbc.driver.T4CConnection@57cabdc3] will not be managed by Spring
2024-10-21 12:17:22 DEBUG org.mybatis.spring.SqlSessionUtils - Closing non transactional SqlSession [org.apache.ibatis.session.defaults.DefaultSqlSession@19c8435a]
2024-10-21 12:17:22 DEBUG org.mybatis.spring.SqlSessionUtils - Creating a new SqlSession
2024-10-21 12:17:22 DEBUG org.mybatis.spring.SqlSessionUtils - SqlSession [org.apache.ibatis.session.defaults.DefaultSqlSession@1f1d9553] was not registered for synchronization because synchronization is not active
2024-10-21 12:17:22 DEBUG o.m.s.t.SpringManagedTransaction - JDBC Connection [HikariProxyConnection@1718527576 wrapping oracle.jdbc.driver.T4CConnection@57cabdc3] will not be managed by Spring
2024-10-21 12:17:22 DEBUG org.mybatis.spring.SqlSessionUtils - Closing non transactional SqlSession [org.apache.ibatis.session.defaults.DefaultSqlSession@1f1d9553]
2024-10-21 12:17:22 DEBUG org.mybatis.spring.SqlSessionUtils - Creating a new SqlSession
2024-10-21 12:17:22 DEBUG org.mybatis.spring.SqlSessionUtils - SqlSession [org.apache.ibatis.session.defaults.DefaultSqlSession@557a79a4] was not registered for synchronization because synchronization is not active
2024-10-21 12:17:22 DEBUG o.m.s.t.SpringManagedTransaction - JDBC Connection [HikariProxyConnection@1336547380 wrapping oracle.jdbc.driver.T4CConnection@57cabdc3] will not be managed by Spring
2024-10-21 12:17:22 DEBUG org.mybatis.spring.SqlSessionUtils - Closing non transactional SqlSession [org.apache.ibatis.session.defaults.DefaultSqlSession@557a79a4]
2024-10-21 12:17:22 DEBUG org.mybatis.spring.SqlSessionUtils - Creating a new SqlSession
2024-10-21 12:17:22 DEBUG org.mybatis.spring.SqlSessionUtils - SqlSession [org.apache.ibatis.session.defaults.DefaultSqlSession@91a3753] was not registered for synchronization because synchronization is not active
2024-10-21 12:17:22 DEBUG o.m.s.t.SpringManagedTransaction - JDBC Connection [HikariProxyConnection@607865661 wrapping oracle.jdbc.driver.T4CConnection@57cabdc3] will not be managed by Spring
2024-10-21 12:17:22 DEBUG org.mybatis.spring.SqlSessionUtils - Closing non transactional SqlSession [org.apache.ibatis.session.defaults.DefaultSqlSession@91a3753]
2024-10-21 12:17:22 DEBUG org.mybatis.spring.SqlSessionUtils - Creating a new SqlSession
2024-10-21 12:17:22 DEBUG org.mybatis.spring.SqlSessionUtils - SqlSession [org.apache.ibatis.session.defaults.DefaultSqlSession@39c2bf7a] was not registered for synchronization because synchronization is not active
2024-10-21 12:17:22 DEBUG o.m.s.t.SpringManagedTransaction - JDBC Connection [HikariProxyConnection@1749037264 wrapping oracle.jdbc.driver.T4CConnection@57cabdc3] will not be managed by Spring
2024-10-21 12:17:22 DEBUG org.mybatis.spring.SqlSessionUtils - Closing non transactional SqlSession [org.apache.ibatis.session.defaults.DefaultSqlSession@39c2bf7a]
2024-10-21 12:17:24 WARN  o.s.w.s.m.s.DefaultHandlerExceptionResolver - Resolved [org.springframework.web.HttpRequestMethodNotSupportedException: Request method 'GET' is not supported]
2024-10-21 12:17:24 DEBUG org.mybatis.spring.SqlSessionUtils - Creating a new SqlSession
2024-10-21 12:17:24 DEBUG org.mybatis.spring.SqlSessionUtils - Registering transaction synchronization for SqlSession [org.apache.ibatis.session.defaults.DefaultSqlSession@5ec5247]
2024-10-21 12:17:24 DEBUG o.m.s.t.SpringManagedTransaction - JDBC Connection [HikariProxyConnection@167149483 wrapping oracle.jdbc.driver.T4CConnection@57cabdc3] will be managed by Spring
2024-10-21 12:17:24 DEBUG org.mybatis.spring.SqlSessionUtils - Releasing transactional SqlSession [org.apache.ibatis.session.defaults.DefaultSqlSession@5ec5247]
2024-10-21 12:17:24 DEBUG org.mybatis.spring.SqlSessionUtils - Transaction synchronization committing SqlSession [org.apache.ibatis.session.defaults.DefaultSqlSession@5ec5247]
2024-10-21 12:17:24 DEBUG org.mybatis.spring.SqlSessionUtils - Transaction synchronization deregistering SqlSession [org.apache.ibatis.session.defaults.DefaultSqlSession@5ec5247]
2024-10-21 12:17:24 DEBUG org.mybatis.spring.SqlSessionUtils - Transaction synchronization closing SqlSession [org.apache.ibatis.session.defaults.DefaultSqlSession@5ec5247]
2024-10-21 12:17:25 DEBUG org.mybatis.spring.SqlSessionUtils - Creating a new SqlSession
2024-10-21 12:17:25 DEBUG org.mybatis.spring.SqlSessionUtils - SqlSession [org.apache.ibatis.session.defaults.DefaultSqlSession@5cf3a3e8] was not registered for synchronization because synchronization is not active
2024-10-21 12:17:25 DEBUG o.m.s.t.SpringManagedTransaction - JDBC Connection [HikariProxyConnection@1350596372 wrapping oracle.jdbc.driver.T4CConnection@57cabdc3] will not be managed by Spring
2024-10-21 12:17:25 DEBUG org.mybatis.spring.SqlSessionUtils - Closing non transactional SqlSession [org.apache.ibatis.session.defaults.DefaultSqlSession@5cf3a3e8]
2024-10-21 12:17:25 DEBUG org.mybatis.spring.SqlSessionUtils - Creating a new SqlSession
2024-10-21 12:17:25 DEBUG org.mybatis.spring.SqlSessionUtils - SqlSession [org.apache.ibatis.session.defaults.DefaultSqlSession@4d70a2bb] was not registered for synchronization because synchronization is not active
2024-10-21 12:17:25 DEBUG o.m.s.t.SpringManagedTransaction - JDBC Connection [HikariProxyConnection@9687757 wrapping oracle.jdbc.driver.T4CConnection@57cabdc3] will not be managed by Spring
2024-10-21 12:17:25 DEBUG org.mybatis.spring.SqlSessionUtils - Closing non transactional SqlSession [org.apache.ibatis.session.defaults.DefaultSqlSession@4d70a2bb]
2024-10-21 12:17:26 DEBUG org.mybatis.spring.SqlSessionUtils - Creating a new SqlSession
2024-10-21 12:17:26 DEBUG org.mybatis.spring.SqlSessionUtils - Creating a new SqlSession
2024-10-21 12:17:26 DEBUG org.mybatis.spring.SqlSessionUtils - Creating a new SqlSession
2024-10-21 12:17:26 DEBUG org.mybatis.spring.SqlSessionUtils - Creating a new SqlSession
2024-10-21 12:17:26 DEBUG org.mybatis.spring.SqlSessionUtils - Creating a new SqlSession
2024-10-21 12:17:26 DEBUG org.mybatis.spring.SqlSessionUtils - SqlSession [org.apache.ibatis.session.defaults.DefaultSqlSession@58dad3de] was not registered for synchronization because synchronization is not active
2024-10-21 12:17:26 DEBUG org.mybatis.spring.SqlSessionUtils - SqlSession [org.apache.ibatis.session.defaults.DefaultSqlSession@40ae4f0e] was not registered for synchronization because synchronization is not active
2024-10-21 12:17:26 DEBUG org.mybatis.spring.SqlSessionUtils - SqlSession [org.apache.ibatis.session.defaults.DefaultSqlSession@4445b2e3] was not registered for synchronization because synchronization is not active
2024-10-21 12:17:26 DEBUG org.mybatis.spring.SqlSessionUtils - SqlSession [org.apache.ibatis.session.defaults.DefaultSqlSession@5989303b] was not registered for synchronization because synchronization is not active
2024-10-21 12:17:26 DEBUG org.mybatis.spring.SqlSessionUtils - SqlSession [org.apache.ibatis.session.defaults.DefaultSqlSession@35ee8770] was not registered for synchronization because synchronization is not active
2024-10-21 12:17:26 DEBUG o.m.s.t.SpringManagedTransaction - JDBC Connection [HikariProxyConnection@1142683113 wrapping oracle.jdbc.driver.T4CConnection@57cabdc3] will not be managed by Spring
2024-10-21 12:17:26 DEBUG o.m.s.t.SpringManagedTransaction - JDBC Connection [HikariProxyConnection@570186784 wrapping oracle.jdbc.driver.T4CConnection@5789fb37] will not be managed by Spring
2024-10-21 12:17:26 DEBUG o.m.s.t.SpringManagedTransaction - JDBC Connection [HikariProxyConnection@26428725 wrapping oracle.jdbc.driver.T4CConnection@189bf335] will not be managed by Spring
2024-10-21 12:17:26 DEBUG o.m.s.t.SpringManagedTransaction - JDBC Connection [HikariProxyConnection@1807110493 wrapping oracle.jdbc.driver.T4CConnection@17b96a4e] will not be managed by Spring
2024-10-21 12:17:26 DEBUG o.m.s.t.SpringManagedTransaction - JDBC Connection [HikariProxyConnection@863887282 wrapping oracle.jdbc.driver.T4CConnection@2f703ddb] will not be managed by Spring
2024-10-21 12:17:26 DEBUG org.mybatis.spring.SqlSessionUtils - Closing non transactional SqlSession [org.apache.ibatis.session.defaults.DefaultSqlSession@58dad3de]
2024-10-21 12:17:26 DEBUG org.mybatis.spring.SqlSessionUtils - Closing non transactional SqlSession [org.apache.ibatis.session.defaults.DefaultSqlSession@40ae4f0e]
2024-10-21 12:17:26 DEBUG org.mybatis.spring.SqlSessionUtils - Closing non transactional SqlSession [org.apache.ibatis.session.defaults.DefaultSqlSession@35ee8770]
2024-10-21 12:17:26 DEBUG org.mybatis.spring.SqlSessionUtils - Closing non transactional SqlSession [org.apache.ibatis.session.defaults.DefaultSqlSession@5989303b]
2024-10-21 12:17:26 DEBUG org.mybatis.spring.SqlSessionUtils - Closing non transactional SqlSession [org.apache.ibatis.session.defaults.DefaultSqlSession@4445b2e3]
2024-10-21 12:18:04 INFO  com.zaxxer.hikari.HikariDataSource - HikariPool-1 - Shutdown initiated...
2024-10-21 12:18:04 INFO  com.zaxxer.hikari.HikariDataSource - HikariPool-1 - Shutdown completed.
2024-10-21 12:18:07 INFO  o.h.validator.internal.util.Version - HV000001: Hibernate Validator 8.0.1.Final
2024-10-21 12:18:07 INFO  com.toray.ojt.OjtApplication - Starting OjtApplication using Java 21.0.4 with PID 25276 (C:\Users\sanjay.nair\Desktop\Toray\ojt\target\classes started by sanjay.nair in C:\Users\sanjay.nair\Desktop\Toray\ojt)
2024-10-21 12:18:07 INFO  com.toray.ojt.OjtApplication - No active profile set, falling back to 1 default profile: "default"
2024-10-21 12:18:08 DEBUG o.m.s.mapper.ClassPathMapperScanner - Identified candidate component class: file [C:\Users\sanjay.nair\Desktop\Toray\ojt\target\classes\com\toray\ojt\web\mapper\BaseAttributeMapper.class]
2024-10-21 12:18:08 DEBUG o.m.s.mapper.ClassPathMapperScanner - Identified candidate component class: file [C:\Users\sanjay.nair\Desktop\Toray\ojt\target\classes\com\toray\ojt\web\mapper\BaseInfoMapper.class]
2024-10-21 12:18:08 DEBUG o.m.s.mapper.ClassPathMapperScanner - Identified candidate component class: file [C:\Users\sanjay.nair\Desktop\Toray\ojt\target\classes\com\toray\ojt\web\mapper\TGuideMapper.class]
2024-10-21 12:18:08 DEBUG o.m.s.mapper.ClassPathMapperScanner - Identified candidate component class: file [C:\Users\sanjay.nair\Desktop\Toray\ojt\target\classes\com\toray\ojt\web\mapper\ToDoMapper.class]
2024-10-21 12:18:08 DEBUG o.m.s.mapper.ClassPathMapperScanner - Identified candidate component class: file [C:\Users\sanjay.nair\Desktop\Toray\ojt\target\classes\com\toray\ojt\web\mapper\UserDetailsMapper.class]
2024-10-21 12:18:08 DEBUG o.m.s.mapper.ClassPathMapperScanner - Identified candidate component class: file [C:\Users\sanjay.nair\Desktop\Toray\ojt\target\classes\com\toray\ojt\web\mapper\UserMapper.class]
2024-10-21 12:18:08 DEBUG o.m.s.mapper.ClassPathMapperScanner - Creating MapperFactoryBean with name 'baseAttributeMapper' and 'com.toray.ojt.web.mapper.BaseAttributeMapper' mapperInterface
2024-10-21 12:18:08 DEBUG o.m.s.mapper.ClassPathMapperScanner - Enabling autowire by type for MapperFactoryBean with name 'baseAttributeMapper'.
2024-10-21 12:18:08 DEBUG o.m.s.mapper.ClassPathMapperScanner - Creating MapperFactoryBean with name 'baseInfoMapper' and 'com.toray.ojt.web.mapper.BaseInfoMapper' mapperInterface
2024-10-21 12:18:08 DEBUG o.m.s.mapper.ClassPathMapperScanner - Enabling autowire by type for MapperFactoryBean with name 'baseInfoMapper'.
2024-10-21 12:18:08 DEBUG o.m.s.mapper.ClassPathMapperScanner - Creating MapperFactoryBean with name 'TGuideMapper' and 'com.toray.ojt.web.mapper.TGuideMapper' mapperInterface
2024-10-21 12:18:08 DEBUG o.m.s.mapper.ClassPathMapperScanner - Enabling autowire by type for MapperFactoryBean with name 'TGuideMapper'.
2024-10-21 12:18:08 DEBUG o.m.s.mapper.ClassPathMapperScanner - Creating MapperFactoryBean with name 'toDoMapper' and 'com.toray.ojt.web.mapper.ToDoMapper' mapperInterface
2024-10-21 12:18:08 DEBUG o.m.s.mapper.ClassPathMapperScanner - Enabling autowire by type for MapperFactoryBean with name 'toDoMapper'.
2024-10-21 12:18:08 DEBUG o.m.s.mapper.ClassPathMapperScanner - Creating MapperFactoryBean with name 'userDetailsMapper' and 'com.toray.ojt.web.mapper.UserDetailsMapper' mapperInterface
2024-10-21 12:18:08 DEBUG o.m.s.mapper.ClassPathMapperScanner - Enabling autowire by type for MapperFactoryBean with name 'userDetailsMapper'.
2024-10-21 12:18:08 DEBUG o.m.s.mapper.ClassPathMapperScanner - Creating MapperFactoryBean with name 'userMapper' and 'com.toray.ojt.web.mapper.UserMapper' mapperInterface
2024-10-21 12:18:08 DEBUG o.m.s.mapper.ClassPathMapperScanner - Enabling autowire by type for MapperFactoryBean with name 'userMapper'.
2024-10-21 12:18:09 INFO  o.s.b.w.e.tomcat.TomcatWebServer - Tomcat initialized with port 8080 (http)
2024-10-21 12:18:09 INFO  o.a.coyote.http11.Http11NioProtocol - Initializing ProtocolHandler ["http-nio-8080"]
2024-10-21 12:18:09 INFO  o.a.catalina.core.StandardService - Starting service [Tomcat]
2024-10-21 12:18:09 INFO  o.a.catalina.core.StandardEngine - Starting Servlet engine: [Apache Tomcat/10.1.30]
2024-10-21 12:18:09 INFO  o.a.c.c.C.[Tomcat].[localhost].[/] - Initializing Spring embedded WebApplicationContext
2024-10-21 12:18:09 INFO  o.s.b.w.s.c.ServletWebServerApplicationContext - Root WebApplicationContext: initialization completed in 2121 ms
2024-10-21 12:18:09 DEBUG o.m.spring.SqlSessionFactoryBean - Property 'configuration' or 'configLocation' not specified, using default MyBatis Configuration
2024-10-21 12:18:10 DEBUG o.m.spring.SqlSessionFactoryBean - Parsed mapper file: 'file [C:\Users\sanjay.nair\Desktop\Toray\ojt\target\classes\mappers\BaseAttributeMapper.xml]'
2024-10-21 12:18:10 DEBUG o.m.spring.SqlSessionFactoryBean - Parsed mapper file: 'file [C:\Users\sanjay.nair\Desktop\Toray\ojt\target\classes\mappers\BaseInfo.xml]'
2024-10-21 12:18:10 DEBUG o.m.spring.SqlSessionFactoryBean - Parsed mapper file: 'file [C:\Users\sanjay.nair\Desktop\Toray\ojt\target\classes\mappers\BaseInfoMapper.xml]'
2024-10-21 12:18:10 DEBUG o.m.spring.SqlSessionFactoryBean - Parsed mapper file: 'file [C:\Users\sanjay.nair\Desktop\Toray\ojt\target\classes\mappers\TGuideMapper.xml]'
2024-10-21 12:18:10 DEBUG o.m.spring.SqlSessionFactoryBean - Parsed mapper file: 'file [C:\Users\sanjay.nair\Desktop\Toray\ojt\target\classes\mappers\ToDoMapper.xml]'
2024-10-21 12:18:10 DEBUG o.m.spring.SqlSessionFactoryBean - Parsed mapper file: 'file [C:\Users\sanjay.nair\Desktop\Toray\ojt\target\classes\mappers\UserDetailsMapper.xml]'
2024-10-21 12:18:10 DEBUG o.m.spring.SqlSessionFactoryBean - Parsed mapper file: 'file [C:\Users\sanjay.nair\Desktop\Toray\ojt\target\classes\mappers\UserMapper.xml]'
2024-10-21 12:18:10 DEBUG o.f.c.i.s.classpath.ClassPathScanner - Scanning for classpath resources at 'classpath:db/callback' ...
2024-10-21 12:18:10 DEBUG o.f.c.i.s.classpath.ClassPathScanner - Determining location urls for classpath:db/callback using ClassLoader jdk.internal.loader.ClassLoaders$AppClassLoader@76ed5528 ...
2024-10-21 12:18:10 DEBUG o.f.c.i.s.classpath.ClassPathScanner - Unable to resolve location classpath:db/callback.
2024-10-21 12:18:10 DEBUG o.f.c.i.s.classpath.ClassPathScanner - Scanning for classpath resources at 'classpath:db/migration' ...
2024-10-21 12:18:10 DEBUG o.f.c.i.s.classpath.ClassPathScanner - Determining location urls for classpath:db/migration using ClassLoader jdk.internal.loader.ClassLoaders$AppClassLoader@76ed5528 ...
2024-10-21 12:18:10 DEBUG o.f.c.i.s.classpath.ClassPathScanner - Scanning URL: file:/C:/Users/sanjay.nair/Desktop/Toray/ojt/target/classes/db/migration
2024-10-21 12:18:10 DEBUG o.f.c.i.s.c.FileSystemClassPathLocationScanner - Scanning starting at classpath root in filesystem: C:\Users\sanjay.nair\Desktop\Toray\ojt\target\classes\
2024-10-21 12:18:10 DEBUG o.f.c.i.s.c.FileSystemClassPathLocationScanner - Scanning for resources in path: C:\Users\sanjay.nair\Desktop\Toray\ojt\target\classes\db\migration (db/migration)
2024-10-21 12:18:10 DEBUG o.f.c.i.s.classpath.ClassPathScanner - Found resource: db/migration/V2__create_table_ddl_statements.sql
2024-10-21 12:18:10 DEBUG o.f.c.i.s.classpath.ClassPathScanner - Found resource: db/migration/V3__foreign_key_setup.sql
2024-10-21 12:18:10 DEBUG o.f.c.i.s.classpath.ClassPathScanner - Found resource: db/migration/V4__Initial_Insert.sql
2024-10-21 12:18:10 DEBUG o.f.c.i.s.classpath.ClassPathScanner - Found resource: db/migration/V5__Insert_M_GYOMU_IRAI.sql
2024-10-21 12:18:10 DEBUG o.f.c.i.s.classpath.ClassPathScanner - Found resource: db/migration/V8__Insert_Base_info1.sql
2024-10-21 12:18:10 DEBUG o.f.c.i.s.classpath.ClassPathScanner - Scanning for classes at classpath:db/migration
2024-10-21 12:18:10 DEBUG o.f.c.i.r.ResourceNameValidator - Validating V4__Initial_Insert.sql
2024-10-21 12:18:10 INFO  com.zaxxer.hikari.HikariDataSource - HikariPool-1 - Starting...
2024-10-21 12:18:10 INFO  com.zaxxer.hikari.pool.HikariPool - HikariPool-1 - Added connection oracle.jdbc.driver.T4CConnection@57cabdc3
2024-10-21 12:18:11 INFO  com.zaxxer.hikari.HikariDataSource - HikariPool-1 - Start completed.
2024-10-21 12:18:11 DEBUG o.f.c.i.r.ResourceNameValidator - Validating V8__Insert_Base_info1.sql
2024-10-21 12:18:11 DEBUG o.f.c.i.r.ResourceNameValidator - Validating V3__foreign_key_setup.sql
2024-10-21 12:18:11 DEBUG o.f.c.i.r.ResourceNameValidator - Validating V2__create_table_ddl_statements.sql
2024-10-21 12:18:11 DEBUG o.f.c.i.r.ResourceNameValidator - Validating V5__Insert_M_GYOMU_IRAI.sql
2024-10-21 12:18:11 INFO  org.flywaydb.core.FlywayExecutor - Database: jdbc:oracle:thin:@localhost:1521/test (Oracle 19.0)
2024-10-21 12:18:11 DEBUG org.flywaydb.core.FlywayExecutor - Driver: Oracle JDBC driver 19.8.0.0.0
2024-10-21 12:18:11 DEBUG org.flywaydb.core.FlywayExecutor - DDL Transactions Supported: false
2024-10-21 12:18:11 DEBUG o.f.c.i.s.SchemaHistoryFactory - Schemas: 
2024-10-21 12:18:11 DEBUG o.f.c.i.s.SchemaHistoryFactory - Default schema: null
2024-10-21 12:18:11 DEBUG o.f.c.i.c.SqlScriptCallbackFactory - Scanning for SQL callbacks ...
2024-10-21 12:18:11 DEBUG o.f.core.internal.command.DbValidate - Validating migrations ...
2024-10-21 12:18:11 DEBUG o.f.c.a.c.ClassicConfiguration - CherryPickConfigurationExtension not found
2024-10-21 12:18:11 DEBUG o.f.core.internal.scanner.Scanner - Filtering out resource: db/migration/V4__Initial_Insert.sql (filename: V4__Initial_Insert.sql)
2024-10-21 12:18:11 DEBUG o.f.core.internal.scanner.Scanner - Filtering out resource: db/migration/V8__Insert_Base_info1.sql (filename: V8__Insert_Base_info1.sql)
2024-10-21 12:18:11 DEBUG o.f.core.internal.scanner.Scanner - Filtering out resource: db/migration/V3__foreign_key_setup.sql (filename: V3__foreign_key_setup.sql)
2024-10-21 12:18:11 DEBUG o.f.core.internal.scanner.Scanner - Filtering out resource: db/migration/V2__create_table_ddl_statements.sql (filename: V2__create_table_ddl_statements.sql)
2024-10-21 12:18:11 DEBUG o.f.core.internal.scanner.Scanner - Filtering out resource: db/migration/V5__Insert_M_GYOMU_IRAI.sql (filename: V5__Insert_M_GYOMU_IRAI.sql)
2024-10-21 12:18:11 DEBUG o.f.core.internal.scanner.Scanner - Filtering out resource: db/migration/V4__Initial_Insert.sql (filename: V4__Initial_Insert.sql)
2024-10-21 12:18:11 DEBUG o.f.core.internal.scanner.Scanner - Filtering out resource: db/migration/V8__Insert_Base_info1.sql (filename: V8__Insert_Base_info1.sql)
2024-10-21 12:18:11 DEBUG o.f.core.internal.scanner.Scanner - Filtering out resource: db/migration/V3__foreign_key_setup.sql (filename: V3__foreign_key_setup.sql)
2024-10-21 12:18:11 DEBUG o.f.core.internal.scanner.Scanner - Filtering out resource: db/migration/V2__create_table_ddl_statements.sql (filename: V2__create_table_ddl_statements.sql)
2024-10-21 12:18:11 DEBUG o.f.core.internal.scanner.Scanner - Filtering out resource: db/migration/V5__Insert_M_GYOMU_IRAI.sql (filename: V5__Insert_M_GYOMU_IRAI.sql)
2024-10-21 12:18:11 INFO  o.f.core.internal.command.DbValidate - Successfully validated 6 migrations (execution time 00:00.112s)
2024-10-21 12:18:11 DEBUG o.f.core.internal.command.DbSchemas - Skipping creation of existing schema: "SYS"
2024-10-21 12:18:11 DEBUG o.f.c.a.c.ClassicConfiguration - CherryPickConfigurationExtension not found
2024-10-21 12:18:11 INFO  o.f.core.internal.command.DbMigrate - Current version of schema "SYS": 8
2024-10-21 12:18:11 INFO  o.f.core.internal.command.DbMigrate - Schema "SYS" is up to date. No migration necessary.
2024-10-21 12:18:11 DEBUG org.flywaydb.core.FlywayExecutor - Memory usage: 22 of 58M
2024-10-21 12:18:11 INFO  o.s.s.c.a.a.c.InitializeUserDetailsBeanManagerConfigurer$InitializeUserDetailsManagerConfigurer - Global AuthenticationManager configured with UserDetailsService bean with name customUserDetailsService
2024-10-21 12:18:12 INFO  o.a.coyote.http11.Http11NioProtocol - Starting ProtocolHandler ["http-nio-8080"]
2024-10-21 12:18:12 INFO  o.s.b.w.e.tomcat.TomcatWebServer - Tomcat started on port 8080 (http) with context path '/'
2024-10-21 12:18:12 INFO  com.toray.ojt.OjtApplication - Started OjtApplication in 6.407 seconds (process running for 7.07)
2024-10-21 12:18:17 INFO  o.a.c.c.C.[Tomcat].[localhost].[/] - Initializing Spring DispatcherServlet 'dispatcherServlet'
2024-10-21 12:18:17 INFO  o.s.web.servlet.DispatcherServlet - Initializing Servlet 'dispatcherServlet'
2024-10-21 12:18:17 INFO  o.s.web.servlet.DispatcherServlet - Completed initialization in 3 ms
2024-10-21 12:18:18 DEBUG org.mybatis.spring.SqlSessionUtils - Creating a new SqlSession
2024-10-21 12:18:18 DEBUG org.mybatis.spring.SqlSessionUtils - SqlSession [org.apache.ibatis.session.defaults.DefaultSqlSession@5cdce116] was not registered for synchronization because synchronization is not active
2024-10-21 12:18:18 DEBUG o.m.s.t.SpringManagedTransaction - JDBC Connection [HikariProxyConnection@1493481912 wrapping oracle.jdbc.driver.T4CConnection@57cabdc3] will not be managed by Spring
2024-10-21 12:18:18 DEBUG org.mybatis.spring.SqlSessionUtils - Closing non transactional SqlSession [org.apache.ibatis.session.defaults.DefaultSqlSession@5cdce116]
2024-10-21 12:18:18 DEBUG org.mybatis.spring.SqlSessionUtils - Creating a new SqlSession
2024-10-21 12:18:18 DEBUG org.mybatis.spring.SqlSessionUtils - SqlSession [org.apache.ibatis.session.defaults.DefaultSqlSession@531b2c7] was not registered for synchronization because synchronization is not active
2024-10-21 12:18:18 DEBUG o.m.s.t.SpringManagedTransaction - JDBC Connection [HikariProxyConnection@355758689 wrapping oracle.jdbc.driver.T4CConnection@57cabdc3] will not be managed by Spring
2024-10-21 12:18:18 DEBUG org.mybatis.spring.SqlSessionUtils - Closing non transactional SqlSession [org.apache.ibatis.session.defaults.DefaultSqlSession@531b2c7]
2024-10-21 12:18:18 DEBUG org.mybatis.spring.SqlSessionUtils - Creating a new SqlSession
2024-10-21 12:18:18 DEBUG org.mybatis.spring.SqlSessionUtils - SqlSession [org.apache.ibatis.session.defaults.DefaultSqlSession@5e944182] was not registered for synchronization because synchronization is not active
2024-10-21 12:18:18 DEBUG o.m.s.t.SpringManagedTransaction - JDBC Connection [HikariProxyConnection@491333819 wrapping oracle.jdbc.driver.T4CConnection@57cabdc3] will not be managed by Spring
2024-10-21 12:18:18 DEBUG org.mybatis.spring.SqlSessionUtils - Closing non transactional SqlSession [org.apache.ibatis.session.defaults.DefaultSqlSession@5e944182]
2024-10-21 12:18:18 DEBUG org.mybatis.spring.SqlSessionUtils - Creating a new SqlSession
2024-10-21 12:18:18 DEBUG org.mybatis.spring.SqlSessionUtils - SqlSession [org.apache.ibatis.session.defaults.DefaultSqlSession@32ce4483] was not registered for synchronization because synchronization is not active
2024-10-21 12:18:18 DEBUG o.m.s.t.SpringManagedTransaction - JDBC Connection [HikariProxyConnection@634623044 wrapping oracle.jdbc.driver.T4CConnection@57cabdc3] will not be managed by Spring
2024-10-21 12:18:18 DEBUG org.mybatis.spring.SqlSessionUtils - Closing non transactional SqlSession [org.apache.ibatis.session.defaults.DefaultSqlSession@32ce4483]
2024-10-21 12:18:18 DEBUG org.mybatis.spring.SqlSessionUtils - Creating a new SqlSession
2024-10-21 12:18:18 DEBUG org.mybatis.spring.SqlSessionUtils - SqlSession [org.apache.ibatis.session.defaults.DefaultSqlSession@4501e710] was not registered for synchronization because synchronization is not active
2024-10-21 12:18:18 DEBUG o.m.s.t.SpringManagedTransaction - JDBC Connection [HikariProxyConnection@1067409581 wrapping oracle.jdbc.driver.T4CConnection@57cabdc3] will not be managed by Spring
2024-10-21 12:18:18 DEBUG org.mybatis.spring.SqlSessionUtils - Closing non transactional SqlSession [org.apache.ibatis.session.defaults.DefaultSqlSession@4501e710]
2024-10-21 12:18:18 DEBUG org.mybatis.spring.SqlSessionUtils - Creating a new SqlSession
2024-10-21 12:18:18 DEBUG org.mybatis.spring.SqlSessionUtils - SqlSession [org.apache.ibatis.session.defaults.DefaultSqlSession@2f51525c] was not registered for synchronization because synchronization is not active
2024-10-21 12:18:18 DEBUG o.m.s.t.SpringManagedTransaction - JDBC Connection [HikariProxyConnection@1986771766 wrapping oracle.jdbc.driver.T4CConnection@57cabdc3] will not be managed by Spring
2024-10-21 12:18:18 DEBUG org.mybatis.spring.SqlSessionUtils - Closing non transactional SqlSession [org.apache.ibatis.session.defaults.DefaultSqlSession@2f51525c]
2024-10-21 12:18:18 DEBUG org.mybatis.spring.SqlSessionUtils - Creating a new SqlSession
2024-10-21 12:18:18 DEBUG org.mybatis.spring.SqlSessionUtils - SqlSession [org.apache.ibatis.session.defaults.DefaultSqlSession@45b37da7] was not registered for synchronization because synchronization is not active
2024-10-21 12:18:18 DEBUG o.m.s.t.SpringManagedTransaction - JDBC Connection [HikariProxyConnection@467592845 wrapping oracle.jdbc.driver.T4CConnection@57cabdc3] will not be managed by Spring
2024-10-21 12:18:18 DEBUG org.mybatis.spring.SqlSessionUtils - Closing non transactional SqlSession [org.apache.ibatis.session.defaults.DefaultSqlSession@45b37da7]
2024-10-21 12:18:18 DEBUG org.mybatis.spring.SqlSessionUtils - Creating a new SqlSession
2024-10-21 12:18:18 DEBUG org.mybatis.spring.SqlSessionUtils - SqlSession [org.apache.ibatis.session.defaults.DefaultSqlSession@389c8bc2] was not registered for synchronization because synchronization is not active
2024-10-21 12:18:18 DEBUG o.m.s.t.SpringManagedTransaction - JDBC Connection [HikariProxyConnection@2064418038 wrapping oracle.jdbc.driver.T4CConnection@57cabdc3] will not be managed by Spring
2024-10-21 12:18:18 DEBUG org.mybatis.spring.SqlSessionUtils - Closing non transactional SqlSession [org.apache.ibatis.session.defaults.DefaultSqlSession@389c8bc2]
2024-10-21 12:18:18 DEBUG org.mybatis.spring.SqlSessionUtils - Creating a new SqlSession
2024-10-21 12:18:18 DEBUG org.mybatis.spring.SqlSessionUtils - SqlSession [org.apache.ibatis.session.defaults.DefaultSqlSession@3dae2011] was not registered for synchronization because synchronization is not active
2024-10-21 12:18:18 DEBUG o.m.s.t.SpringManagedTransaction - JDBC Connection [HikariProxyConnection@1998192145 wrapping oracle.jdbc.driver.T4CConnection@57cabdc3] will not be managed by Spring
2024-10-21 12:18:18 DEBUG org.mybatis.spring.SqlSessionUtils - Closing non transactional SqlSession [org.apache.ibatis.session.defaults.DefaultSqlSession@3dae2011]
2024-10-21 12:18:19 WARN  o.s.w.s.m.s.DefaultHandlerExceptionResolver - Resolved [org.springframework.web.HttpRequestMethodNotSupportedException: Request method 'GET' is not supported]
2024-10-21 12:18:31 INFO  c.t.o.w.c.BaseInfoController - Fetching notices ...
2024-10-21 12:18:31 DEBUG org.mybatis.spring.SqlSessionUtils - Creating a new SqlSession
2024-10-21 12:18:31 DEBUG org.mybatis.spring.SqlSessionUtils - SqlSession [org.apache.ibatis.session.defaults.DefaultSqlSession@77accb9a] was not registered for synchronization because synchronization is not active
2024-10-21 12:18:31 DEBUG o.m.s.t.SpringManagedTransaction - JDBC Connection [HikariProxyConnection@788080484 wrapping oracle.jdbc.driver.T4CConnection@57cabdc3] will not be managed by Spring
2024-10-21 12:18:31 DEBUG org.mybatis.spring.SqlSessionUtils - Closing non transactional SqlSession [org.apache.ibatis.session.defaults.DefaultSqlSession@77accb9a]
2024-10-21 12:18:31 INFO  c.t.o.w.c.BaseInfoController - Fetching user who updated notices...
2024-10-21 12:18:31 DEBUG org.mybatis.spring.SqlSessionUtils - Creating a new SqlSession
2024-10-21 12:18:31 DEBUG org.mybatis.spring.SqlSessionUtils - SqlSession [org.apache.ibatis.session.defaults.DefaultSqlSession@400560a9] was not registered for synchronization because synchronization is not active
2024-10-21 12:18:31 DEBUG o.m.s.t.SpringManagedTransaction - JDBC Connection [HikariProxyConnection@1443142487 wrapping oracle.jdbc.driver.T4CConnection@57cabdc3] will not be managed by Spring
2024-10-21 12:18:31 DEBUG org.mybatis.spring.SqlSessionUtils - Closing non transactional SqlSession [org.apache.ibatis.session.defaults.DefaultSqlSession@400560a9]
2024-10-21 12:18:31 DEBUG org.mybatis.spring.SqlSessionUtils - Creating a new SqlSession
2024-10-21 12:18:31 DEBUG org.mybatis.spring.SqlSessionUtils - SqlSession [org.apache.ibatis.session.defaults.DefaultSqlSession@383d14b3] was not registered for synchronization because synchronization is not active
2024-10-21 12:18:31 DEBUG o.m.s.t.SpringManagedTransaction - JDBC Connection [HikariProxyConnection@1402001493 wrapping oracle.jdbc.driver.T4CConnection@57cabdc3] will not be managed by Spring
2024-10-21 12:18:31 DEBUG org.mybatis.spring.SqlSessionUtils - Closing non transactional SqlSession [org.apache.ibatis.session.defaults.DefaultSqlSession@383d14b3]
2024-10-21 12:18:31 DEBUG org.mybatis.spring.SqlSessionUtils - Creating a new SqlSession
2024-10-21 12:18:31 DEBUG org.mybatis.spring.SqlSessionUtils - SqlSession [org.apache.ibatis.session.defaults.DefaultSqlSession@2aa2081d] was not registered for synchronization because synchronization is not active
2024-10-21 12:18:31 DEBUG o.m.s.t.SpringManagedTransaction - JDBC Connection [HikariProxyConnection@834160043 wrapping oracle.jdbc.driver.T4CConnection@57cabdc3] will not be managed by Spring
2024-10-21 12:18:31 DEBUG org.mybatis.spring.SqlSessionUtils - Closing non transactional SqlSession [org.apache.ibatis.session.defaults.DefaultSqlSession@2aa2081d]
2024-10-21 12:18:31 DEBUG org.mybatis.spring.SqlSessionUtils - Creating a new SqlSession
2024-10-21 12:18:31 DEBUG org.mybatis.spring.SqlSessionUtils - SqlSession [org.apache.ibatis.session.defaults.DefaultSqlSession@2c7d91b5] was not registered for synchronization because synchronization is not active
2024-10-21 12:18:31 DEBUG o.m.s.t.SpringManagedTransaction - JDBC Connection [HikariProxyConnection@1027018162 wrapping oracle.jdbc.driver.T4CConnection@57cabdc3] will not be managed by Spring
2024-10-21 12:18:31 DEBUG org.mybatis.spring.SqlSessionUtils - Closing non transactional SqlSession [org.apache.ibatis.session.defaults.DefaultSqlSession@2c7d91b5]
2024-10-21 12:18:31 DEBUG org.mybatis.spring.SqlSessionUtils - Creating a new SqlSession
2024-10-21 12:18:31 DEBUG org.mybatis.spring.SqlSessionUtils - SqlSession [org.apache.ibatis.session.defaults.DefaultSqlSession@447203a9] was not registered for synchronization because synchronization is not active
2024-10-21 12:18:31 DEBUG o.m.s.t.SpringManagedTransaction - JDBC Connection [HikariProxyConnection@496959041 wrapping oracle.jdbc.driver.T4CConnection@57cabdc3] will not be managed by Spring
2024-10-21 12:18:31 DEBUG org.mybatis.spring.SqlSessionUtils - Closing non transactional SqlSession [org.apache.ibatis.session.defaults.DefaultSqlSession@447203a9]
2024-10-21 12:18:31 WARN  o.s.w.s.m.s.DefaultHandlerExceptionResolver - Resolved [org.springframework.web.HttpRequestMethodNotSupportedException: Request method 'GET' is not supported]
2024-10-21 12:18:31 DEBUG org.mybatis.spring.SqlSessionUtils - Creating a new SqlSession
2024-10-21 12:18:31 DEBUG org.mybatis.spring.SqlSessionUtils - Registering transaction synchronization for SqlSession [org.apache.ibatis.session.defaults.DefaultSqlSession@76ab8041]
2024-10-21 12:18:31 DEBUG o.m.s.t.SpringManagedTransaction - JDBC Connection [HikariProxyConnection@1720739685 wrapping oracle.jdbc.driver.T4CConnection@57cabdc3] will be managed by Spring
2024-10-21 12:18:31 DEBUG org.mybatis.spring.SqlSessionUtils - Releasing transactional SqlSession [org.apache.ibatis.session.defaults.DefaultSqlSession@76ab8041]
2024-10-21 12:18:31 DEBUG org.mybatis.spring.SqlSessionUtils - Transaction synchronization committing SqlSession [org.apache.ibatis.session.defaults.DefaultSqlSession@76ab8041]
2024-10-21 12:18:31 DEBUG org.mybatis.spring.SqlSessionUtils - Transaction synchronization deregistering SqlSession [org.apache.ibatis.session.defaults.DefaultSqlSession@76ab8041]
2024-10-21 12:18:31 DEBUG org.mybatis.spring.SqlSessionUtils - Transaction synchronization closing SqlSession [org.apache.ibatis.session.defaults.DefaultSqlSession@76ab8041]
2024-10-21 12:18:33 DEBUG org.mybatis.spring.SqlSessionUtils - Creating a new SqlSession
2024-10-21 12:18:33 DEBUG org.mybatis.spring.SqlSessionUtils - SqlSession [org.apache.ibatis.session.defaults.DefaultSqlSession@52d7b3f1] was not registered for synchronization because synchronization is not active
2024-10-21 12:18:33 DEBUG o.m.s.t.SpringManagedTransaction - JDBC Connection [HikariProxyConnection@671102921 wrapping oracle.jdbc.driver.T4CConnection@57cabdc3] will not be managed by Spring
2024-10-21 12:18:33 DEBUG org.mybatis.spring.SqlSessionUtils - Closing non transactional SqlSession [org.apache.ibatis.session.defaults.DefaultSqlSession@52d7b3f1]
2024-10-21 12:18:33 DEBUG org.mybatis.spring.SqlSessionUtils - Creating a new SqlSession
2024-10-21 12:18:33 DEBUG org.mybatis.spring.SqlSessionUtils - SqlSession [org.apache.ibatis.session.defaults.DefaultSqlSession@71d91115] was not registered for synchronization because synchronization is not active
2024-10-21 12:18:33 DEBUG o.m.s.t.SpringManagedTransaction - JDBC Connection [HikariProxyConnection@2062099886 wrapping oracle.jdbc.driver.T4CConnection@57cabdc3] will not be managed by Spring
2024-10-21 12:18:33 DEBUG org.mybatis.spring.SqlSessionUtils - Closing non transactional SqlSession [org.apache.ibatis.session.defaults.DefaultSqlSession@71d91115]
2024-10-21 12:18:33 DEBUG org.mybatis.spring.SqlSessionUtils - Creating a new SqlSession
2024-10-21 12:18:33 DEBUG org.mybatis.spring.SqlSessionUtils - Creating a new SqlSession
2024-10-21 12:18:33 DEBUG org.mybatis.spring.SqlSessionUtils - Creating a new SqlSession
2024-10-21 12:18:33 DEBUG org.mybatis.spring.SqlSessionUtils - Creating a new SqlSession
2024-10-21 12:18:33 DEBUG org.mybatis.spring.SqlSessionUtils - SqlSession [org.apache.ibatis.session.defaults.DefaultSqlSession@672fd108] was not registered for synchronization because synchronization is not active
2024-10-21 12:18:33 DEBUG org.mybatis.spring.SqlSessionUtils - SqlSession [org.apache.ibatis.session.defaults.DefaultSqlSession@5361a940] was not registered for synchronization because synchronization is not active
2024-10-21 12:18:33 DEBUG org.mybatis.spring.SqlSessionUtils - SqlSession [org.apache.ibatis.session.defaults.DefaultSqlSession@4a741b8b] was not registered for synchronization because synchronization is not active
2024-10-21 12:18:33 DEBUG org.mybatis.spring.SqlSessionUtils - SqlSession [org.apache.ibatis.session.defaults.DefaultSqlSession@503bd0c9] was not registered for synchronization because synchronization is not active
2024-10-21 12:18:33 DEBUG o.m.s.t.SpringManagedTransaction - JDBC Connection [HikariProxyConnection@1001559422 wrapping oracle.jdbc.driver.T4CConnection@57cabdc3] will not be managed by Spring
2024-10-21 12:18:33 DEBUG org.mybatis.spring.SqlSessionUtils - Creating a new SqlSession
2024-10-21 12:18:33 DEBUG o.m.s.t.SpringManagedTransaction - JDBC Connection [HikariProxyConnection@566563865 wrapping oracle.jdbc.driver.T4CConnection@3b1a7f1b] will not be managed by Spring
2024-10-21 12:18:33 DEBUG o.m.s.t.SpringManagedTransaction - JDBC Connection [HikariProxyConnection@1219963440 wrapping oracle.jdbc.driver.T4CConnection@439d45ea] will not be managed by Spring
2024-10-21 12:18:33 DEBUG org.mybatis.spring.SqlSessionUtils - SqlSession [org.apache.ibatis.session.defaults.DefaultSqlSession@3db23f37] was not registered for synchronization because synchronization is not active
2024-10-21 12:18:33 DEBUG o.m.s.t.SpringManagedTransaction - JDBC Connection [HikariProxyConnection@1314779551 wrapping oracle.jdbc.driver.T4CConnection@66096ced] will not be managed by Spring
2024-10-21 12:18:33 DEBUG org.mybatis.spring.SqlSessionUtils - Closing non transactional SqlSession [org.apache.ibatis.session.defaults.DefaultSqlSession@5361a940]
2024-10-21 12:18:33 DEBUG org.mybatis.spring.SqlSessionUtils - Closing non transactional SqlSession [org.apache.ibatis.session.defaults.DefaultSqlSession@672fd108]
2024-10-21 12:18:33 DEBUG o.m.s.t.SpringManagedTransaction - JDBC Connection [HikariProxyConnection@933463927 wrapping oracle.jdbc.driver.T4CConnection@2f91c4c6] will not be managed by Spring
2024-10-21 12:18:33 DEBUG org.mybatis.spring.SqlSessionUtils - Closing non transactional SqlSession [org.apache.ibatis.session.defaults.DefaultSqlSession@4a741b8b]
2024-10-21 12:18:33 DEBUG org.mybatis.spring.SqlSessionUtils - Closing non transactional SqlSession [org.apache.ibatis.session.defaults.DefaultSqlSession@503bd0c9]
2024-10-21 12:18:33 DEBUG org.mybatis.spring.SqlSessionUtils - Closing non transactional SqlSession [org.apache.ibatis.session.defaults.DefaultSqlSession@3db23f37]
2024-10-21 12:18:50 INFO  com.zaxxer.hikari.HikariDataSource - HikariPool-1 - Shutdown initiated...
2024-10-21 12:18:50 INFO  com.zaxxer.hikari.HikariDataSource - HikariPool-1 - Shutdown completed.
2024-10-21 12:18:53 INFO  o.h.validator.internal.util.Version - HV000001: Hibernate Validator 8.0.1.Final
2024-10-21 12:18:53 INFO  com.toray.ojt.OjtApplication - Starting OjtApplication using Java 21.0.4 with PID 24436 (C:\Users\sanjay.nair\Desktop\Toray\ojt\target\classes started by sanjay.nair in C:\Users\sanjay.nair\Desktop\Toray\ojt)
2024-10-21 12:18:53 DEBUG com.toray.ojt.OjtApplication - Running with Spring Boot v3.3.4, Spring v6.1.13
2024-10-21 12:18:53 INFO  com.toray.ojt.OjtApplication - No active profile set, falling back to 1 default profile: "default"
2024-10-21 12:18:54 DEBUG o.m.s.mapper.ClassPathMapperScanner - Identified candidate component class: file [C:\Users\sanjay.nair\Desktop\Toray\ojt\target\classes\com\toray\ojt\web\mapper\BaseAttributeMapper.class]
2024-10-21 12:18:54 DEBUG o.m.s.mapper.ClassPathMapperScanner - Identified candidate component class: file [C:\Users\sanjay.nair\Desktop\Toray\ojt\target\classes\com\toray\ojt\web\mapper\BaseInfoMapper.class]
2024-10-21 12:18:54 DEBUG o.m.s.mapper.ClassPathMapperScanner - Identified candidate component class: file [C:\Users\sanjay.nair\Desktop\Toray\ojt\target\classes\com\toray\ojt\web\mapper\TGuideMapper.class]
2024-10-21 12:18:54 DEBUG o.m.s.mapper.ClassPathMapperScanner - Identified candidate component class: file [C:\Users\sanjay.nair\Desktop\Toray\ojt\target\classes\com\toray\ojt\web\mapper\ToDoMapper.class]
2024-10-21 12:18:54 DEBUG o.m.s.mapper.ClassPathMapperScanner - Identified candidate component class: file [C:\Users\sanjay.nair\Desktop\Toray\ojt\target\classes\com\toray\ojt\web\mapper\UserDetailsMapper.class]
2024-10-21 12:18:54 DEBUG o.m.s.mapper.ClassPathMapperScanner - Identified candidate component class: file [C:\Users\sanjay.nair\Desktop\Toray\ojt\target\classes\com\toray\ojt\web\mapper\UserMapper.class]
2024-10-21 12:18:54 DEBUG o.m.s.mapper.ClassPathMapperScanner - Creating MapperFactoryBean with name 'baseAttributeMapper' and 'com.toray.ojt.web.mapper.BaseAttributeMapper' mapperInterface
2024-10-21 12:18:54 DEBUG o.m.s.mapper.ClassPathMapperScanner - Enabling autowire by type for MapperFactoryBean with name 'baseAttributeMapper'.
2024-10-21 12:18:54 DEBUG o.m.s.mapper.ClassPathMapperScanner - Creating MapperFactoryBean with name 'baseInfoMapper' and 'com.toray.ojt.web.mapper.BaseInfoMapper' mapperInterface
2024-10-21 12:18:54 DEBUG o.m.s.mapper.ClassPathMapperScanner - Enabling autowire by type for MapperFactoryBean with name 'baseInfoMapper'.
2024-10-21 12:18:54 DEBUG o.m.s.mapper.ClassPathMapperScanner - Creating MapperFactoryBean with name 'TGuideMapper' and 'com.toray.ojt.web.mapper.TGuideMapper' mapperInterface
2024-10-21 12:18:54 DEBUG o.m.s.mapper.ClassPathMapperScanner - Enabling autowire by type for MapperFactoryBean with name 'TGuideMapper'.
2024-10-21 12:18:54 DEBUG o.m.s.mapper.ClassPathMapperScanner - Creating MapperFactoryBean with name 'toDoMapper' and 'com.toray.ojt.web.mapper.ToDoMapper' mapperInterface
2024-10-21 12:18:54 DEBUG o.m.s.mapper.ClassPathMapperScanner - Enabling autowire by type for MapperFactoryBean with name 'toDoMapper'.
2024-10-21 12:18:54 DEBUG o.m.s.mapper.ClassPathMapperScanner - Creating MapperFactoryBean with name 'userDetailsMapper' and 'com.toray.ojt.web.mapper.UserDetailsMapper' mapperInterface
2024-10-21 12:18:54 DEBUG o.m.s.mapper.ClassPathMapperScanner - Enabling autowire by type for MapperFactoryBean with name 'userDetailsMapper'.
2024-10-21 12:18:54 DEBUG o.m.s.mapper.ClassPathMapperScanner - Creating MapperFactoryBean with name 'userMapper' and 'com.toray.ojt.web.mapper.UserMapper' mapperInterface
2024-10-21 12:18:54 DEBUG o.m.s.mapper.ClassPathMapperScanner - Enabling autowire by type for MapperFactoryBean with name 'userMapper'.
2024-10-21 12:18:55 INFO  o.s.b.w.e.tomcat.TomcatWebServer - Tomcat initialized with port 8080 (http)
2024-10-21 12:18:55 INFO  o.a.coyote.http11.Http11NioProtocol - Initializing ProtocolHandler ["http-nio-8080"]
2024-10-21 12:18:55 INFO  o.a.catalina.core.StandardService - Starting service [Tomcat]
2024-10-21 12:18:55 INFO  o.a.catalina.core.StandardEngine - Starting Servlet engine: [Apache Tomcat/10.1.30]
2024-10-21 12:18:55 INFO  o.a.c.c.C.[Tomcat].[localhost].[/] - Initializing Spring embedded WebApplicationContext
2024-10-21 12:18:55 INFO  o.s.b.w.s.c.ServletWebServerApplicationContext - Root WebApplicationContext: initialization completed in 2108 ms
2024-10-21 12:18:55 DEBUG o.m.spring.SqlSessionFactoryBean - Property 'configuration' or 'configLocation' not specified, using default MyBatis Configuration
2024-10-21 12:18:56 DEBUG o.m.spring.SqlSessionFactoryBean - Parsed mapper file: 'file [C:\Users\sanjay.nair\Desktop\Toray\ojt\target\classes\mappers\BaseAttributeMapper.xml]'
2024-10-21 12:18:56 DEBUG o.m.spring.SqlSessionFactoryBean - Parsed mapper file: 'file [C:\Users\sanjay.nair\Desktop\Toray\ojt\target\classes\mappers\BaseInfo.xml]'
2024-10-21 12:18:56 DEBUG o.m.spring.SqlSessionFactoryBean - Parsed mapper file: 'file [C:\Users\sanjay.nair\Desktop\Toray\ojt\target\classes\mappers\BaseInfoMapper.xml]'
2024-10-21 12:18:56 DEBUG o.m.spring.SqlSessionFactoryBean - Parsed mapper file: 'file [C:\Users\sanjay.nair\Desktop\Toray\ojt\target\classes\mappers\TGuideMapper.xml]'
2024-10-21 12:18:56 DEBUG o.m.spring.SqlSessionFactoryBean - Parsed mapper file: 'file [C:\Users\sanjay.nair\Desktop\Toray\ojt\target\classes\mappers\ToDoMapper.xml]'
2024-10-21 12:18:56 DEBUG o.m.spring.SqlSessionFactoryBean - Parsed mapper file: 'file [C:\Users\sanjay.nair\Desktop\Toray\ojt\target\classes\mappers\UserDetailsMapper.xml]'
2024-10-21 12:18:56 DEBUG o.m.spring.SqlSessionFactoryBean - Parsed mapper file: 'file [C:\Users\sanjay.nair\Desktop\Toray\ojt\target\classes\mappers\UserMapper.xml]'
2024-10-21 12:18:56 DEBUG o.f.c.i.s.classpath.ClassPathScanner - Scanning for classpath resources at 'classpath:db/callback' ...
2024-10-21 12:18:56 DEBUG o.f.c.i.s.classpath.ClassPathScanner - Determining location urls for classpath:db/callback using ClassLoader jdk.internal.loader.ClassLoaders$AppClassLoader@76ed5528 ...
2024-10-21 12:18:56 DEBUG o.f.c.i.s.classpath.ClassPathScanner - Unable to resolve location classpath:db/callback.
2024-10-21 12:18:56 DEBUG o.f.c.i.s.classpath.ClassPathScanner - Scanning for classpath resources at 'classpath:db/migration' ...
2024-10-21 12:18:56 DEBUG o.f.c.i.s.classpath.ClassPathScanner - Determining location urls for classpath:db/migration using ClassLoader jdk.internal.loader.ClassLoaders$AppClassLoader@76ed5528 ...
2024-10-21 12:18:56 DEBUG o.f.c.i.s.classpath.ClassPathScanner - Scanning URL: file:/C:/Users/sanjay.nair/Desktop/Toray/ojt/target/classes/db/migration
2024-10-21 12:18:56 DEBUG o.f.c.i.s.c.FileSystemClassPathLocationScanner - Scanning starting at classpath root in filesystem: C:\Users\sanjay.nair\Desktop\Toray\ojt\target\classes\
2024-10-21 12:18:56 DEBUG o.f.c.i.s.c.FileSystemClassPathLocationScanner - Scanning for resources in path: C:\Users\sanjay.nair\Desktop\Toray\ojt\target\classes\db\migration (db/migration)
2024-10-21 12:18:56 DEBUG o.f.c.i.s.classpath.ClassPathScanner - Found resource: db/migration/V2__create_table_ddl_statements.sql
2024-10-21 12:18:56 DEBUG o.f.c.i.s.classpath.ClassPathScanner - Found resource: db/migration/V3__foreign_key_setup.sql
2024-10-21 12:18:56 DEBUG o.f.c.i.s.classpath.ClassPathScanner - Found resource: db/migration/V4__Initial_Insert.sql
2024-10-21 12:18:56 DEBUG o.f.c.i.s.classpath.ClassPathScanner - Found resource: db/migration/V5__Insert_M_GYOMU_IRAI.sql
2024-10-21 12:18:56 DEBUG o.f.c.i.s.classpath.ClassPathScanner - Found resource: db/migration/V8__Insert_Base_info1.sql
2024-10-21 12:18:56 DEBUG o.f.c.i.s.classpath.ClassPathScanner - Scanning for classes at classpath:db/migration
2024-10-21 12:18:56 DEBUG o.f.c.i.r.ResourceNameValidator - Validating V4__Initial_Insert.sql
2024-10-21 12:18:56 INFO  com.zaxxer.hikari.HikariDataSource - HikariPool-1 - Starting...
2024-10-21 12:18:57 INFO  com.zaxxer.hikari.pool.HikariPool - HikariPool-1 - Added connection oracle.jdbc.driver.T4CConnection@57cabdc3
2024-10-21 12:18:57 INFO  com.zaxxer.hikari.HikariDataSource - HikariPool-1 - Start completed.
2024-10-21 12:18:57 DEBUG o.f.c.i.r.ResourceNameValidator - Validating V8__Insert_Base_info1.sql
2024-10-21 12:18:57 DEBUG o.f.c.i.r.ResourceNameValidator - Validating V3__foreign_key_setup.sql
2024-10-21 12:18:57 DEBUG o.f.c.i.r.ResourceNameValidator - Validating V2__create_table_ddl_statements.sql
2024-10-21 12:18:57 DEBUG o.f.c.i.r.ResourceNameValidator - Validating V5__Insert_M_GYOMU_IRAI.sql
2024-10-21 12:18:57 INFO  org.flywaydb.core.FlywayExecutor - Database: jdbc:oracle:thin:@localhost:1521/test (Oracle 19.0)
2024-10-21 12:18:57 DEBUG org.flywaydb.core.FlywayExecutor - Driver: Oracle JDBC driver 19.8.0.0.0
2024-10-21 12:18:57 DEBUG org.flywaydb.core.FlywayExecutor - DDL Transactions Supported: false
2024-10-21 12:18:57 DEBUG o.f.c.i.s.SchemaHistoryFactory - Schemas: 
2024-10-21 12:18:57 DEBUG o.f.c.i.s.SchemaHistoryFactory - Default schema: null
2024-10-21 12:18:57 DEBUG o.f.c.i.c.SqlScriptCallbackFactory - Scanning for SQL callbacks ...
2024-10-21 12:18:57 DEBUG o.f.core.internal.command.DbValidate - Validating migrations ...
2024-10-21 12:18:57 DEBUG o.f.c.a.c.ClassicConfiguration - CherryPickConfigurationExtension not found
2024-10-21 12:18:57 DEBUG o.f.core.internal.scanner.Scanner - Filtering out resource: db/migration/V4__Initial_Insert.sql (filename: V4__Initial_Insert.sql)
2024-10-21 12:18:57 DEBUG o.f.core.internal.scanner.Scanner - Filtering out resource: db/migration/V8__Insert_Base_info1.sql (filename: V8__Insert_Base_info1.sql)
2024-10-21 12:18:57 DEBUG o.f.core.internal.scanner.Scanner - Filtering out resource: db/migration/V3__foreign_key_setup.sql (filename: V3__foreign_key_setup.sql)
2024-10-21 12:18:57 DEBUG o.f.core.internal.scanner.Scanner - Filtering out resource: db/migration/V2__create_table_ddl_statements.sql (filename: V2__create_table_ddl_statements.sql)
2024-10-21 12:18:57 DEBUG o.f.core.internal.scanner.Scanner - Filtering out resource: db/migration/V5__Insert_M_GYOMU_IRAI.sql (filename: V5__Insert_M_GYOMU_IRAI.sql)
2024-10-21 12:18:57 DEBUG o.f.core.internal.scanner.Scanner - Filtering out resource: db/migration/V4__Initial_Insert.sql (filename: V4__Initial_Insert.sql)
2024-10-21 12:18:57 DEBUG o.f.core.internal.scanner.Scanner - Filtering out resource: db/migration/V8__Insert_Base_info1.sql (filename: V8__Insert_Base_info1.sql)
2024-10-21 12:18:57 DEBUG o.f.core.internal.scanner.Scanner - Filtering out resource: db/migration/V3__foreign_key_setup.sql (filename: V3__foreign_key_setup.sql)
2024-10-21 12:18:57 DEBUG o.f.core.internal.scanner.Scanner - Filtering out resource: db/migration/V2__create_table_ddl_statements.sql (filename: V2__create_table_ddl_statements.sql)
2024-10-21 12:18:57 DEBUG o.f.core.internal.scanner.Scanner - Filtering out resource: db/migration/V5__Insert_M_GYOMU_IRAI.sql (filename: V5__Insert_M_GYOMU_IRAI.sql)
2024-10-21 12:18:57 INFO  o.f.core.internal.command.DbValidate - Successfully validated 6 migrations (execution time 00:00.111s)
2024-10-21 12:18:57 DEBUG o.f.core.internal.command.DbSchemas - Skipping creation of existing schema: "SYS"
2024-10-21 12:18:57 DEBUG o.f.c.a.c.ClassicConfiguration - CherryPickConfigurationExtension not found
2024-10-21 12:18:57 INFO  o.f.core.internal.command.DbMigrate - Current version of schema "SYS": 8
2024-10-21 12:18:57 INFO  o.f.core.internal.command.DbMigrate - Schema "SYS" is up to date. No migration necessary.
2024-10-21 12:18:57 DEBUG org.flywaydb.core.FlywayExecutor - Memory usage: 41 of 64M
2024-10-21 12:18:57 INFO  o.s.s.c.a.a.c.InitializeUserDetailsBeanManagerConfigurer$InitializeUserDetailsManagerConfigurer - Global AuthenticationManager configured with UserDetailsService bean with name customUserDetailsService
2024-10-21 12:18:58 INFO  o.a.coyote.http11.Http11NioProtocol - Starting ProtocolHandler ["http-nio-8080"]
2024-10-21 12:18:58 INFO  o.s.b.w.e.tomcat.TomcatWebServer - Tomcat started on port 8080 (http) with context path '/'
2024-10-21 12:18:58 INFO  com.toray.ojt.OjtApplication - Started OjtApplication in 6.486 seconds (process running for 7.091)
2024-10-21 12:19:06 INFO  o.a.c.c.C.[Tomcat].[localhost].[/] - Initializing Spring DispatcherServlet 'dispatcherServlet'
2024-10-21 12:19:06 INFO  o.s.web.servlet.DispatcherServlet - Initializing Servlet 'dispatcherServlet'
2024-10-21 12:19:06 INFO  o.s.web.servlet.DispatcherServlet - Completed initialization in 2 ms
2024-10-21 12:19:07 DEBUG c.t.o.w.s.i.CustomUserDetailsService - Parameter username: A12345
2024-10-21 12:19:07 DEBUG org.mybatis.spring.SqlSessionUtils - Creating a new SqlSession
2024-10-21 12:19:07 DEBUG org.mybatis.spring.SqlSessionUtils - SqlSession [org.apache.ibatis.session.defaults.DefaultSqlSession@36851ddd] was not registered for synchronization because synchronization is not active
2024-10-21 12:19:07 DEBUG o.m.s.t.SpringManagedTransaction - JDBC Connection [HikariProxyConnection@330346072 wrapping oracle.jdbc.driver.T4CConnection@57cabdc3] will not be managed by Spring
2024-10-21 12:19:07 DEBUG c.t.o.w.m.UserMapper.findByAccountId - ==>  Preparing: SELECT * FROM BASE_PARTY_ACCOUNT WHERE ACCOUNT_ID = ?
2024-10-21 12:19:07 DEBUG c.t.o.w.m.UserMapper.findByAccountId - ==> Parameters: A12345(String)
2024-10-21 12:19:07 DEBUG c.t.o.w.m.UserMapper.findByAccountId - <==      Total: 1
2024-10-21 12:19:07 DEBUG org.mybatis.spring.SqlSessionUtils - Closing non transactional SqlSession [org.apache.ibatis.session.defaults.DefaultSqlSession@36851ddd]
2024-10-21 12:19:07 DEBUG c.t.o.w.s.i.CustomUserDetailsService - User Object: com.toray.ojt.web.entity.User@f1dfe92
2024-10-21 12:19:07 DEBUG c.t.o.w.s.i.CustomUserDetailsService - isExpired: 1
2024-10-21 12:19:07 DEBUG org.mybatis.spring.SqlSessionUtils - Creating a new SqlSession
2024-10-21 12:19:07 DEBUG org.mybatis.spring.SqlSessionUtils - SqlSession [org.apache.ibatis.session.defaults.DefaultSqlSession@2fb121f2] was not registered for synchronization because synchronization is not active
2024-10-21 12:19:07 DEBUG o.m.s.t.SpringManagedTransaction - JDBC Connection [HikariProxyConnection@873162284 wrapping oracle.jdbc.driver.T4CConnection@57cabdc3] will not be managed by Spring
2024-10-21 12:19:07 DEBUG c.t.o.w.m.B.findAtrributeNameByPartyId - ==>  Preparing: SELECT ATTRIBUTE_NAME FROM BASE_PARTY_ATTRIBUTE WHERE PARTY_ID = ?
2024-10-21 12:19:07 DEBUG c.t.o.w.m.B.findAtrributeNameByPartyId - ==> Parameters: P12345(String)
2024-10-21 12:19:07 DEBUG c.t.o.w.m.B.findAtrributeNameByPartyId - <==      Total: 1
2024-10-21 12:19:07 DEBUG org.mybatis.spring.SqlSessionUtils - Closing non transactional SqlSession [org.apache.ibatis.session.defaults.DefaultSqlSession@2fb121f2]
2024-10-21 12:19:07 DEBUG c.t.o.w.s.i.CustomUserDetailsService - User role: base_admin
2024-10-21 12:19:07 DEBUG org.mybatis.spring.SqlSessionUtils - Creating a new SqlSession
2024-10-21 12:19:07 DEBUG org.mybatis.spring.SqlSessionUtils - SqlSession [org.apache.ibatis.session.defaults.DefaultSqlSession@11fce9a9] was not registered for synchronization because synchronization is not active
2024-10-21 12:19:07 DEBUG o.m.s.t.SpringManagedTransaction - JDBC Connection [HikariProxyConnection@1744707153 wrapping oracle.jdbc.driver.T4CConnection@57cabdc3] will not be managed by Spring
2024-10-21 12:19:07 DEBUG c.t.o.w.m.U.findUserNameByPartyId - ==>  Preparing: SELECT * FROM BASE_PARTY WHERE PARTY_ID = ?
2024-10-21 12:19:07 DEBUG c.t.o.w.m.U.findUserNameByPartyId - ==> Parameters: P12345(String)
2024-10-21 12:19:07 DEBUG c.t.o.w.m.U.findUserNameByPartyId - <==      Total: 1
2024-10-21 12:19:07 DEBUG org.mybatis.spring.SqlSessionUtils - Closing non transactional SqlSession [org.apache.ibatis.session.defaults.DefaultSqlSession@11fce9a9]
2024-10-21 12:19:07 DEBUG org.mybatis.spring.SqlSessionUtils - Creating a new SqlSession
2024-10-21 12:19:07 DEBUG org.mybatis.spring.SqlSessionUtils - SqlSession [org.apache.ibatis.session.defaults.DefaultSqlSession@3f9bb8ba] was not registered for synchronization because synchronization is not active
2024-10-21 12:19:07 DEBUG o.m.s.t.SpringManagedTransaction - JDBC Connection [HikariProxyConnection@1074381294 wrapping oracle.jdbc.driver.T4CConnection@57cabdc3] will not be managed by Spring
2024-10-21 12:19:07 DEBUG c.t.o.w.m.UserMapper.findByAccountId - ==>  Preparing: SELECT * FROM BASE_PARTY_ACCOUNT WHERE ACCOUNT_ID = ?
2024-10-21 12:19:07 DEBUG c.t.o.w.m.UserMapper.findByAccountId - ==> Parameters: A12345(String)
2024-10-21 12:19:07 DEBUG c.t.o.w.m.UserMapper.findByAccountId - <==      Total: 1
2024-10-21 12:19:07 DEBUG org.mybatis.spring.SqlSessionUtils - Closing non transactional SqlSession [org.apache.ibatis.session.defaults.DefaultSqlSession@3f9bb8ba]
2024-10-21 12:19:07 DEBUG org.mybatis.spring.SqlSessionUtils - Creating a new SqlSession
2024-10-21 12:19:07 DEBUG org.mybatis.spring.SqlSessionUtils - SqlSession [org.apache.ibatis.session.defaults.DefaultSqlSession@7f5f6037] was not registered for synchronization because synchronization is not active
2024-10-21 12:19:07 DEBUG o.m.s.t.SpringManagedTransaction - JDBC Connection [HikariProxyConnection@1222040564 wrapping oracle.jdbc.driver.T4CConnection@57cabdc3] will not be managed by Spring
2024-10-21 12:19:07 DEBUG c.t.o.w.m.U.updateFailedLoginAttempt - ==>  Preparing: UPDATE BASE_PARTY_ACCOUNT SET STATE = CASE WHEN ? IS NOT NULL THEN ? ELSE STATE END, FAILED_LOGIN_ATTEMPTS = CASE WHEN ? IS NOT NULL THEN ? ELSE FAILED_LOGIN_ATTEMPTS END, UPD_TIMESTAMP = CURRENT_TIMESTAMP -- Update timestamp for when the user was updated WHERE ACCOUNT_ID = ?
2024-10-21 12:19:07 DEBUG c.t.o.w.m.U.updateFailedLoginAttempt - ==> Parameters: A(String), A(String), 0(Integer), 0(Integer), A12345(String)
2024-10-21 12:19:07 DEBUG c.t.o.w.m.U.updateFailedLoginAttempt - <==    Updates: 1
2024-10-21 12:19:07 DEBUG org.mybatis.spring.SqlSessionUtils - Closing non transactional SqlSession [org.apache.ibatis.session.defaults.DefaultSqlSession@7f5f6037]
2024-10-21 12:19:07 DEBUG org.mybatis.spring.SqlSessionUtils - Creating a new SqlSession
2024-10-21 12:19:07 DEBUG org.mybatis.spring.SqlSessionUtils - SqlSession [org.apache.ibatis.session.defaults.DefaultSqlSession@6ff7b819] was not registered for synchronization because synchronization is not active
2024-10-21 12:19:07 DEBUG o.m.s.t.SpringManagedTransaction - JDBC Connection [HikariProxyConnection@720714627 wrapping oracle.jdbc.driver.T4CConnection@57cabdc3] will not be managed by Spring
2024-10-21 12:19:07 DEBUG c.t.o.w.m.B.findBaseInfo - ==>  Preparing: SELECT TITLE AS title, BEGIN_YMD AS beginYmd, IMPORTANT_FLG AS importantFlg FROM BASE_INFO WHERE CURRENT_DATE BETWEEN BEGIN_YMD AND END_YMD ORDER BY IMPORTANT_FLG desc
2024-10-21 12:19:07 DEBUG c.t.o.w.m.B.findBaseInfo - ==> Parameters: 
2024-10-21 12:19:07 DEBUG c.t.o.w.m.B.findBaseInfo - <==      Total: 3
2024-10-21 12:19:07 DEBUG org.mybatis.spring.SqlSessionUtils - Closing non transactional SqlSession [org.apache.ibatis.session.defaults.DefaultSqlSession@6ff7b819]
2024-10-21 12:19:07 DEBUG org.mybatis.spring.SqlSessionUtils - Creating a new SqlSession
2024-10-21 12:19:07 DEBUG org.mybatis.spring.SqlSessionUtils - SqlSession [org.apache.ibatis.session.defaults.DefaultSqlSession@4e947aa7] was not registered for synchronization because synchronization is not active
2024-10-21 12:19:07 DEBUG o.m.s.t.SpringManagedTransaction - JDBC Connection [HikariProxyConnection@730327787 wrapping oracle.jdbc.driver.T4CConnection@57cabdc3] will not be managed by Spring
2024-10-21 12:19:07 DEBUG c.t.o.w.m.TGuideMapper.findTGuide - ==>  Preparing: SELECT TITLE AS title, BEGIN_YMD AS beginYmd, IMPORTANT_FLG AS importantFlg FROM T_GUIDE WHERE CURRENT_DATE BETWEEN BEGIN_YMD AND END_YMD ORDER BY IMPORTANT_FLG desc
2024-10-21 12:19:07 DEBUG c.t.o.w.m.TGuideMapper.findTGuide - ==> Parameters: 
2024-10-21 12:19:07 DEBUG c.t.o.w.m.TGuideMapper.findTGuide - <==      Total: 1
2024-10-21 12:19:07 DEBUG org.mybatis.spring.SqlSessionUtils - Closing non transactional SqlSession [org.apache.ibatis.session.defaults.DefaultSqlSession@4e947aa7]
2024-10-21 12:19:07 DEBUG org.mybatis.spring.SqlSessionUtils - Creating a new SqlSession
2024-10-21 12:19:07 DEBUG org.mybatis.spring.SqlSessionUtils - SqlSession [org.apache.ibatis.session.defaults.DefaultSqlSession@3178b605] was not registered for synchronization because synchronization is not active
2024-10-21 12:19:07 DEBUG o.m.s.t.SpringManagedTransaction - JDBC Connection [HikariProxyConnection@341866520 wrapping oracle.jdbc.driver.T4CConnection@57cabdc3] will not be managed by Spring
2024-10-21 12:19:07 DEBUG c.t.o.w.m.T.findToDoByLocale - ==>  Preparing: SELECT T1.GYOMU_CD || '-' || T1.CYCLE_NO AS gyomuCd, T1.SHUSHU_TXT AS shushuTxt, TO_CHAR(TO_DATE(T1.SHIMEKIRI_YMD, 'YYYY-MM-DD'), 'yyyy/mm/dd') AS shimekiriYMD, T1.IRAI_STATUS AS iraiStatus, T1.SEQ_IRAI AS seqIrai, COALESCE(T2.KAITO_STATUS, 'N/A') AS kaitoStatus, COALESCE(T3.USER_KBN, 'Unknown') AS userKbn, COALESCE(T3.USERID, 'Unknown') AS userId, COALESCE(T4.PARTY_NAME_EN, 'No Party') AS partyNameEn, COALESCE(T5.CODE_VALUE1, 'No Value') AS codeValue1, (SELECT COUNT(*) FROM T_IRAI) AS requestTotal FROM T_IRAI T1 LEFT JOIN T_KAITO T2 ON T1.SEQ_IRAI = T2.SEQ_IRAI LEFT JOIN T_KAITO_USER T3 ON T2.SEQ_KAITO = T3.SEQ_KAITO LEFT JOIN BASE_PARTY T4 ON T3.USERID = T4.PARTY_ID LEFT JOIN BASE_CODE T5 ON T2.KAITO_STATUS = T5.CODE AND T5.CODE_KIND = 'KAITO_STATUS' AND T5.LOCALE = ? ORDER BY shimekiriYMD
2024-10-21 12:19:07 DEBUG c.t.o.w.m.T.findToDoByLocale - ==> Parameters: en(String)
2024-10-21 12:19:07 DEBUG c.t.o.w.m.T.findToDoByLocale - <==      Total: 1
2024-10-21 12:19:07 DEBUG org.mybatis.spring.SqlSessionUtils - Closing non transactional SqlSession [org.apache.ibatis.session.defaults.DefaultSqlSession@3178b605]
2024-10-21 12:19:07 DEBUG org.mybatis.spring.SqlSessionUtils - Creating a new SqlSession
2024-10-21 12:19:07 DEBUG org.mybatis.spring.SqlSessionUtils - SqlSession [org.apache.ibatis.session.defaults.DefaultSqlSession@1cc8a9c3] was not registered for synchronization because synchronization is not active
2024-10-21 12:19:07 DEBUG o.m.s.t.SpringManagedTransaction - JDBC Connection [HikariProxyConnection@2128724155 wrapping oracle.jdbc.driver.T4CConnection@57cabdc3] will not be managed by Spring
2024-10-21 12:19:07 DEBUG c.t.o.w.m.T.findToDoByLocale - ==>  Preparing: SELECT T1.GYOMU_CD || '-' || T1.CYCLE_NO AS gyomuCd, T1.SHUSHU_TXT AS shushuTxt, TO_CHAR(TO_DATE(T1.SHIMEKIRI_YMD, 'YYYY-MM-DD'), 'yyyy/mm/dd') AS shimekiriYMD, T1.IRAI_STATUS AS iraiStatus, T1.SEQ_IRAI AS seqIrai, COALESCE(T2.KAITO_STATUS, 'N/A') AS kaitoStatus, COALESCE(T3.USER_KBN, 'Unknown') AS userKbn, COALESCE(T3.USERID, 'Unknown') AS userId, COALESCE(T4.PARTY_NAME_EN, 'No Party') AS partyNameEn, COALESCE(T5.CODE_VALUE1, 'No Value') AS codeValue1, (SELECT COUNT(*) FROM T_IRAI) AS requestTotal FROM T_IRAI T1 LEFT JOIN T_KAITO T2 ON T1.SEQ_IRAI = T2.SEQ_IRAI LEFT JOIN T_KAITO_USER T3 ON T2.SEQ_KAITO = T3.SEQ_KAITO LEFT JOIN BASE_PARTY T4 ON T3.USERID = T4.PARTY_ID LEFT JOIN BASE_CODE T5 ON T2.KAITO_STATUS = T5.CODE AND T5.CODE_KIND = 'KAITO_STATUS' AND T5.LOCALE = ? ORDER BY shimekiriYMD
2024-10-21 12:19:07 DEBUG c.t.o.w.m.T.findToDoByLocale - ==> Parameters: en(String)
2024-10-21 12:19:07 DEBUG c.t.o.w.m.T.findToDoByLocale - <==      Total: 1
2024-10-21 12:19:07 DEBUG org.mybatis.spring.SqlSessionUtils - Closing non transactional SqlSession [org.apache.ibatis.session.defaults.DefaultSqlSession@1cc8a9c3]
2024-10-21 12:19:08 WARN  o.s.w.s.m.s.DefaultHandlerExceptionResolver - Resolved [org.springframework.web.HttpRequestMethodNotSupportedException: Request method 'GET' is not supported]
2024-10-21 12:19:10 INFO  c.t.o.w.c.BaseInfoController - Fetching notices ...
2024-10-21 12:19:10 DEBUG org.mybatis.spring.SqlSessionUtils - Creating a new SqlSession
2024-10-21 12:19:10 DEBUG org.mybatis.spring.SqlSessionUtils - SqlSession [org.apache.ibatis.session.defaults.DefaultSqlSession@5bce4fc] was not registered for synchronization because synchronization is not active
2024-10-21 12:19:10 DEBUG o.m.s.t.SpringManagedTransaction - JDBC Connection [HikariProxyConnection@603147039 wrapping oracle.jdbc.driver.T4CConnection@57cabdc3] will not be managed by Spring
2024-10-21 12:19:10 DEBUG c.t.o.w.m.BaseInfoMapper.getBaseInfo - ==>  Preparing: SELECT Title as title, Text as text, Important_Flg as importantFlg,END_YMD as endYmd,BEGIN_YMD as beginYmd,UPD_TIMESTAMP as updTimestamp,SEQ_INFO as seqInfo,UPD_USERID as updUserId FROM base_info
2024-10-21 12:19:10 DEBUG c.t.o.w.m.BaseInfoMapper.getBaseInfo - ==> Parameters: 
2024-10-21 12:19:10 DEBUG c.t.o.w.m.BaseInfoMapper.getBaseInfo - <==      Total: 5
2024-10-21 12:19:10 DEBUG org.mybatis.spring.SqlSessionUtils - Closing non transactional SqlSession [org.apache.ibatis.session.defaults.DefaultSqlSession@5bce4fc]
2024-10-21 12:19:10 DEBUG c.t.o.w.c.BaseInfoController - Fetched 5 base info records
2024-10-21 12:19:10 INFO  c.t.o.w.c.BaseInfoController - Fetching user who updated notices...
2024-10-21 12:19:10 DEBUG c.t.o.w.c.BaseInfoController - Fetching user name for updUserId: P12345
2024-10-21 12:19:10 DEBUG org.mybatis.spring.SqlSessionUtils - Creating a new SqlSession
2024-10-21 12:19:10 DEBUG org.mybatis.spring.SqlSessionUtils - SqlSession [org.apache.ibatis.session.defaults.DefaultSqlSession@5e1ca00b] was not registered for synchronization because synchronization is not active
2024-10-21 12:19:10 DEBUG o.m.s.t.SpringManagedTransaction - JDBC Connection [HikariProxyConnection@1641115099 wrapping oracle.jdbc.driver.T4CConnection@57cabdc3] will not be managed by Spring
2024-10-21 12:19:10 DEBUG c.t.o.w.m.U.findUserNameOnlyByPartyId - ==>  Preparing: SELECT PARTY_ID as partyId,PARTY_NAME_KJ as partyNameKj,PARTY_NAME_KN as partyNameKn,PARTY_NAME_EN as partyNameEn FROM BASE_PARTY WHERE PARTY_ID = ?
2024-10-21 12:19:10 DEBUG c.t.o.w.m.U.findUserNameOnlyByPartyId - ==> Parameters: P12345(String)
2024-10-21 12:19:10 DEBUG c.t.o.w.m.U.findUserNameOnlyByPartyId - <==      Total: 1
2024-10-21 12:19:10 DEBUG org.mybatis.spring.SqlSessionUtils - Closing non transactional SqlSession [org.apache.ibatis.session.defaults.DefaultSqlSession@5e1ca00b]
2024-10-21 12:19:10 DEBUG c.t.o.w.c.BaseInfoController - Fetching user name for updUserId: P67890
2024-10-21 12:19:10 DEBUG org.mybatis.spring.SqlSessionUtils - Creating a new SqlSession
2024-10-21 12:19:10 DEBUG org.mybatis.spring.SqlSessionUtils - SqlSession [org.apache.ibatis.session.defaults.DefaultSqlSession@15450170] was not registered for synchronization because synchronization is not active
2024-10-21 12:19:10 DEBUG o.m.s.t.SpringManagedTransaction - JDBC Connection [HikariProxyConnection@1924325105 wrapping oracle.jdbc.driver.T4CConnection@57cabdc3] will not be managed by Spring
2024-10-21 12:19:10 DEBUG c.t.o.w.m.U.findUserNameOnlyByPartyId - ==>  Preparing: SELECT PARTY_ID as partyId,PARTY_NAME_KJ as partyNameKj,PARTY_NAME_KN as partyNameKn,PARTY_NAME_EN as partyNameEn FROM BASE_PARTY WHERE PARTY_ID = ?
2024-10-21 12:19:10 DEBUG c.t.o.w.m.U.findUserNameOnlyByPartyId - ==> Parameters: P67890(String)
2024-10-21 12:19:10 DEBUG c.t.o.w.m.U.findUserNameOnlyByPartyId - <==      Total: 1
2024-10-21 12:19:10 DEBUG org.mybatis.spring.SqlSessionUtils - Closing non transactional SqlSession [org.apache.ibatis.session.defaults.DefaultSqlSession@15450170]
2024-10-21 12:19:10 DEBUG c.t.o.w.c.BaseInfoController - Fetching user name for updUserId: P12345
2024-10-21 12:19:10 DEBUG org.mybatis.spring.SqlSessionUtils - Creating a new SqlSession
2024-10-21 12:19:10 DEBUG org.mybatis.spring.SqlSessionUtils - SqlSession [org.apache.ibatis.session.defaults.DefaultSqlSession@491ae042] was not registered for synchronization because synchronization is not active
2024-10-21 12:19:10 DEBUG o.m.s.t.SpringManagedTransaction - JDBC Connection [HikariProxyConnection@694688355 wrapping oracle.jdbc.driver.T4CConnection@57cabdc3] will not be managed by Spring
2024-10-21 12:19:10 DEBUG c.t.o.w.m.U.findUserNameOnlyByPartyId - ==>  Preparing: SELECT PARTY_ID as partyId,PARTY_NAME_KJ as partyNameKj,PARTY_NAME_KN as partyNameKn,PARTY_NAME_EN as partyNameEn FROM BASE_PARTY WHERE PARTY_ID = ?
2024-10-21 12:19:10 DEBUG c.t.o.w.m.U.findUserNameOnlyByPartyId - ==> Parameters: P12345(String)
2024-10-21 12:19:10 DEBUG c.t.o.w.m.U.findUserNameOnlyByPartyId - <==      Total: 1
2024-10-21 12:19:10 DEBUG org.mybatis.spring.SqlSessionUtils - Closing non transactional SqlSession [org.apache.ibatis.session.defaults.DefaultSqlSession@491ae042]
2024-10-21 12:19:10 DEBUG c.t.o.w.c.BaseInfoController - Fetching user name for updUserId: P12345
2024-10-21 12:19:10 DEBUG org.mybatis.spring.SqlSessionUtils - Creating a new SqlSession
2024-10-21 12:19:10 DEBUG org.mybatis.spring.SqlSessionUtils - SqlSession [org.apache.ibatis.session.defaults.DefaultSqlSession@2af2cc4f] was not registered for synchronization because synchronization is not active
2024-10-21 12:19:10 DEBUG o.m.s.t.SpringManagedTransaction - JDBC Connection [HikariProxyConnection@505934118 wrapping oracle.jdbc.driver.T4CConnection@57cabdc3] will not be managed by Spring
2024-10-21 12:19:10 DEBUG c.t.o.w.m.U.findUserNameOnlyByPartyId - ==>  Preparing: SELECT PARTY_ID as partyId,PARTY_NAME_KJ as partyNameKj,PARTY_NAME_KN as partyNameKn,PARTY_NAME_EN as partyNameEn FROM BASE_PARTY WHERE PARTY_ID = ?
2024-10-21 12:19:10 DEBUG c.t.o.w.m.U.findUserNameOnlyByPartyId - ==> Parameters: P12345(String)
2024-10-21 12:19:10 DEBUG c.t.o.w.m.U.findUserNameOnlyByPartyId - <==      Total: 1
2024-10-21 12:19:10 DEBUG org.mybatis.spring.SqlSessionUtils - Closing non transactional SqlSession [org.apache.ibatis.session.defaults.DefaultSqlSession@2af2cc4f]
2024-10-21 12:19:10 DEBUG c.t.o.w.c.BaseInfoController - Fetching user name for updUserId: P12345
2024-10-21 12:19:10 DEBUG org.mybatis.spring.SqlSessionUtils - Creating a new SqlSession
2024-10-21 12:19:10 DEBUG org.mybatis.spring.SqlSessionUtils - SqlSession [org.apache.ibatis.session.defaults.DefaultSqlSession@14285caf] was not registered for synchronization because synchronization is not active
2024-10-21 12:19:10 DEBUG o.m.s.t.SpringManagedTransaction - JDBC Connection [HikariProxyConnection@990550399 wrapping oracle.jdbc.driver.T4CConnection@57cabdc3] will not be managed by Spring
2024-10-21 12:19:10 DEBUG c.t.o.w.m.U.findUserNameOnlyByPartyId - ==>  Preparing: SELECT PARTY_ID as partyId,PARTY_NAME_KJ as partyNameKj,PARTY_NAME_KN as partyNameKn,PARTY_NAME_EN as partyNameEn FROM BASE_PARTY WHERE PARTY_ID = ?
2024-10-21 12:19:10 DEBUG c.t.o.w.m.U.findUserNameOnlyByPartyId - ==> Parameters: P12345(String)
2024-10-21 12:19:10 DEBUG c.t.o.w.m.U.findUserNameOnlyByPartyId - <==      Total: 1
2024-10-21 12:19:10 DEBUG org.mybatis.spring.SqlSessionUtils - Closing non transactional SqlSession [org.apache.ibatis.session.defaults.DefaultSqlSession@14285caf]
2024-10-21 12:19:10 DEBUG org.mybatis.spring.SqlSessionUtils - Creating a new SqlSession
2024-10-21 12:19:10 DEBUG org.mybatis.spring.SqlSessionUtils - Registering transaction synchronization for SqlSession [org.apache.ibatis.session.defaults.DefaultSqlSession@25a49469]
2024-10-21 12:19:10 DEBUG o.m.s.t.SpringManagedTransaction - JDBC Connection [HikariProxyConnection@83507170 wrapping oracle.jdbc.driver.T4CConnection@57cabdc3] will be managed by Spring
2024-10-21 12:19:10 DEBUG c.t.o.w.m.BaseInfoMapper.fetchRoles - ==>  Preparing: SELECT ROLE, ROLE_NAME as roleName FROM base_info_view_role_name
2024-10-21 12:19:10 WARN  o.s.w.s.m.s.DefaultHandlerExceptionResolver - Resolved [org.springframework.web.HttpRequestMethodNotSupportedException: Request method 'GET' is not supported]
2024-10-21 12:19:10 DEBUG c.t.o.w.m.BaseInfoMapper.fetchRoles - ==> Parameters: 
2024-10-21 12:19:10 DEBUG c.t.o.w.m.BaseInfoMapper.fetchRoles - <==      Total: 1
2024-10-21 12:19:10 DEBUG org.mybatis.spring.SqlSessionUtils - Releasing transactional SqlSession [org.apache.ibatis.session.defaults.DefaultSqlSession@25a49469]
2024-10-21 12:19:10 DEBUG org.mybatis.spring.SqlSessionUtils - Transaction synchronization committing SqlSession [org.apache.ibatis.session.defaults.DefaultSqlSession@25a49469]
2024-10-21 12:19:10 DEBUG org.mybatis.spring.SqlSessionUtils - Transaction synchronization deregistering SqlSession [org.apache.ibatis.session.defaults.DefaultSqlSession@25a49469]
2024-10-21 12:19:10 DEBUG org.mybatis.spring.SqlSessionUtils - Transaction synchronization closing SqlSession [org.apache.ibatis.session.defaults.DefaultSqlSession@25a49469]
2024-10-21 12:19:12 DEBUG org.mybatis.spring.SqlSessionUtils - Creating a new SqlSession
2024-10-21 12:19:12 DEBUG org.mybatis.spring.SqlSessionUtils - SqlSession [org.apache.ibatis.session.defaults.DefaultSqlSession@2a652c19] was not registered for synchronization because synchronization is not active
2024-10-21 12:19:12 DEBUG o.m.s.t.SpringManagedTransaction - JDBC Connection [HikariProxyConnection@763023282 wrapping oracle.jdbc.driver.T4CConnection@57cabdc3] will not be managed by Spring
2024-10-21 12:19:12 DEBUG c.t.o.w.m.B.searchBaseInfoWithPagination - ==>  Preparing: SELECT Title as title, Text as text, Important_Flg as importantFlg, END_YMD as endYmd, BEGIN_YMD as beginYmd, UPD_TIMESTAMP as updTimestamp, SEQ_INFO as seqInfo FROM base_info WHERE 1=1 ORDER BY CASE WHEN important_flg = 'Y' THEN 1 ELSE 0 END DESC OFFSET ? ROWS FETCH NEXT ? ROWS ONLY
2024-10-21 12:19:12 DEBUG c.t.o.w.m.B.searchBaseInfoWithPagination - ==> Parameters: 0(Integer), 6(Integer)
2024-10-21 12:19:12 DEBUG c.t.o.w.m.B.searchBaseInfoWithPagination - <==      Total: 5
2024-10-21 12:19:12 DEBUG org.mybatis.spring.SqlSessionUtils - Closing non transactional SqlSession [org.apache.ibatis.session.defaults.DefaultSqlSession@2a652c19]
2024-10-21 12:19:12 DEBUG org.mybatis.spring.SqlSessionUtils - Creating a new SqlSession
2024-10-21 12:19:12 DEBUG org.mybatis.spring.SqlSessionUtils - SqlSession [org.apache.ibatis.session.defaults.DefaultSqlSession@23d02e56] was not registered for synchronization because synchronization is not active
2024-10-21 12:19:12 DEBUG o.m.s.t.SpringManagedTransaction - JDBC Connection [HikariProxyConnection@403465561 wrapping oracle.jdbc.driver.T4CConnection@57cabdc3] will not be managed by Spring
2024-10-21 12:19:12 DEBUG c.t.o.w.m.B.countBaseInfoSearchResults - ==>  Preparing: SELECT COUNT(*) FROM base_info WHERE 1=1
2024-10-21 12:19:12 DEBUG c.t.o.w.m.B.countBaseInfoSearchResults - ==> Parameters: 
2024-10-21 12:19:12 DEBUG c.t.o.w.m.B.countBaseInfoSearchResults - <==      Total: 1
2024-10-21 12:19:12 DEBUG org.mybatis.spring.SqlSessionUtils - Closing non transactional SqlSession [org.apache.ibatis.session.defaults.DefaultSqlSession@23d02e56]
2024-10-21 12:19:12 DEBUG org.mybatis.spring.SqlSessionUtils - Creating a new SqlSession
2024-10-21 12:19:12 DEBUG org.mybatis.spring.SqlSessionUtils - Creating a new SqlSession
2024-10-21 12:19:12 DEBUG org.mybatis.spring.SqlSessionUtils - SqlSession [org.apache.ibatis.session.defaults.DefaultSqlSession@5d4e6f15] was not registered for synchronization because synchronization is not active
2024-10-21 12:19:12 DEBUG org.mybatis.spring.SqlSessionUtils - Creating a new SqlSession
2024-10-21 12:19:12 DEBUG org.mybatis.spring.SqlSessionUtils - SqlSession [org.apache.ibatis.session.defaults.DefaultSqlSession@31e98eb6] was not registered for synchronization because synchronization is not active
2024-10-21 12:19:12 DEBUG org.mybatis.spring.SqlSessionUtils - SqlSession [org.apache.ibatis.session.defaults.DefaultSqlSession@6cb56094] was not registered for synchronization because synchronization is not active
2024-10-21 12:19:12 DEBUG org.mybatis.spring.SqlSessionUtils - Creating a new SqlSession
2024-10-21 12:19:12 DEBUG org.mybatis.spring.SqlSessionUtils - SqlSession [org.apache.ibatis.session.defaults.DefaultSqlSession@512ca13a] was not registered for synchronization because synchronization is not active
2024-10-21 12:19:12 DEBUG o.m.s.t.SpringManagedTransaction - JDBC Connection [HikariProxyConnection@512700105 wrapping oracle.jdbc.driver.T4CConnection@57cabdc3] will not be managed by Spring
2024-10-21 12:19:12 DEBUG c.t.o.w.m.B.getRolesBySeqInfo - ==>  Preparing: SELECT ROLE AS role FROM BASE_INFO_VIEW_ROLE WHERE SEQ_INFO = ?
2024-10-21 12:19:12 DEBUG org.mybatis.spring.SqlSessionUtils - Creating a new SqlSession
2024-10-21 12:19:12 DEBUG org.mybatis.spring.SqlSessionUtils - SqlSession [org.apache.ibatis.session.defaults.DefaultSqlSession@6ee38ada] was not registered for synchronization because synchronization is not active
2024-10-21 12:19:12 DEBUG o.m.s.t.SpringManagedTransaction - JDBC Connection [HikariProxyConnection@550425050 wrapping oracle.jdbc.driver.T4CConnection@7e7d557b] will not be managed by Spring
2024-10-21 12:19:12 DEBUG c.t.o.w.m.B.getRolesBySeqInfo - ==>  Preparing: SELECT ROLE AS role FROM BASE_INFO_VIEW_ROLE WHERE SEQ_INFO = ?
2024-10-21 12:19:12 DEBUG o.m.s.t.SpringManagedTransaction - JDBC Connection [HikariProxyConnection@1622619044 wrapping oracle.jdbc.driver.T4CConnection@6268595d] will not be managed by Spring
2024-10-21 12:19:12 DEBUG c.t.o.w.m.B.getRolesBySeqInfo - ==>  Preparing: SELECT ROLE AS role FROM BASE_INFO_VIEW_ROLE WHERE SEQ_INFO = ?
2024-10-21 12:19:12 DEBUG o.m.s.t.SpringManagedTransaction - JDBC Connection [HikariProxyConnection@1545145140 wrapping oracle.jdbc.driver.T4CConnection@1a779ff1] will not be managed by Spring
2024-10-21 12:19:12 DEBUG c.t.o.w.m.B.getRolesBySeqInfo - ==>  Preparing: SELECT ROLE AS role FROM BASE_INFO_VIEW_ROLE WHERE SEQ_INFO = ?
2024-10-21 12:19:12 DEBUG o.m.s.t.SpringManagedTransaction - JDBC Connection [HikariProxyConnection@248516636 wrapping oracle.jdbc.driver.T4CConnection@79413404] will not be managed by Spring
2024-10-21 12:19:12 DEBUG c.t.o.w.m.B.getRolesBySeqInfo - ==> Parameters: 2(Long)
2024-10-21 12:19:12 DEBUG c.t.o.w.m.B.getRolesBySeqInfo - ==>  Preparing: SELECT ROLE AS role FROM BASE_INFO_VIEW_ROLE WHERE SEQ_INFO = ?
2024-10-21 12:19:12 DEBUG c.t.o.w.m.B.getRolesBySeqInfo - ==> Parameters: 1(Long)
2024-10-21 12:19:12 DEBUG c.t.o.w.m.B.getRolesBySeqInfo - ==> Parameters: 1005(Long)
2024-10-21 12:19:12 DEBUG c.t.o.w.m.B.getRolesBySeqInfo - ==> Parameters: 1006(Long)
2024-10-21 12:19:12 DEBUG c.t.o.w.m.B.getRolesBySeqInfo - ==> Parameters: 3(Long)
2024-10-21 12:19:12 DEBUG c.t.o.w.m.B.getRolesBySeqInfo - <==      Total: 0
2024-10-21 12:19:12 DEBUG org.mybatis.spring.SqlSessionUtils - Closing non transactional SqlSession [org.apache.ibatis.session.defaults.DefaultSqlSession@512ca13a]
2024-10-21 12:19:12 DEBUG c.t.o.w.m.B.getRolesBySeqInfo - <==      Total: 1
2024-10-21 12:19:12 DEBUG c.t.o.w.m.B.getRolesBySeqInfo - <==      Total: 1
2024-10-21 12:19:12 DEBUG org.mybatis.spring.SqlSessionUtils - Closing non transactional SqlSession [org.apache.ibatis.session.defaults.DefaultSqlSession@6ee38ada]
2024-10-21 12:19:12 DEBUG org.mybatis.spring.SqlSessionUtils - Closing non transactional SqlSession [org.apache.ibatis.session.defaults.DefaultSqlSession@5d4e6f15]
2024-10-21 12:19:12 DEBUG c.t.o.w.m.B.getRolesBySeqInfo - <==      Total: 0
2024-10-21 12:19:12 DEBUG org.mybatis.spring.SqlSessionUtils - Closing non transactional SqlSession [org.apache.ibatis.session.defaults.DefaultSqlSession@31e98eb6]
2024-10-21 12:19:12 DEBUG c.t.o.w.m.B.getRolesBySeqInfo - <==      Total: 1
2024-10-21 12:19:12 DEBUG org.mybatis.spring.SqlSessionUtils - Closing non transactional SqlSession [org.apache.ibatis.session.defaults.DefaultSqlSession@6cb56094]
2024-10-21 12:22:09 INFO  com.zaxxer.hikari.HikariDataSource - HikariPool-1 - Shutdown initiated...
2024-10-21 12:22:09 INFO  com.zaxxer.hikari.HikariDataSource - HikariPool-1 - Shutdown completed.
2024-10-21 12:22:12 INFO  o.h.validator.internal.util.Version - HV000001: Hibernate Validator 8.0.1.Final
2024-10-21 12:22:12 INFO  com.toray.ojt.OjtApplication - Starting OjtApplication using Java 21.0.4 with PID 22080 (C:\Users\sanjay.nair\Desktop\Toray\ojt\target\classes started by sanjay.nair in C:\Users\sanjay.nair\Desktop\Toray\ojt)
2024-10-21 12:22:12 DEBUG com.toray.ojt.OjtApplication - Running with Spring Boot v3.3.4, Spring v6.1.13
2024-10-21 12:22:12 INFO  com.toray.ojt.OjtApplication - No active profile set, falling back to 1 default profile: "default"
2024-10-21 12:22:14 DEBUG o.m.s.mapper.ClassPathMapperScanner - Identified candidate component class: file [C:\Users\sanjay.nair\Desktop\Toray\ojt\target\classes\com\toray\ojt\web\mapper\BaseAttributeMapper.class]
2024-10-21 12:22:14 DEBUG o.m.s.mapper.ClassPathMapperScanner - Identified candidate component class: file [C:\Users\sanjay.nair\Desktop\Toray\ojt\target\classes\com\toray\ojt\web\mapper\BaseInfoMapper.class]
2024-10-21 12:22:14 DEBUG o.m.s.mapper.ClassPathMapperScanner - Identified candidate component class: file [C:\Users\sanjay.nair\Desktop\Toray\ojt\target\classes\com\toray\ojt\web\mapper\TGuideMapper.class]
2024-10-21 12:22:14 DEBUG o.m.s.mapper.ClassPathMapperScanner - Identified candidate component class: file [C:\Users\sanjay.nair\Desktop\Toray\ojt\target\classes\com\toray\ojt\web\mapper\ToDoMapper.class]
2024-10-21 12:22:14 DEBUG o.m.s.mapper.ClassPathMapperScanner - Identified candidate component class: file [C:\Users\sanjay.nair\Desktop\Toray\ojt\target\classes\com\toray\ojt\web\mapper\UserDetailsMapper.class]
2024-10-21 12:22:14 DEBUG o.m.s.mapper.ClassPathMapperScanner - Identified candidate component class: file [C:\Users\sanjay.nair\Desktop\Toray\ojt\target\classes\com\toray\ojt\web\mapper\UserMapper.class]
2024-10-21 12:22:14 DEBUG o.m.s.mapper.ClassPathMapperScanner - Creating MapperFactoryBean with name 'baseAttributeMapper' and 'com.toray.ojt.web.mapper.BaseAttributeMapper' mapperInterface
2024-10-21 12:22:14 DEBUG o.m.s.mapper.ClassPathMapperScanner - Enabling autowire by type for MapperFactoryBean with name 'baseAttributeMapper'.
2024-10-21 12:22:14 DEBUG o.m.s.mapper.ClassPathMapperScanner - Creating MapperFactoryBean with name 'baseInfoMapper' and 'com.toray.ojt.web.mapper.BaseInfoMapper' mapperInterface
2024-10-21 12:22:14 DEBUG o.m.s.mapper.ClassPathMapperScanner - Enabling autowire by type for MapperFactoryBean with name 'baseInfoMapper'.
2024-10-21 12:22:14 DEBUG o.m.s.mapper.ClassPathMapperScanner - Creating MapperFactoryBean with name 'TGuideMapper' and 'com.toray.ojt.web.mapper.TGuideMapper' mapperInterface
2024-10-21 12:22:14 DEBUG o.m.s.mapper.ClassPathMapperScanner - Enabling autowire by type for MapperFactoryBean with name 'TGuideMapper'.
2024-10-21 12:22:14 DEBUG o.m.s.mapper.ClassPathMapperScanner - Creating MapperFactoryBean with name 'toDoMapper' and 'com.toray.ojt.web.mapper.ToDoMapper' mapperInterface
2024-10-21 12:22:14 DEBUG o.m.s.mapper.ClassPathMapperScanner - Enabling autowire by type for MapperFactoryBean with name 'toDoMapper'.
2024-10-21 12:22:14 DEBUG o.m.s.mapper.ClassPathMapperScanner - Creating MapperFactoryBean with name 'userDetailsMapper' and 'com.toray.ojt.web.mapper.UserDetailsMapper' mapperInterface
2024-10-21 12:22:14 DEBUG o.m.s.mapper.ClassPathMapperScanner - Enabling autowire by type for MapperFactoryBean with name 'userDetailsMapper'.
2024-10-21 12:22:14 DEBUG o.m.s.mapper.ClassPathMapperScanner - Creating MapperFactoryBean with name 'userMapper' and 'com.toray.ojt.web.mapper.UserMapper' mapperInterface
2024-10-21 12:22:14 DEBUG o.m.s.mapper.ClassPathMapperScanner - Enabling autowire by type for MapperFactoryBean with name 'userMapper'.
2024-10-21 12:22:15 INFO  o.s.b.w.e.tomcat.TomcatWebServer - Tomcat initialized with port 8080 (http)
2024-10-21 12:22:15 INFO  o.a.coyote.http11.Http11NioProtocol - Initializing ProtocolHandler ["http-nio-8080"]
2024-10-21 12:22:15 INFO  o.a.catalina.core.StandardService - Starting service [Tomcat]
2024-10-21 12:22:15 INFO  o.a.catalina.core.StandardEngine - Starting Servlet engine: [Apache Tomcat/10.1.30]
2024-10-21 12:22:15 INFO  o.a.c.c.C.[Tomcat].[localhost].[/] - Initializing Spring embedded WebApplicationContext
2024-10-21 12:22:15 INFO  o.s.b.w.s.c.ServletWebServerApplicationContext - Root WebApplicationContext: initialization completed in 2393 ms
2024-10-21 12:22:15 DEBUG o.m.spring.SqlSessionFactoryBean - Property 'configuration' or 'configLocation' not specified, using default MyBatis Configuration
2024-10-21 12:22:15 DEBUG o.m.spring.SqlSessionFactoryBean - Parsed mapper file: 'file [C:\Users\sanjay.nair\Desktop\Toray\ojt\target\classes\mappers\BaseAttributeMapper.xml]'
2024-10-21 12:22:16 DEBUG o.m.spring.SqlSessionFactoryBean - Parsed mapper file: 'file [C:\Users\sanjay.nair\Desktop\Toray\ojt\target\classes\mappers\BaseInfo.xml]'
2024-10-21 12:22:16 DEBUG o.m.spring.SqlSessionFactoryBean - Parsed mapper file: 'file [C:\Users\sanjay.nair\Desktop\Toray\ojt\target\classes\mappers\BaseInfoMapper.xml]'
2024-10-21 12:22:16 DEBUG o.m.spring.SqlSessionFactoryBean - Parsed mapper file: 'file [C:\Users\sanjay.nair\Desktop\Toray\ojt\target\classes\mappers\TGuideMapper.xml]'
2024-10-21 12:22:16 DEBUG o.m.spring.SqlSessionFactoryBean - Parsed mapper file: 'file [C:\Users\sanjay.nair\Desktop\Toray\ojt\target\classes\mappers\ToDoMapper.xml]'
2024-10-21 12:22:16 DEBUG o.m.spring.SqlSessionFactoryBean - Parsed mapper file: 'file [C:\Users\sanjay.nair\Desktop\Toray\ojt\target\classes\mappers\UserDetailsMapper.xml]'
2024-10-21 12:22:16 DEBUG o.m.spring.SqlSessionFactoryBean - Parsed mapper file: 'file [C:\Users\sanjay.nair\Desktop\Toray\ojt\target\classes\mappers\UserMapper.xml]'
2024-10-21 12:22:16 DEBUG o.f.c.i.s.classpath.ClassPathScanner - Scanning for classpath resources at 'classpath:db/callback' ...
2024-10-21 12:22:16 DEBUG o.f.c.i.s.classpath.ClassPathScanner - Determining location urls for classpath:db/callback using ClassLoader jdk.internal.loader.ClassLoaders$AppClassLoader@76ed5528 ...
2024-10-21 12:22:16 DEBUG o.f.c.i.s.classpath.ClassPathScanner - Unable to resolve location classpath:db/callback.
2024-10-21 12:22:16 DEBUG o.f.c.i.s.classpath.ClassPathScanner - Scanning for classpath resources at 'classpath:db/migration' ...
2024-10-21 12:22:16 DEBUG o.f.c.i.s.classpath.ClassPathScanner - Determining location urls for classpath:db/migration using ClassLoader jdk.internal.loader.ClassLoaders$AppClassLoader@76ed5528 ...
2024-10-21 12:22:16 DEBUG o.f.c.i.s.classpath.ClassPathScanner - Scanning URL: file:/C:/Users/sanjay.nair/Desktop/Toray/ojt/target/classes/db/migration
2024-10-21 12:22:16 DEBUG o.f.c.i.s.c.FileSystemClassPathLocationScanner - Scanning starting at classpath root in filesystem: C:\Users\sanjay.nair\Desktop\Toray\ojt\target\classes\
2024-10-21 12:22:16 DEBUG o.f.c.i.s.c.FileSystemClassPathLocationScanner - Scanning for resources in path: C:\Users\sanjay.nair\Desktop\Toray\ojt\target\classes\db\migration (db/migration)
2024-10-21 12:22:16 DEBUG o.f.c.i.s.classpath.ClassPathScanner - Found resource: db/migration/V2__create_table_ddl_statements.sql
2024-10-21 12:22:16 DEBUG o.f.c.i.s.classpath.ClassPathScanner - Found resource: db/migration/V3__foreign_key_setup.sql
2024-10-21 12:22:16 DEBUG o.f.c.i.s.classpath.ClassPathScanner - Found resource: db/migration/V4__Initial_Insert.sql
2024-10-21 12:22:16 DEBUG o.f.c.i.s.classpath.ClassPathScanner - Found resource: db/migration/V5__Insert_M_GYOMU_IRAI.sql
2024-10-21 12:22:16 DEBUG o.f.c.i.s.classpath.ClassPathScanner - Found resource: db/migration/V8__Insert_Base_info1.sql
2024-10-21 12:22:16 DEBUG o.f.c.i.s.classpath.ClassPathScanner - Scanning for classes at classpath:db/migration
2024-10-21 12:22:16 DEBUG o.f.c.i.r.ResourceNameValidator - Validating V4__Initial_Insert.sql
2024-10-21 12:22:16 INFO  com.zaxxer.hikari.HikariDataSource - HikariPool-1 - Starting...
2024-10-21 12:22:16 INFO  com.zaxxer.hikari.pool.HikariPool - HikariPool-1 - Added connection oracle.jdbc.driver.T4CConnection@57cabdc3
2024-10-21 12:22:16 INFO  com.zaxxer.hikari.HikariDataSource - HikariPool-1 - Start completed.
2024-10-21 12:22:16 DEBUG o.f.c.i.r.ResourceNameValidator - Validating V8__Insert_Base_info1.sql
2024-10-21 12:22:16 DEBUG o.f.c.i.r.ResourceNameValidator - Validating V3__foreign_key_setup.sql
2024-10-21 12:22:16 DEBUG o.f.c.i.r.ResourceNameValidator - Validating V2__create_table_ddl_statements.sql
2024-10-21 12:22:16 DEBUG o.f.c.i.r.ResourceNameValidator - Validating V5__Insert_M_GYOMU_IRAI.sql
2024-10-21 12:22:16 INFO  org.flywaydb.core.FlywayExecutor - Database: jdbc:oracle:thin:@localhost:1521/test (Oracle 19.0)
2024-10-21 12:22:16 DEBUG org.flywaydb.core.FlywayExecutor - Driver: Oracle JDBC driver 19.8.0.0.0
2024-10-21 12:22:16 DEBUG org.flywaydb.core.FlywayExecutor - DDL Transactions Supported: false
2024-10-21 12:22:16 DEBUG o.f.c.i.s.SchemaHistoryFactory - Schemas: 
2024-10-21 12:22:16 DEBUG o.f.c.i.s.SchemaHistoryFactory - Default schema: null
2024-10-21 12:22:17 DEBUG o.f.c.i.c.SqlScriptCallbackFactory - Scanning for SQL callbacks ...
2024-10-21 12:22:17 DEBUG o.f.core.internal.command.DbValidate - Validating migrations ...
2024-10-21 12:22:17 DEBUG o.f.c.a.c.ClassicConfiguration - CherryPickConfigurationExtension not found
2024-10-21 12:22:17 DEBUG o.f.core.internal.scanner.Scanner - Filtering out resource: db/migration/V4__Initial_Insert.sql (filename: V4__Initial_Insert.sql)
2024-10-21 12:22:17 DEBUG o.f.core.internal.scanner.Scanner - Filtering out resource: db/migration/V8__Insert_Base_info1.sql (filename: V8__Insert_Base_info1.sql)
2024-10-21 12:22:17 DEBUG o.f.core.internal.scanner.Scanner - Filtering out resource: db/migration/V3__foreign_key_setup.sql (filename: V3__foreign_key_setup.sql)
2024-10-21 12:22:17 DEBUG o.f.core.internal.scanner.Scanner - Filtering out resource: db/migration/V2__create_table_ddl_statements.sql (filename: V2__create_table_ddl_statements.sql)
2024-10-21 12:22:17 DEBUG o.f.core.internal.scanner.Scanner - Filtering out resource: db/migration/V5__Insert_M_GYOMU_IRAI.sql (filename: V5__Insert_M_GYOMU_IRAI.sql)
2024-10-21 12:22:17 DEBUG o.f.core.internal.scanner.Scanner - Filtering out resource: db/migration/V4__Initial_Insert.sql (filename: V4__Initial_Insert.sql)
2024-10-21 12:22:17 DEBUG o.f.core.internal.scanner.Scanner - Filtering out resource: db/migration/V8__Insert_Base_info1.sql (filename: V8__Insert_Base_info1.sql)
2024-10-21 12:22:17 DEBUG o.f.core.internal.scanner.Scanner - Filtering out resource: db/migration/V3__foreign_key_setup.sql (filename: V3__foreign_key_setup.sql)
2024-10-21 12:22:17 DEBUG o.f.core.internal.scanner.Scanner - Filtering out resource: db/migration/V2__create_table_ddl_statements.sql (filename: V2__create_table_ddl_statements.sql)
2024-10-21 12:22:17 DEBUG o.f.core.internal.scanner.Scanner - Filtering out resource: db/migration/V5__Insert_M_GYOMU_IRAI.sql (filename: V5__Insert_M_GYOMU_IRAI.sql)
2024-10-21 12:22:17 INFO  o.f.core.internal.command.DbValidate - Successfully validated 6 migrations (execution time 00:00.118s)
2024-10-21 12:22:17 DEBUG o.f.core.internal.command.DbSchemas - Skipping creation of existing schema: "SYS"
2024-10-21 12:22:17 DEBUG o.f.c.a.c.ClassicConfiguration - CherryPickConfigurationExtension not found
2024-10-21 12:22:17 INFO  o.f.core.internal.command.DbMigrate - Current version of schema "SYS": 8
2024-10-21 12:22:17 INFO  o.f.core.internal.command.DbMigrate - Schema "SYS" is up to date. No migration necessary.
2024-10-21 12:22:17 DEBUG org.flywaydb.core.FlywayExecutor - Memory usage: 45 of 58M
2024-10-21 12:22:17 INFO  o.s.s.c.a.a.c.InitializeUserDetailsBeanManagerConfigurer$InitializeUserDetailsManagerConfigurer - Global AuthenticationManager configured with UserDetailsService bean with name customUserDetailsService
2024-10-21 12:22:18 INFO  o.a.coyote.http11.Http11NioProtocol - Starting ProtocolHandler ["http-nio-8080"]
2024-10-21 12:22:18 INFO  o.s.b.w.e.tomcat.TomcatWebServer - Tomcat started on port 8080 (http) with context path '/'
2024-10-21 12:22:18 INFO  com.toray.ojt.OjtApplication - Started OjtApplication in 6.569 seconds (process running for 7.152)
2024-10-21 12:22:23 INFO  o.a.c.c.C.[Tomcat].[localhost].[/] - Initializing Spring DispatcherServlet 'dispatcherServlet'
2024-10-21 12:22:23 INFO  o.s.web.servlet.DispatcherServlet - Initializing Servlet 'dispatcherServlet'
2024-10-21 12:22:23 INFO  o.s.web.servlet.DispatcherServlet - Completed initialization in 0 ms
2024-10-21 12:22:25 DEBUG c.t.o.w.s.i.CustomUserDetailsService - Parameter username: A12345
2024-10-21 12:22:25 DEBUG org.mybatis.spring.SqlSessionUtils - Creating a new SqlSession
2024-10-21 12:22:25 DEBUG org.mybatis.spring.SqlSessionUtils - SqlSession [org.apache.ibatis.session.defaults.DefaultSqlSession@bf24c3a] was not registered for synchronization because synchronization is not active
2024-10-21 12:22:25 DEBUG o.m.s.t.SpringManagedTransaction - JDBC Connection [HikariProxyConnection@976290097 wrapping oracle.jdbc.driver.T4CConnection@57cabdc3] will not be managed by Spring
2024-10-21 12:22:25 DEBUG c.t.o.w.m.UserMapper.findByAccountId - ==>  Preparing: SELECT * FROM BASE_PARTY_ACCOUNT WHERE ACCOUNT_ID = ?
2024-10-21 12:22:25 DEBUG c.t.o.w.m.UserMapper.findByAccountId - ==> Parameters: A12345(String)
2024-10-21 12:22:25 DEBUG c.t.o.w.m.UserMapper.findByAccountId - <==      Total: 1
2024-10-21 12:22:25 DEBUG org.mybatis.spring.SqlSessionUtils - Closing non transactional SqlSession [org.apache.ibatis.session.defaults.DefaultSqlSession@bf24c3a]
2024-10-21 12:22:25 DEBUG c.t.o.w.s.i.CustomUserDetailsService - User Object: com.toray.ojt.web.entity.User@7f9e5c81
2024-10-21 12:22:25 DEBUG c.t.o.w.s.i.CustomUserDetailsService - isExpired: 1
2024-10-21 12:22:25 DEBUG org.mybatis.spring.SqlSessionUtils - Creating a new SqlSession
2024-10-21 12:22:25 DEBUG org.mybatis.spring.SqlSessionUtils - SqlSession [org.apache.ibatis.session.defaults.DefaultSqlSession@1ab26e7f] was not registered for synchronization because synchronization is not active
2024-10-21 12:22:25 DEBUG o.m.s.t.SpringManagedTransaction - JDBC Connection [HikariProxyConnection@374119286 wrapping oracle.jdbc.driver.T4CConnection@57cabdc3] will not be managed by Spring
2024-10-21 12:22:25 DEBUG c.t.o.w.m.B.findAtrributeNameByPartyId - ==>  Preparing: SELECT ATTRIBUTE_NAME FROM BASE_PARTY_ATTRIBUTE WHERE PARTY_ID = ?
2024-10-21 12:22:25 DEBUG c.t.o.w.m.B.findAtrributeNameByPartyId - ==> Parameters: P12345(String)
2024-10-21 12:22:25 DEBUG c.t.o.w.m.B.findAtrributeNameByPartyId - <==      Total: 1
2024-10-21 12:22:25 DEBUG org.mybatis.spring.SqlSessionUtils - Closing non transactional SqlSession [org.apache.ibatis.session.defaults.DefaultSqlSession@1ab26e7f]
2024-10-21 12:22:25 DEBUG c.t.o.w.s.i.CustomUserDetailsService - User role: base_admin
2024-10-21 12:22:25 DEBUG org.mybatis.spring.SqlSessionUtils - Creating a new SqlSession
2024-10-21 12:22:25 DEBUG org.mybatis.spring.SqlSessionUtils - SqlSession [org.apache.ibatis.session.defaults.DefaultSqlSession@7f0283c0] was not registered for synchronization because synchronization is not active
2024-10-21 12:22:25 DEBUG o.m.s.t.SpringManagedTransaction - JDBC Connection [HikariProxyConnection@1408470585 wrapping oracle.jdbc.driver.T4CConnection@57cabdc3] will not be managed by Spring
2024-10-21 12:22:25 DEBUG c.t.o.w.m.U.findUserNameByPartyId - ==>  Preparing: SELECT * FROM BASE_PARTY WHERE PARTY_ID = ?
2024-10-21 12:22:25 DEBUG c.t.o.w.m.U.findUserNameByPartyId - ==> Parameters: P12345(String)
2024-10-21 12:22:25 DEBUG c.t.o.w.m.U.findUserNameByPartyId - <==      Total: 1
2024-10-21 12:22:25 DEBUG org.mybatis.spring.SqlSessionUtils - Closing non transactional SqlSession [org.apache.ibatis.session.defaults.DefaultSqlSession@7f0283c0]
2024-10-21 12:22:25 DEBUG org.mybatis.spring.SqlSessionUtils - Creating a new SqlSession
2024-10-21 12:22:25 DEBUG org.mybatis.spring.SqlSessionUtils - SqlSession [org.apache.ibatis.session.defaults.DefaultSqlSession@133213fe] was not registered for synchronization because synchronization is not active
2024-10-21 12:22:25 DEBUG o.m.s.t.SpringManagedTransaction - JDBC Connection [HikariProxyConnection@993185062 wrapping oracle.jdbc.driver.T4CConnection@57cabdc3] will not be managed by Spring
2024-10-21 12:22:25 DEBUG c.t.o.w.m.UserMapper.findByAccountId - ==>  Preparing: SELECT * FROM BASE_PARTY_ACCOUNT WHERE ACCOUNT_ID = ?
2024-10-21 12:22:25 DEBUG c.t.o.w.m.UserMapper.findByAccountId - ==> Parameters: A12345(String)
2024-10-21 12:22:25 DEBUG c.t.o.w.m.UserMapper.findByAccountId - <==      Total: 1
2024-10-21 12:22:25 DEBUG org.mybatis.spring.SqlSessionUtils - Closing non transactional SqlSession [org.apache.ibatis.session.defaults.DefaultSqlSession@133213fe]
2024-10-21 12:22:25 DEBUG org.mybatis.spring.SqlSessionUtils - Creating a new SqlSession
2024-10-21 12:22:25 DEBUG org.mybatis.spring.SqlSessionUtils - SqlSession [org.apache.ibatis.session.defaults.DefaultSqlSession@3ddc9438] was not registered for synchronization because synchronization is not active
2024-10-21 12:22:25 DEBUG o.m.s.t.SpringManagedTransaction - JDBC Connection [HikariProxyConnection@1371767928 wrapping oracle.jdbc.driver.T4CConnection@57cabdc3] will not be managed by Spring
2024-10-21 12:22:25 DEBUG c.t.o.w.m.U.updateFailedLoginAttempt - ==>  Preparing: UPDATE BASE_PARTY_ACCOUNT SET STATE = CASE WHEN ? IS NOT NULL THEN ? ELSE STATE END, FAILED_LOGIN_ATTEMPTS = CASE WHEN ? IS NOT NULL THEN ? ELSE FAILED_LOGIN_ATTEMPTS END, UPD_TIMESTAMP = CURRENT_TIMESTAMP -- Update timestamp for when the user was updated WHERE ACCOUNT_ID = ?
2024-10-21 12:22:25 DEBUG c.t.o.w.m.U.updateFailedLoginAttempt - ==> Parameters: A(String), A(String), 0(Integer), 0(Integer), A12345(String)
2024-10-21 12:22:25 DEBUG c.t.o.w.m.U.updateFailedLoginAttempt - <==    Updates: 1
2024-10-21 12:22:25 DEBUG org.mybatis.spring.SqlSessionUtils - Closing non transactional SqlSession [org.apache.ibatis.session.defaults.DefaultSqlSession@3ddc9438]
2024-10-21 12:22:25 DEBUG org.mybatis.spring.SqlSessionUtils - Creating a new SqlSession
2024-10-21 12:22:25 DEBUG org.mybatis.spring.SqlSessionUtils - SqlSession [org.apache.ibatis.session.defaults.DefaultSqlSession@4fac187] was not registered for synchronization because synchronization is not active
2024-10-21 12:22:25 DEBUG o.m.s.t.SpringManagedTransaction - JDBC Connection [HikariProxyConnection@1749082209 wrapping oracle.jdbc.driver.T4CConnection@57cabdc3] will not be managed by Spring
2024-10-21 12:22:25 DEBUG c.t.o.w.m.B.findBaseInfo - ==>  Preparing: SELECT TITLE AS title, BEGIN_YMD AS beginYmd, IMPORTANT_FLG AS importantFlg FROM BASE_INFO WHERE CURRENT_DATE BETWEEN BEGIN_YMD AND END_YMD ORDER BY IMPORTANT_FLG desc
2024-10-21 12:22:25 DEBUG c.t.o.w.m.B.findBaseInfo - ==> Parameters: 
2024-10-21 12:22:25 DEBUG c.t.o.w.m.B.findBaseInfo - <==      Total: 3
2024-10-21 12:22:25 DEBUG org.mybatis.spring.SqlSessionUtils - Closing non transactional SqlSession [org.apache.ibatis.session.defaults.DefaultSqlSession@4fac187]
2024-10-21 12:22:25 DEBUG org.mybatis.spring.SqlSessionUtils - Creating a new SqlSession
2024-10-21 12:22:25 DEBUG org.mybatis.spring.SqlSessionUtils - SqlSession [org.apache.ibatis.session.defaults.DefaultSqlSession@37a38777] was not registered for synchronization because synchronization is not active
2024-10-21 12:22:25 DEBUG o.m.s.t.SpringManagedTransaction - JDBC Connection [HikariProxyConnection@1862824970 wrapping oracle.jdbc.driver.T4CConnection@57cabdc3] will not be managed by Spring
2024-10-21 12:22:25 DEBUG c.t.o.w.m.TGuideMapper.findTGuide - ==>  Preparing: SELECT TITLE AS title, BEGIN_YMD AS beginYmd, IMPORTANT_FLG AS importantFlg FROM T_GUIDE WHERE CURRENT_DATE BETWEEN BEGIN_YMD AND END_YMD ORDER BY IMPORTANT_FLG desc
2024-10-21 12:22:25 DEBUG c.t.o.w.m.TGuideMapper.findTGuide - ==> Parameters: 
2024-10-21 12:22:25 DEBUG c.t.o.w.m.TGuideMapper.findTGuide - <==      Total: 1
2024-10-21 12:22:25 DEBUG org.mybatis.spring.SqlSessionUtils - Closing non transactional SqlSession [org.apache.ibatis.session.defaults.DefaultSqlSession@37a38777]
2024-10-21 12:22:25 DEBUG org.mybatis.spring.SqlSessionUtils - Creating a new SqlSession
2024-10-21 12:22:25 DEBUG org.mybatis.spring.SqlSessionUtils - SqlSession [org.apache.ibatis.session.defaults.DefaultSqlSession@495adf7d] was not registered for synchronization because synchronization is not active
2024-10-21 12:22:25 DEBUG o.m.s.t.SpringManagedTransaction - JDBC Connection [HikariProxyConnection@2007101040 wrapping oracle.jdbc.driver.T4CConnection@57cabdc3] will not be managed by Spring
2024-10-21 12:22:25 DEBUG c.t.o.w.m.T.findToDoByLocale - ==>  Preparing: SELECT T1.GYOMU_CD || '-' || T1.CYCLE_NO AS gyomuCd, T1.SHUSHU_TXT AS shushuTxt, TO_CHAR(TO_DATE(T1.SHIMEKIRI_YMD, 'YYYY-MM-DD'), 'yyyy/mm/dd') AS shimekiriYMD, T1.IRAI_STATUS AS iraiStatus, T1.SEQ_IRAI AS seqIrai, COALESCE(T2.KAITO_STATUS, 'N/A') AS kaitoStatus, COALESCE(T3.USER_KBN, 'Unknown') AS userKbn, COALESCE(T3.USERID, 'Unknown') AS userId, COALESCE(T4.PARTY_NAME_EN, 'No Party') AS partyNameEn, COALESCE(T5.CODE_VALUE1, 'No Value') AS codeValue1, (SELECT COUNT(*) FROM T_IRAI) AS requestTotal FROM T_IRAI T1 LEFT JOIN T_KAITO T2 ON T1.SEQ_IRAI = T2.SEQ_IRAI LEFT JOIN T_KAITO_USER T3 ON T2.SEQ_KAITO = T3.SEQ_KAITO LEFT JOIN BASE_PARTY T4 ON T3.USERID = T4.PARTY_ID LEFT JOIN BASE_CODE T5 ON T2.KAITO_STATUS = T5.CODE AND T5.CODE_KIND = 'KAITO_STATUS' AND T5.LOCALE = ? ORDER BY shimekiriYMD
2024-10-21 12:22:25 DEBUG c.t.o.w.m.T.findToDoByLocale - ==> Parameters: en(String)
2024-10-21 12:22:25 DEBUG c.t.o.w.m.T.findToDoByLocale - <==      Total: 1
2024-10-21 12:22:25 DEBUG org.mybatis.spring.SqlSessionUtils - Closing non transactional SqlSession [org.apache.ibatis.session.defaults.DefaultSqlSession@495adf7d]
2024-10-21 12:22:25 DEBUG org.mybatis.spring.SqlSessionUtils - Creating a new SqlSession
2024-10-21 12:22:25 DEBUG org.mybatis.spring.SqlSessionUtils - SqlSession [org.apache.ibatis.session.defaults.DefaultSqlSession@d2c469] was not registered for synchronization because synchronization is not active
2024-10-21 12:22:25 DEBUG o.m.s.t.SpringManagedTransaction - JDBC Connection [HikariProxyConnection@1678867522 wrapping oracle.jdbc.driver.T4CConnection@57cabdc3] will not be managed by Spring
2024-10-21 12:22:25 DEBUG c.t.o.w.m.T.findToDoByLocale - ==>  Preparing: SELECT T1.GYOMU_CD || '-' || T1.CYCLE_NO AS gyomuCd, T1.SHUSHU_TXT AS shushuTxt, TO_CHAR(TO_DATE(T1.SHIMEKIRI_YMD, 'YYYY-MM-DD'), 'yyyy/mm/dd') AS shimekiriYMD, T1.IRAI_STATUS AS iraiStatus, T1.SEQ_IRAI AS seqIrai, COALESCE(T2.KAITO_STATUS, 'N/A') AS kaitoStatus, COALESCE(T3.USER_KBN, 'Unknown') AS userKbn, COALESCE(T3.USERID, 'Unknown') AS userId, COALESCE(T4.PARTY_NAME_EN, 'No Party') AS partyNameEn, COALESCE(T5.CODE_VALUE1, 'No Value') AS codeValue1, (SELECT COUNT(*) FROM T_IRAI) AS requestTotal FROM T_IRAI T1 LEFT JOIN T_KAITO T2 ON T1.SEQ_IRAI = T2.SEQ_IRAI LEFT JOIN T_KAITO_USER T3 ON T2.SEQ_KAITO = T3.SEQ_KAITO LEFT JOIN BASE_PARTY T4 ON T3.USERID = T4.PARTY_ID LEFT JOIN BASE_CODE T5 ON T2.KAITO_STATUS = T5.CODE AND T5.CODE_KIND = 'KAITO_STATUS' AND T5.LOCALE = ? ORDER BY shimekiriYMD
2024-10-21 12:22:25 DEBUG c.t.o.w.m.T.findToDoByLocale - ==> Parameters: en(String)
2024-10-21 12:22:25 DEBUG c.t.o.w.m.T.findToDoByLocale - <==      Total: 1
2024-10-21 12:22:25 DEBUG org.mybatis.spring.SqlSessionUtils - Closing non transactional SqlSession [org.apache.ibatis.session.defaults.DefaultSqlSession@d2c469]
2024-10-21 12:22:26 WARN  o.s.w.s.m.s.DefaultHandlerExceptionResolver - Resolved [org.springframework.web.HttpRequestMethodNotSupportedException: Request method 'GET' is not supported]
2024-10-21 12:22:27 INFO  c.t.o.w.c.BaseInfoController - Fetching notices ...
2024-10-21 12:22:27 DEBUG org.mybatis.spring.SqlSessionUtils - Creating a new SqlSession
2024-10-21 12:22:27 DEBUG org.mybatis.spring.SqlSessionUtils - SqlSession [org.apache.ibatis.session.defaults.DefaultSqlSession@360a3b50] was not registered for synchronization because synchronization is not active
2024-10-21 12:22:27 DEBUG o.m.s.t.SpringManagedTransaction - JDBC Connection [HikariProxyConnection@1624203573 wrapping oracle.jdbc.driver.T4CConnection@57cabdc3] will not be managed by Spring
2024-10-21 12:22:27 DEBUG c.t.o.w.m.BaseInfoMapper.getBaseInfo - ==>  Preparing: SELECT Title as title, Text as text, Important_Flg as importantFlg,END_YMD as endYmd,BEGIN_YMD as beginYmd,UPD_TIMESTAMP as updTimestamp,SEQ_INFO as seqInfo,UPD_USERID as updUserId FROM base_info
2024-10-21 12:22:27 DEBUG c.t.o.w.m.BaseInfoMapper.getBaseInfo - ==> Parameters: 
2024-10-21 12:22:27 DEBUG c.t.o.w.m.BaseInfoMapper.getBaseInfo - <==      Total: 5
2024-10-21 12:22:27 DEBUG org.mybatis.spring.SqlSessionUtils - Closing non transactional SqlSession [org.apache.ibatis.session.defaults.DefaultSqlSession@360a3b50]
2024-10-21 12:22:27 DEBUG c.t.o.w.c.BaseInfoController - Fetched 5 base info records
2024-10-21 12:22:27 INFO  c.t.o.w.c.BaseInfoController - Fetching user who updated notices...
2024-10-21 12:22:27 DEBUG c.t.o.w.c.BaseInfoController - Fetching user name for updUserId: P12345
2024-10-21 12:22:27 DEBUG org.mybatis.spring.SqlSessionUtils - Creating a new SqlSession
2024-10-21 12:22:27 DEBUG org.mybatis.spring.SqlSessionUtils - SqlSession [org.apache.ibatis.session.defaults.DefaultSqlSession@d283b6c] was not registered for synchronization because synchronization is not active
2024-10-21 12:22:27 DEBUG o.m.s.t.SpringManagedTransaction - JDBC Connection [HikariProxyConnection@1451451951 wrapping oracle.jdbc.driver.T4CConnection@57cabdc3] will not be managed by Spring
2024-10-21 12:22:27 DEBUG c.t.o.w.m.U.findUserNameOnlyByPartyId - ==>  Preparing: SELECT PARTY_ID as partyId,PARTY_NAME_KJ as partyNameKj,PARTY_NAME_KN as partyNameKn,PARTY_NAME_EN as partyNameEn FROM BASE_PARTY WHERE PARTY_ID = ?
2024-10-21 12:22:27 DEBUG c.t.o.w.m.U.findUserNameOnlyByPartyId - ==> Parameters: P12345(String)
2024-10-21 12:22:27 DEBUG c.t.o.w.m.U.findUserNameOnlyByPartyId - <==      Total: 1
2024-10-21 12:22:27 DEBUG org.mybatis.spring.SqlSessionUtils - Closing non transactional SqlSession [org.apache.ibatis.session.defaults.DefaultSqlSession@d283b6c]
2024-10-21 12:22:27 DEBUG c.t.o.w.c.BaseInfoController - Fetching user name for updUserId: P67890
2024-10-21 12:22:27 DEBUG org.mybatis.spring.SqlSessionUtils - Creating a new SqlSession
2024-10-21 12:22:27 DEBUG org.mybatis.spring.SqlSessionUtils - SqlSession [org.apache.ibatis.session.defaults.DefaultSqlSession@3fd8c87f] was not registered for synchronization because synchronization is not active
2024-10-21 12:22:27 DEBUG o.m.s.t.SpringManagedTransaction - JDBC Connection [HikariProxyConnection@740089284 wrapping oracle.jdbc.driver.T4CConnection@57cabdc3] will not be managed by Spring
2024-10-21 12:22:27 DEBUG c.t.o.w.m.U.findUserNameOnlyByPartyId - ==>  Preparing: SELECT PARTY_ID as partyId,PARTY_NAME_KJ as partyNameKj,PARTY_NAME_KN as partyNameKn,PARTY_NAME_EN as partyNameEn FROM BASE_PARTY WHERE PARTY_ID = ?
2024-10-21 12:22:27 DEBUG c.t.o.w.m.U.findUserNameOnlyByPartyId - ==> Parameters: P67890(String)
2024-10-21 12:22:27 DEBUG c.t.o.w.m.U.findUserNameOnlyByPartyId - <==      Total: 1
2024-10-21 12:22:27 DEBUG org.mybatis.spring.SqlSessionUtils - Closing non transactional SqlSession [org.apache.ibatis.session.defaults.DefaultSqlSession@3fd8c87f]
2024-10-21 12:22:27 DEBUG c.t.o.w.c.BaseInfoController - Fetching user name for updUserId: P12345
2024-10-21 12:22:27 DEBUG org.mybatis.spring.SqlSessionUtils - Creating a new SqlSession
2024-10-21 12:22:27 DEBUG org.mybatis.spring.SqlSessionUtils - SqlSession [org.apache.ibatis.session.defaults.DefaultSqlSession@67a60304] was not registered for synchronization because synchronization is not active
2024-10-21 12:22:27 DEBUG o.m.s.t.SpringManagedTransaction - JDBC Connection [HikariProxyConnection@1744340183 wrapping oracle.jdbc.driver.T4CConnection@57cabdc3] will not be managed by Spring
2024-10-21 12:22:27 DEBUG c.t.o.w.m.U.findUserNameOnlyByPartyId - ==>  Preparing: SELECT PARTY_ID as partyId,PARTY_NAME_KJ as partyNameKj,PARTY_NAME_KN as partyNameKn,PARTY_NAME_EN as partyNameEn FROM BASE_PARTY WHERE PARTY_ID = ?
2024-10-21 12:22:27 DEBUG c.t.o.w.m.U.findUserNameOnlyByPartyId - ==> Parameters: P12345(String)
2024-10-21 12:22:27 DEBUG c.t.o.w.m.U.findUserNameOnlyByPartyId - <==      Total: 1
2024-10-21 12:22:27 DEBUG org.mybatis.spring.SqlSessionUtils - Closing non transactional SqlSession [org.apache.ibatis.session.defaults.DefaultSqlSession@67a60304]
2024-10-21 12:22:27 DEBUG c.t.o.w.c.BaseInfoController - Fetching user name for updUserId: P12345
2024-10-21 12:22:27 DEBUG org.mybatis.spring.SqlSessionUtils - Creating a new SqlSession
2024-10-21 12:22:27 DEBUG org.mybatis.spring.SqlSessionUtils - SqlSession [org.apache.ibatis.session.defaults.DefaultSqlSession@56fe9281] was not registered for synchronization because synchronization is not active
2024-10-21 12:22:27 DEBUG o.m.s.t.SpringManagedTransaction - JDBC Connection [HikariProxyConnection@943886545 wrapping oracle.jdbc.driver.T4CConnection@57cabdc3] will not be managed by Spring
2024-10-21 12:22:27 DEBUG c.t.o.w.m.U.findUserNameOnlyByPartyId - ==>  Preparing: SELECT PARTY_ID as partyId,PARTY_NAME_KJ as partyNameKj,PARTY_NAME_KN as partyNameKn,PARTY_NAME_EN as partyNameEn FROM BASE_PARTY WHERE PARTY_ID = ?
2024-10-21 12:22:27 DEBUG c.t.o.w.m.U.findUserNameOnlyByPartyId - ==> Parameters: P12345(String)
2024-10-21 12:22:27 DEBUG c.t.o.w.m.U.findUserNameOnlyByPartyId - <==      Total: 1
2024-10-21 12:22:27 DEBUG org.mybatis.spring.SqlSessionUtils - Closing non transactional SqlSession [org.apache.ibatis.session.defaults.DefaultSqlSession@56fe9281]
2024-10-21 12:22:27 DEBUG c.t.o.w.c.BaseInfoController - Fetching user name for updUserId: P12345
2024-10-21 12:22:27 DEBUG org.mybatis.spring.SqlSessionUtils - Creating a new SqlSession
2024-10-21 12:22:27 DEBUG org.mybatis.spring.SqlSessionUtils - SqlSession [org.apache.ibatis.session.defaults.DefaultSqlSession@772a37a4] was not registered for synchronization because synchronization is not active
2024-10-21 12:22:27 DEBUG o.m.s.t.SpringManagedTransaction - JDBC Connection [HikariProxyConnection@1965582913 wrapping oracle.jdbc.driver.T4CConnection@57cabdc3] will not be managed by Spring
2024-10-21 12:22:27 DEBUG c.t.o.w.m.U.findUserNameOnlyByPartyId - ==>  Preparing: SELECT PARTY_ID as partyId,PARTY_NAME_KJ as partyNameKj,PARTY_NAME_KN as partyNameKn,PARTY_NAME_EN as partyNameEn FROM BASE_PARTY WHERE PARTY_ID = ?
2024-10-21 12:22:27 DEBUG c.t.o.w.m.U.findUserNameOnlyByPartyId - ==> Parameters: P12345(String)
2024-10-21 12:22:27 DEBUG c.t.o.w.m.U.findUserNameOnlyByPartyId - <==      Total: 1
2024-10-21 12:22:27 DEBUG org.mybatis.spring.SqlSessionUtils - Closing non transactional SqlSession [org.apache.ibatis.session.defaults.DefaultSqlSession@772a37a4]
2024-10-21 12:22:28 WARN  o.s.w.s.m.s.DefaultHandlerExceptionResolver - Resolved [org.springframework.web.HttpRequestMethodNotSupportedException: Request method 'GET' is not supported]
2024-10-21 12:22:29 DEBUG org.mybatis.spring.SqlSessionUtils - Creating a new SqlSession
2024-10-21 12:22:29 DEBUG org.mybatis.spring.SqlSessionUtils - Registering transaction synchronization for SqlSession [org.apache.ibatis.session.defaults.DefaultSqlSession@5a168a48]
2024-10-21 12:22:29 DEBUG o.m.s.t.SpringManagedTransaction - JDBC Connection [HikariProxyConnection@291610779 wrapping oracle.jdbc.driver.T4CConnection@57cabdc3] will be managed by Spring
2024-10-21 12:22:29 DEBUG c.t.o.w.m.BaseInfoMapper.fetchRoles - ==>  Preparing: SELECT ROLE, ROLE_NAME as roleName FROM base_info_view_role_name
2024-10-21 12:22:29 DEBUG c.t.o.w.m.BaseInfoMapper.fetchRoles - ==> Parameters: 
2024-10-21 12:22:29 DEBUG c.t.o.w.m.BaseInfoMapper.fetchRoles - <==      Total: 1
2024-10-21 12:22:29 DEBUG org.mybatis.spring.SqlSessionUtils - Releasing transactional SqlSession [org.apache.ibatis.session.defaults.DefaultSqlSession@5a168a48]
2024-10-21 12:22:29 DEBUG org.mybatis.spring.SqlSessionUtils - Transaction synchronization committing SqlSession [org.apache.ibatis.session.defaults.DefaultSqlSession@5a168a48]
2024-10-21 12:22:29 DEBUG org.mybatis.spring.SqlSessionUtils - Transaction synchronization deregistering SqlSession [org.apache.ibatis.session.defaults.DefaultSqlSession@5a168a48]
2024-10-21 12:22:29 DEBUG org.mybatis.spring.SqlSessionUtils - Transaction synchronization closing SqlSession [org.apache.ibatis.session.defaults.DefaultSqlSession@5a168a48]
2024-10-21 12:22:30 DEBUG org.mybatis.spring.SqlSessionUtils - Creating a new SqlSession
2024-10-21 12:22:30 DEBUG org.mybatis.spring.SqlSessionUtils - SqlSession [org.apache.ibatis.session.defaults.DefaultSqlSession@242d1198] was not registered for synchronization because synchronization is not active
2024-10-21 12:22:30 DEBUG o.m.s.t.SpringManagedTransaction - JDBC Connection [HikariProxyConnection@290269747 wrapping oracle.jdbc.driver.T4CConnection@57cabdc3] will not be managed by Spring
2024-10-21 12:22:30 DEBUG c.t.o.w.m.B.searchBaseInfoWithPagination - ==>  Preparing: SELECT Title as title, Text as text, Important_Flg as importantFlg, END_YMD as endYmd, BEGIN_YMD as beginYmd, UPD_TIMESTAMP as updTimestamp, SEQ_INFO as seqInfo FROM base_info WHERE 1=1 ORDER BY CASE WHEN important_flg = 'Y' THEN 1 ELSE 0 END DESC OFFSET ? ROWS FETCH NEXT ? ROWS ONLY
2024-10-21 12:22:30 DEBUG c.t.o.w.m.B.searchBaseInfoWithPagination - ==> Parameters: 0(Integer), 6(Integer)
2024-10-21 12:22:30 DEBUG c.t.o.w.m.B.searchBaseInfoWithPagination - <==      Total: 5
2024-10-21 12:22:30 DEBUG org.mybatis.spring.SqlSessionUtils - Closing non transactional SqlSession [org.apache.ibatis.session.defaults.DefaultSqlSession@242d1198]
2024-10-21 12:22:30 DEBUG org.mybatis.spring.SqlSessionUtils - Creating a new SqlSession
2024-10-21 12:22:30 DEBUG org.mybatis.spring.SqlSessionUtils - SqlSession [org.apache.ibatis.session.defaults.DefaultSqlSession@45d48d4b] was not registered for synchronization because synchronization is not active
2024-10-21 12:22:30 DEBUG o.m.s.t.SpringManagedTransaction - JDBC Connection [HikariProxyConnection@375442590 wrapping oracle.jdbc.driver.T4CConnection@57cabdc3] will not be managed by Spring
2024-10-21 12:22:30 DEBUG c.t.o.w.m.B.countBaseInfoSearchResults - ==>  Preparing: SELECT COUNT(*) FROM base_info WHERE 1=1
2024-10-21 12:22:30 DEBUG c.t.o.w.m.B.countBaseInfoSearchResults - ==> Parameters: 
2024-10-21 12:22:30 DEBUG c.t.o.w.m.B.countBaseInfoSearchResults - <==      Total: 1
2024-10-21 12:22:30 DEBUG org.mybatis.spring.SqlSessionUtils - Closing non transactional SqlSession [org.apache.ibatis.session.defaults.DefaultSqlSession@45d48d4b]
2024-10-21 12:22:30 DEBUG org.mybatis.spring.SqlSessionUtils - Creating a new SqlSession
2024-10-21 12:22:30 DEBUG org.mybatis.spring.SqlSessionUtils - Creating a new SqlSession
2024-10-21 12:22:30 DEBUG org.mybatis.spring.SqlSessionUtils - SqlSession [org.apache.ibatis.session.defaults.DefaultSqlSession@7e8ab5d6] was not registered for synchronization because synchronization is not active
2024-10-21 12:22:30 DEBUG org.mybatis.spring.SqlSessionUtils - Creating a new SqlSession
2024-10-21 12:22:30 DEBUG org.mybatis.spring.SqlSessionUtils - SqlSession [org.apache.ibatis.session.defaults.DefaultSqlSession@24959fb7] was not registered for synchronization because synchronization is not active
2024-10-21 12:22:30 DEBUG o.m.s.t.SpringManagedTransaction - JDBC Connection [HikariProxyConnection@1906602462 wrapping oracle.jdbc.driver.T4CConnection@57cabdc3] will not be managed by Spring
2024-10-21 12:22:30 DEBUG org.mybatis.spring.SqlSessionUtils - SqlSession [org.apache.ibatis.session.defaults.DefaultSqlSession@73027466] was not registered for synchronization because synchronization is not active
2024-10-21 12:22:30 DEBUG org.mybatis.spring.SqlSessionUtils - Creating a new SqlSession
2024-10-21 12:22:30 DEBUG org.mybatis.spring.SqlSessionUtils - Creating a new SqlSession
2024-10-21 12:22:30 DEBUG c.t.o.w.m.B.getRolesBySeqInfo - ==>  Preparing: SELECT ROLE AS role FROM BASE_INFO_VIEW_ROLE WHERE SEQ_INFO = ?
2024-10-21 12:22:30 DEBUG org.mybatis.spring.SqlSessionUtils - SqlSession [org.apache.ibatis.session.defaults.DefaultSqlSession@4e947aa7] was not registered for synchronization because synchronization is not active
2024-10-21 12:22:30 DEBUG org.mybatis.spring.SqlSessionUtils - SqlSession [org.apache.ibatis.session.defaults.DefaultSqlSession@59f25dce] was not registered for synchronization because synchronization is not active
2024-10-21 12:22:30 DEBUG o.m.s.t.SpringManagedTransaction - JDBC Connection [HikariProxyConnection@1769515847 wrapping oracle.jdbc.driver.T4CConnection@6bda0c85] will not be managed by Spring
2024-10-21 12:22:30 DEBUG c.t.o.w.m.B.getRolesBySeqInfo - ==>  Preparing: SELECT ROLE AS role FROM BASE_INFO_VIEW_ROLE WHERE SEQ_INFO = ?
2024-10-21 12:22:30 DEBUG o.m.s.t.SpringManagedTransaction - JDBC Connection [HikariProxyConnection@1347247354 wrapping oracle.jdbc.driver.T4CConnection@208232ea] will not be managed by Spring
2024-10-21 12:22:30 DEBUG c.t.o.w.m.B.getRolesBySeqInfo - ==>  Preparing: SELECT ROLE AS role FROM BASE_INFO_VIEW_ROLE WHERE SEQ_INFO = ?
2024-10-21 12:22:30 DEBUG o.m.s.t.SpringManagedTransaction - JDBC Connection [HikariProxyConnection@2021987768 wrapping oracle.jdbc.driver.T4CConnection@7bec9720] will not be managed by Spring
2024-10-21 12:22:30 DEBUG c.t.o.w.m.B.getRolesBySeqInfo - ==>  Preparing: SELECT ROLE AS role FROM BASE_INFO_VIEW_ROLE WHERE SEQ_INFO = ?
2024-10-21 12:22:30 DEBUG o.m.s.t.SpringManagedTransaction - JDBC Connection [HikariProxyConnection@995347911 wrapping oracle.jdbc.driver.T4CConnection@5808c6b8] will not be managed by Spring
2024-10-21 12:22:30 DEBUG c.t.o.w.m.B.getRolesBySeqInfo - ==>  Preparing: SELECT ROLE AS role FROM BASE_INFO_VIEW_ROLE WHERE SEQ_INFO = ?
2024-10-21 12:22:30 DEBUG c.t.o.w.m.B.getRolesBySeqInfo - ==> Parameters: 1005(Long)
2024-10-21 12:22:30 DEBUG c.t.o.w.m.B.getRolesBySeqInfo - ==> Parameters: 1(Long)
2024-10-21 12:22:30 DEBUG c.t.o.w.m.B.getRolesBySeqInfo - ==> Parameters: 2(Long)
2024-10-21 12:22:30 DEBUG c.t.o.w.m.B.getRolesBySeqInfo - ==> Parameters: 1006(Long)
2024-10-21 12:22:30 DEBUG c.t.o.w.m.B.getRolesBySeqInfo - ==> Parameters: 3(Long)
2024-10-21 12:22:30 DEBUG c.t.o.w.m.B.getRolesBySeqInfo - <==      Total: 0
2024-10-21 12:22:30 DEBUG org.mybatis.spring.SqlSessionUtils - Closing non transactional SqlSession [org.apache.ibatis.session.defaults.DefaultSqlSession@59f25dce]
2024-10-21 12:22:30 DEBUG c.t.o.w.m.B.getRolesBySeqInfo - <==      Total: 1
2024-10-21 12:22:30 DEBUG c.t.o.w.m.B.getRolesBySeqInfo - <==      Total: 0
2024-10-21 12:22:30 DEBUG c.t.o.w.m.B.getRolesBySeqInfo - <==      Total: 1
2024-10-21 12:22:30 DEBUG org.mybatis.spring.SqlSessionUtils - Closing non transactional SqlSession [org.apache.ibatis.session.defaults.DefaultSqlSession@7e8ab5d6]
2024-10-21 12:22:30 DEBUG org.mybatis.spring.SqlSessionUtils - Closing non transactional SqlSession [org.apache.ibatis.session.defaults.DefaultSqlSession@73027466]
2024-10-21 12:22:30 DEBUG c.t.o.w.m.B.getRolesBySeqInfo - <==      Total: 1
2024-10-21 12:22:30 DEBUG org.mybatis.spring.SqlSessionUtils - Closing non transactional SqlSession [org.apache.ibatis.session.defaults.DefaultSqlSession@4e947aa7]
2024-10-21 12:22:30 DEBUG org.mybatis.spring.SqlSessionUtils - Closing non transactional SqlSession [org.apache.ibatis.session.defaults.DefaultSqlSession@24959fb7]
2024-10-21 12:22:43 INFO  com.zaxxer.hikari.HikariDataSource - HikariPool-1 - Shutdown initiated...
2024-10-21 12:22:43 INFO  com.zaxxer.hikari.HikariDataSource - HikariPool-1 - Shutdown completed.
2024-10-21 12:22:46 INFO  o.h.validator.internal.util.Version - HV000001: Hibernate Validator 8.0.1.Final
2024-10-21 12:22:46 INFO  com.toray.ojt.OjtApplication - Starting OjtApplication using Java 21.0.4 with PID 10324 (C:\Users\sanjay.nair\Desktop\Toray\ojt\target\classes started by sanjay.nair in C:\Users\sanjay.nair\Desktop\Toray\ojt)
2024-10-21 12:22:46 DEBUG com.toray.ojt.OjtApplication - Running with Spring Boot v3.3.4, Spring v6.1.13
2024-10-21 12:22:46 INFO  com.toray.ojt.OjtApplication - No active profile set, falling back to 1 default profile: "default"
2024-10-21 12:22:47 DEBUG o.m.s.mapper.ClassPathMapperScanner - Identified candidate component class: file [C:\Users\sanjay.nair\Desktop\Toray\ojt\target\classes\com\toray\ojt\web\mapper\BaseAttributeMapper.class]
2024-10-21 12:22:47 DEBUG o.m.s.mapper.ClassPathMapperScanner - Identified candidate component class: file [C:\Users\sanjay.nair\Desktop\Toray\ojt\target\classes\com\toray\ojt\web\mapper\BaseInfoMapper.class]
2024-10-21 12:22:47 DEBUG o.m.s.mapper.ClassPathMapperScanner - Identified candidate component class: file [C:\Users\sanjay.nair\Desktop\Toray\ojt\target\classes\com\toray\ojt\web\mapper\TGuideMapper.class]
2024-10-21 12:22:47 DEBUG o.m.s.mapper.ClassPathMapperScanner - Identified candidate component class: file [C:\Users\sanjay.nair\Desktop\Toray\ojt\target\classes\com\toray\ojt\web\mapper\ToDoMapper.class]
2024-10-21 12:22:47 DEBUG o.m.s.mapper.ClassPathMapperScanner - Identified candidate component class: file [C:\Users\sanjay.nair\Desktop\Toray\ojt\target\classes\com\toray\ojt\web\mapper\UserDetailsMapper.class]
2024-10-21 12:22:47 DEBUG o.m.s.mapper.ClassPathMapperScanner - Identified candidate component class: file [C:\Users\sanjay.nair\Desktop\Toray\ojt\target\classes\com\toray\ojt\web\mapper\UserMapper.class]
2024-10-21 12:22:47 DEBUG o.m.s.mapper.ClassPathMapperScanner - Creating MapperFactoryBean with name 'baseAttributeMapper' and 'com.toray.ojt.web.mapper.BaseAttributeMapper' mapperInterface
2024-10-21 12:22:47 DEBUG o.m.s.mapper.ClassPathMapperScanner - Enabling autowire by type for MapperFactoryBean with name 'baseAttributeMapper'.
2024-10-21 12:22:47 DEBUG o.m.s.mapper.ClassPathMapperScanner - Creating MapperFactoryBean with name 'baseInfoMapper' and 'com.toray.ojt.web.mapper.BaseInfoMapper' mapperInterface
2024-10-21 12:22:47 DEBUG o.m.s.mapper.ClassPathMapperScanner - Enabling autowire by type for MapperFactoryBean with name 'baseInfoMapper'.
2024-10-21 12:22:47 DEBUG o.m.s.mapper.ClassPathMapperScanner - Creating MapperFactoryBean with name 'TGuideMapper' and 'com.toray.ojt.web.mapper.TGuideMapper' mapperInterface
2024-10-21 12:22:47 DEBUG o.m.s.mapper.ClassPathMapperScanner - Enabling autowire by type for MapperFactoryBean with name 'TGuideMapper'.
2024-10-21 12:22:47 DEBUG o.m.s.mapper.ClassPathMapperScanner - Creating MapperFactoryBean with name 'toDoMapper' and 'com.toray.ojt.web.mapper.ToDoMapper' mapperInterface
2024-10-21 12:22:47 DEBUG o.m.s.mapper.ClassPathMapperScanner - Enabling autowire by type for MapperFactoryBean with name 'toDoMapper'.
2024-10-21 12:22:47 DEBUG o.m.s.mapper.ClassPathMapperScanner - Creating MapperFactoryBean with name 'userDetailsMapper' and 'com.toray.ojt.web.mapper.UserDetailsMapper' mapperInterface
2024-10-21 12:22:47 DEBUG o.m.s.mapper.ClassPathMapperScanner - Enabling autowire by type for MapperFactoryBean with name 'userDetailsMapper'.
2024-10-21 12:22:47 DEBUG o.m.s.mapper.ClassPathMapperScanner - Creating MapperFactoryBean with name 'userMapper' and 'com.toray.ojt.web.mapper.UserMapper' mapperInterface
2024-10-21 12:22:47 DEBUG o.m.s.mapper.ClassPathMapperScanner - Enabling autowire by type for MapperFactoryBean with name 'userMapper'.
2024-10-21 12:22:48 INFO  o.s.b.w.e.tomcat.TomcatWebServer - Tomcat initialized with port 8080 (http)
2024-10-21 12:22:48 INFO  o.a.coyote.http11.Http11NioProtocol - Initializing ProtocolHandler ["http-nio-8080"]
2024-10-21 12:22:48 INFO  o.a.catalina.core.StandardService - Starting service [Tomcat]
2024-10-21 12:22:48 INFO  o.a.catalina.core.StandardEngine - Starting Servlet engine: [Apache Tomcat/10.1.30]
2024-10-21 12:22:48 INFO  o.a.c.c.C.[Tomcat].[localhost].[/] - Initializing Spring embedded WebApplicationContext
2024-10-21 12:22:48 INFO  o.s.b.w.s.c.ServletWebServerApplicationContext - Root WebApplicationContext: initialization completed in 2290 ms
2024-10-21 12:22:49 DEBUG o.m.spring.SqlSessionFactoryBean - Property 'configuration' or 'configLocation' not specified, using default MyBatis Configuration
2024-10-21 12:22:49 DEBUG o.m.spring.SqlSessionFactoryBean - Parsed mapper file: 'file [C:\Users\sanjay.nair\Desktop\Toray\ojt\target\classes\mappers\BaseAttributeMapper.xml]'
2024-10-21 12:22:49 DEBUG o.m.spring.SqlSessionFactoryBean - Parsed mapper file: 'file [C:\Users\sanjay.nair\Desktop\Toray\ojt\target\classes\mappers\BaseInfo.xml]'
2024-10-21 12:22:49 DEBUG o.m.spring.SqlSessionFactoryBean - Parsed mapper file: 'file [C:\Users\sanjay.nair\Desktop\Toray\ojt\target\classes\mappers\BaseInfoMapper.xml]'
2024-10-21 12:22:49 DEBUG o.m.spring.SqlSessionFactoryBean - Parsed mapper file: 'file [C:\Users\sanjay.nair\Desktop\Toray\ojt\target\classes\mappers\TGuideMapper.xml]'
2024-10-21 12:22:49 DEBUG o.m.spring.SqlSessionFactoryBean - Parsed mapper file: 'file [C:\Users\sanjay.nair\Desktop\Toray\ojt\target\classes\mappers\ToDoMapper.xml]'
2024-10-21 12:22:49 DEBUG o.m.spring.SqlSessionFactoryBean - Parsed mapper file: 'file [C:\Users\sanjay.nair\Desktop\Toray\ojt\target\classes\mappers\UserDetailsMapper.xml]'
2024-10-21 12:22:49 DEBUG o.m.spring.SqlSessionFactoryBean - Parsed mapper file: 'file [C:\Users\sanjay.nair\Desktop\Toray\ojt\target\classes\mappers\UserMapper.xml]'
2024-10-21 12:22:49 DEBUG o.f.c.i.s.classpath.ClassPathScanner - Scanning for classpath resources at 'classpath:db/callback' ...
2024-10-21 12:22:49 DEBUG o.f.c.i.s.classpath.ClassPathScanner - Determining location urls for classpath:db/callback using ClassLoader jdk.internal.loader.ClassLoaders$AppClassLoader@76ed5528 ...
2024-10-21 12:22:49 DEBUG o.f.c.i.s.classpath.ClassPathScanner - Unable to resolve location classpath:db/callback.
2024-10-21 12:22:49 DEBUG o.f.c.i.s.classpath.ClassPathScanner - Scanning for classpath resources at 'classpath:db/migration' ...
2024-10-21 12:22:49 DEBUG o.f.c.i.s.classpath.ClassPathScanner - Determining location urls for classpath:db/migration using ClassLoader jdk.internal.loader.ClassLoaders$AppClassLoader@76ed5528 ...
2024-10-21 12:22:49 DEBUG o.f.c.i.s.classpath.ClassPathScanner - Scanning URL: file:/C:/Users/sanjay.nair/Desktop/Toray/ojt/target/classes/db/migration
2024-10-21 12:22:49 DEBUG o.f.c.i.s.c.FileSystemClassPathLocationScanner - Scanning starting at classpath root in filesystem: C:\Users\sanjay.nair\Desktop\Toray\ojt\target\classes\
2024-10-21 12:22:49 DEBUG o.f.c.i.s.c.FileSystemClassPathLocationScanner - Scanning for resources in path: C:\Users\sanjay.nair\Desktop\Toray\ojt\target\classes\db\migration (db/migration)
2024-10-21 12:22:49 DEBUG o.f.c.i.s.classpath.ClassPathScanner - Found resource: db/migration/V2__create_table_ddl_statements.sql
2024-10-21 12:22:49 DEBUG o.f.c.i.s.classpath.ClassPathScanner - Found resource: db/migration/V3__foreign_key_setup.sql
2024-10-21 12:22:49 DEBUG o.f.c.i.s.classpath.ClassPathScanner - Found resource: db/migration/V4__Initial_Insert.sql
2024-10-21 12:22:49 DEBUG o.f.c.i.s.classpath.ClassPathScanner - Found resource: db/migration/V5__Insert_M_GYOMU_IRAI.sql
2024-10-21 12:22:49 DEBUG o.f.c.i.s.classpath.ClassPathScanner - Found resource: db/migration/V8__Insert_Base_info1.sql
2024-10-21 12:22:49 DEBUG o.f.c.i.s.classpath.ClassPathScanner - Scanning for classes at classpath:db/migration
2024-10-21 12:22:49 DEBUG o.f.c.i.r.ResourceNameValidator - Validating V4__Initial_Insert.sql
2024-10-21 12:22:49 INFO  com.zaxxer.hikari.HikariDataSource - HikariPool-1 - Starting...
2024-10-21 12:22:50 INFO  com.zaxxer.hikari.pool.HikariPool - HikariPool-1 - Added connection oracle.jdbc.driver.T4CConnection@3ab595c8
2024-10-21 12:22:50 INFO  com.zaxxer.hikari.HikariDataSource - HikariPool-1 - Start completed.
2024-10-21 12:22:50 DEBUG o.f.c.i.r.ResourceNameValidator - Validating V8__Insert_Base_info1.sql
2024-10-21 12:22:50 DEBUG o.f.c.i.r.ResourceNameValidator - Validating V3__foreign_key_setup.sql
2024-10-21 12:22:50 DEBUG o.f.c.i.r.ResourceNameValidator - Validating V2__create_table_ddl_statements.sql
2024-10-21 12:22:50 DEBUG o.f.c.i.r.ResourceNameValidator - Validating V5__Insert_M_GYOMU_IRAI.sql
2024-10-21 12:22:50 INFO  org.flywaydb.core.FlywayExecutor - Database: jdbc:oracle:thin:@localhost:1521/test (Oracle 19.0)
2024-10-21 12:22:50 DEBUG org.flywaydb.core.FlywayExecutor - Driver: Oracle JDBC driver 19.8.0.0.0
2024-10-21 12:22:50 DEBUG org.flywaydb.core.FlywayExecutor - DDL Transactions Supported: false
2024-10-21 12:22:50 DEBUG o.f.c.i.s.SchemaHistoryFactory - Schemas: 
2024-10-21 12:22:50 DEBUG o.f.c.i.s.SchemaHistoryFactory - Default schema: null
2024-10-21 12:22:50 DEBUG o.f.c.i.c.SqlScriptCallbackFactory - Scanning for SQL callbacks ...
2024-10-21 12:22:50 DEBUG o.f.core.internal.command.DbValidate - Validating migrations ...
2024-10-21 12:22:50 DEBUG o.f.c.a.c.ClassicConfiguration - CherryPickConfigurationExtension not found
2024-10-21 12:22:50 DEBUG o.f.core.internal.scanner.Scanner - Filtering out resource: db/migration/V4__Initial_Insert.sql (filename: V4__Initial_Insert.sql)
2024-10-21 12:22:50 DEBUG o.f.core.internal.scanner.Scanner - Filtering out resource: db/migration/V8__Insert_Base_info1.sql (filename: V8__Insert_Base_info1.sql)
2024-10-21 12:22:50 DEBUG o.f.core.internal.scanner.Scanner - Filtering out resource: db/migration/V3__foreign_key_setup.sql (filename: V3__foreign_key_setup.sql)
2024-10-21 12:22:50 DEBUG o.f.core.internal.scanner.Scanner - Filtering out resource: db/migration/V2__create_table_ddl_statements.sql (filename: V2__create_table_ddl_statements.sql)
2024-10-21 12:22:50 DEBUG o.f.core.internal.scanner.Scanner - Filtering out resource: db/migration/V5__Insert_M_GYOMU_IRAI.sql (filename: V5__Insert_M_GYOMU_IRAI.sql)
2024-10-21 12:22:50 DEBUG o.f.core.internal.scanner.Scanner - Filtering out resource: db/migration/V4__Initial_Insert.sql (filename: V4__Initial_Insert.sql)
2024-10-21 12:22:50 DEBUG o.f.core.internal.scanner.Scanner - Filtering out resource: db/migration/V8__Insert_Base_info1.sql (filename: V8__Insert_Base_info1.sql)
2024-10-21 12:22:50 DEBUG o.f.core.internal.scanner.Scanner - Filtering out resource: db/migration/V3__foreign_key_setup.sql (filename: V3__foreign_key_setup.sql)
2024-10-21 12:22:50 DEBUG o.f.core.internal.scanner.Scanner - Filtering out resource: db/migration/V2__create_table_ddl_statements.sql (filename: V2__create_table_ddl_statements.sql)
2024-10-21 12:22:50 DEBUG o.f.core.internal.scanner.Scanner - Filtering out resource: db/migration/V5__Insert_M_GYOMU_IRAI.sql (filename: V5__Insert_M_GYOMU_IRAI.sql)
2024-10-21 12:22:50 INFO  o.f.core.internal.command.DbValidate - Successfully validated 6 migrations (execution time 00:00.106s)
2024-10-21 12:22:50 DEBUG o.f.core.internal.command.DbSchemas - Skipping creation of existing schema: "SYS"
2024-10-21 12:22:50 DEBUG o.f.c.a.c.ClassicConfiguration - CherryPickConfigurationExtension not found
2024-10-21 12:22:50 INFO  o.f.core.internal.command.DbMigrate - Current version of schema "SYS": 8
2024-10-21 12:22:50 INFO  o.f.core.internal.command.DbMigrate - Schema "SYS" is up to date. No migration necessary.
2024-10-21 12:22:50 DEBUG org.flywaydb.core.FlywayExecutor - Memory usage: 43 of 58M
2024-10-21 12:22:50 INFO  o.s.s.c.a.a.c.InitializeUserDetailsBeanManagerConfigurer$InitializeUserDetailsManagerConfigurer - Global AuthenticationManager configured with UserDetailsService bean with name customUserDetailsService
2024-10-21 12:22:51 DEBUG o.s.s.web.DefaultSecurityFilterChain - Will secure any request with filters: DisableEncodeUrlFilter, WebAsyncManagerIntegrationFilter, SecurityContextHolderFilter, HeaderWriterFilter, CsrfFilter, LogoutFilter, UsernamePasswordAuthenticationFilter, RequestCacheAwareFilter, SecurityContextHolderAwareRequestFilter, AnonymousAuthenticationFilter, ExceptionTranslationFilter, AuthorizationFilter
2024-10-21 12:22:51 INFO  o.a.coyote.http11.Http11NioProtocol - Starting ProtocolHandler ["http-nio-8080"]
2024-10-21 12:22:51 INFO  o.s.b.w.e.tomcat.TomcatWebServer - Tomcat started on port 8080 (http) with context path '/'
2024-10-21 12:22:51 INFO  com.toray.ojt.OjtApplication - Started OjtApplication in 6.311 seconds (process running for 6.969)
2024-10-21 12:22:54 INFO  o.a.c.c.C.[Tomcat].[localhost].[/] - Initializing Spring DispatcherServlet 'dispatcherServlet'
2024-10-21 12:22:54 INFO  o.s.web.servlet.DispatcherServlet - Initializing Servlet 'dispatcherServlet'
2024-10-21 12:22:54 INFO  o.s.web.servlet.DispatcherServlet - Completed initialization in 4 ms
2024-10-21 12:22:54 DEBUG o.s.security.web.FilterChainProxy - Securing GET /search
2024-10-21 12:22:54 DEBUG o.s.s.w.a.AnonymousAuthenticationFilter - Set SecurityContextHolder to anonymous SecurityContext
2024-10-21 12:22:54 DEBUG o.s.s.w.s.HttpSessionRequestCache - Saved request http://localhost:8080/search?continue to session
2024-10-21 12:22:54 DEBUG o.s.s.web.DefaultRedirectStrategy - Redirecting to http://localhost:8080/
2024-10-21 12:22:54 DEBUG o.s.security.web.FilterChainProxy - Securing GET /
2024-10-21 12:22:54 DEBUG o.s.security.web.FilterChainProxy - Secured GET /
2024-10-21 12:22:54 DEBUG o.s.s.w.a.AnonymousAuthenticationFilter - Set SecurityContextHolder to anonymous SecurityContext
2024-10-21 12:22:54 DEBUG o.s.security.web.FilterChainProxy - Securing GET /images/GIPS_logo.jpg
2024-10-21 12:22:54 DEBUG o.s.security.web.FilterChainProxy - Securing GET /css/login.css
2024-10-21 12:22:54 DEBUG o.s.security.web.FilterChainProxy - Secured GET /css/login.css
2024-10-21 12:22:54 DEBUG o.s.security.web.FilterChainProxy - Secured GET /images/GIPS_logo.jpg
2024-10-21 12:22:54 DEBUG o.s.s.w.a.AnonymousAuthenticationFilter - Set SecurityContextHolder to anonymous SecurityContext
2024-10-21 12:22:54 DEBUG o.s.s.w.a.AnonymousAuthenticationFilter - Set SecurityContextHolder to anonymous SecurityContext
2024-10-21 12:22:54 DEBUG o.s.security.web.FilterChainProxy - Securing GET /favicon.ico
2024-10-21 12:22:54 DEBUG o.s.s.w.a.AnonymousAuthenticationFilter - Set SecurityContextHolder to anonymous SecurityContext
2024-10-21 12:22:54 DEBUG o.s.s.web.DefaultRedirectStrategy - Redirecting to http://localhost:8080/
2024-10-21 12:22:54 DEBUG o.s.security.web.FilterChainProxy - Securing GET /
2024-10-21 12:22:54 DEBUG o.s.security.web.FilterChainProxy - Secured GET /
2024-10-21 12:22:54 DEBUG o.s.s.w.a.AnonymousAuthenticationFilter - Set SecurityContextHolder to anonymous SecurityContext
2024-10-21 12:41:33 DEBUG o.s.security.web.FilterChainProxy - Securing POST /login
2024-10-21 12:41:33 DEBUG c.t.o.w.s.i.CustomUserDetailsService - Parameter username: A12345
2024-10-21 12:41:33 DEBUG org.mybatis.spring.SqlSessionUtils - Creating a new SqlSession
2024-10-21 12:41:33 DEBUG org.mybatis.spring.SqlSessionUtils - SqlSession [org.apache.ibatis.session.defaults.DefaultSqlSession@154f3470] was not registered for synchronization because synchronization is not active
2024-10-21 12:41:33 DEBUG o.m.s.t.SpringManagedTransaction - JDBC Connection [HikariProxyConnection@302663509 wrapping oracle.jdbc.driver.T4CConnection@3ab595c8] will not be managed by Spring
2024-10-21 12:41:33 DEBUG c.t.o.w.m.UserMapper.findByAccountId - ==>  Preparing: SELECT * FROM BASE_PARTY_ACCOUNT WHERE ACCOUNT_ID = ?
2024-10-21 12:41:33 DEBUG c.t.o.w.m.UserMapper.findByAccountId - ==> Parameters: A12345(String)
2024-10-21 12:41:33 DEBUG c.t.o.w.m.UserMapper.findByAccountId - <==      Total: 1
2024-10-21 12:41:33 DEBUG org.mybatis.spring.SqlSessionUtils - Closing non transactional SqlSession [org.apache.ibatis.session.defaults.DefaultSqlSession@154f3470]
2024-10-21 12:41:33 DEBUG c.t.o.w.s.i.CustomUserDetailsService - User Object: com.toray.ojt.web.entity.User@5b97d3d8
2024-10-21 12:41:33 DEBUG c.t.o.w.s.i.CustomUserDetailsService - isExpired: 1
2024-10-21 12:41:33 DEBUG org.mybatis.spring.SqlSessionUtils - Creating a new SqlSession
2024-10-21 12:41:33 DEBUG org.mybatis.spring.SqlSessionUtils - SqlSession [org.apache.ibatis.session.defaults.DefaultSqlSession@157251e5] was not registered for synchronization because synchronization is not active
2024-10-21 12:41:33 DEBUG o.m.s.t.SpringManagedTransaction - JDBC Connection [HikariProxyConnection@1683752820 wrapping oracle.jdbc.driver.T4CConnection@3ab595c8] will not be managed by Spring
2024-10-21 12:41:33 DEBUG c.t.o.w.m.B.findAtrributeNameByPartyId - ==>  Preparing: SELECT ATTRIBUTE_NAME FROM BASE_PARTY_ATTRIBUTE WHERE PARTY_ID = ?
2024-10-21 12:41:33 DEBUG c.t.o.w.m.B.findAtrributeNameByPartyId - ==> Parameters: P12345(String)
2024-10-21 12:41:33 DEBUG c.t.o.w.m.B.findAtrributeNameByPartyId - <==      Total: 1
2024-10-21 12:41:33 DEBUG org.mybatis.spring.SqlSessionUtils - Closing non transactional SqlSession [org.apache.ibatis.session.defaults.DefaultSqlSession@157251e5]
2024-10-21 12:41:33 DEBUG c.t.o.w.s.i.CustomUserDetailsService - User role: base_admin
2024-10-21 12:41:33 DEBUG org.mybatis.spring.SqlSessionUtils - Creating a new SqlSession
2024-10-21 12:41:33 DEBUG org.mybatis.spring.SqlSessionUtils - SqlSession [org.apache.ibatis.session.defaults.DefaultSqlSession@2ce46492] was not registered for synchronization because synchronization is not active
2024-10-21 12:41:33 DEBUG o.m.s.t.SpringManagedTransaction - JDBC Connection [HikariProxyConnection@604098669 wrapping oracle.jdbc.driver.T4CConnection@3ab595c8] will not be managed by Spring
2024-10-21 12:41:33 DEBUG c.t.o.w.m.U.findUserNameByPartyId - ==>  Preparing: SELECT * FROM BASE_PARTY WHERE PARTY_ID = ?
2024-10-21 12:41:33 DEBUG c.t.o.w.m.U.findUserNameByPartyId - ==> Parameters: P12345(String)
2024-10-21 12:41:33 DEBUG c.t.o.w.m.U.findUserNameByPartyId - <==      Total: 1
2024-10-21 12:41:33 DEBUG org.mybatis.spring.SqlSessionUtils - Closing non transactional SqlSession [org.apache.ibatis.session.defaults.DefaultSqlSession@2ce46492]
2024-10-21 12:41:33 DEBUG o.s.s.a.d.DaoAuthenticationProvider - Authenticated user
2024-10-21 12:41:33 DEBUG o.s.s.w.a.s.ChangeSessionIdAuthenticationStrategy - Changed session id from 4D076E73BA740F070C493987949112FB
2024-10-21 12:41:33 DEBUG o.s.s.w.c.CsrfAuthenticationStrategy - Replaced CSRF Token
2024-10-21 12:41:33 DEBUG o.s.s.w.c.HttpSessionSecurityContextRepository - Stored SecurityContextImpl [Authentication=UsernamePasswordAuthenticationToken [Principal=com.toray.ojt.web.entity.CustomUserDetails@cd7dcb6, Credentials=[PROTECTED], Authenticated=true, Details=WebAuthenticationDetails [RemoteIpAddress=0:0:0:0:0:0:0:1, SessionId=4D076E73BA740F070C493987949112FB], Granted Authorities=[base_admin]]] to HttpSession [org.apache.catalina.session.StandardSessionFacade@7e082260]
2024-10-21 12:41:33 DEBUG o.s.s.w.a.UsernamePasswordAuthenticationFilter - Set SecurityContextHolder to UsernamePasswordAuthenticationToken [Principal=com.toray.ojt.web.entity.CustomUserDetails@cd7dcb6, Credentials=[PROTECTED], Authenticated=true, Details=WebAuthenticationDetails [RemoteIpAddress=0:0:0:0:0:0:0:1, SessionId=4D076E73BA740F070C493987949112FB], Granted Authorities=[base_admin]]
2024-10-21 12:41:33 DEBUG org.mybatis.spring.SqlSessionUtils - Creating a new SqlSession
2024-10-21 12:41:33 DEBUG org.mybatis.spring.SqlSessionUtils - SqlSession [org.apache.ibatis.session.defaults.DefaultSqlSession@3de520] was not registered for synchronization because synchronization is not active
2024-10-21 12:41:33 DEBUG o.m.s.t.SpringManagedTransaction - JDBC Connection [HikariProxyConnection@842902525 wrapping oracle.jdbc.driver.T4CConnection@3ab595c8] will not be managed by Spring
2024-10-21 12:41:33 DEBUG c.t.o.w.m.UserMapper.findByAccountId - ==>  Preparing: SELECT * FROM BASE_PARTY_ACCOUNT WHERE ACCOUNT_ID = ?
2024-10-21 12:41:33 DEBUG c.t.o.w.m.UserMapper.findByAccountId - ==> Parameters: A12345(String)
2024-10-21 12:41:33 DEBUG c.t.o.w.m.UserMapper.findByAccountId - <==      Total: 1
2024-10-21 12:41:33 DEBUG org.mybatis.spring.SqlSessionUtils - Closing non transactional SqlSession [org.apache.ibatis.session.defaults.DefaultSqlSession@3de520]
2024-10-21 12:41:33 DEBUG org.mybatis.spring.SqlSessionUtils - Creating a new SqlSession
2024-10-21 12:41:33 DEBUG org.mybatis.spring.SqlSessionUtils - SqlSession [org.apache.ibatis.session.defaults.DefaultSqlSession@d1984f8] was not registered for synchronization because synchronization is not active
2024-10-21 12:41:33 DEBUG o.m.s.t.SpringManagedTransaction - JDBC Connection [HikariProxyConnection@1197431735 wrapping oracle.jdbc.driver.T4CConnection@3ab595c8] will not be managed by Spring
2024-10-21 12:41:33 DEBUG c.t.o.w.m.U.updateFailedLoginAttempt - ==>  Preparing: UPDATE BASE_PARTY_ACCOUNT SET STATE = CASE WHEN ? IS NOT NULL THEN ? ELSE STATE END, FAILED_LOGIN_ATTEMPTS = CASE WHEN ? IS NOT NULL THEN ? ELSE FAILED_LOGIN_ATTEMPTS END, UPD_TIMESTAMP = CURRENT_TIMESTAMP -- Update timestamp for when the user was updated WHERE ACCOUNT_ID = ?
2024-10-21 12:41:33 DEBUG c.t.o.w.m.U.updateFailedLoginAttempt - ==> Parameters: A(String), A(String), 0(Integer), 0(Integer), A12345(String)
2024-10-21 12:41:33 DEBUG c.t.o.w.m.U.updateFailedLoginAttempt - <==    Updates: 1
2024-10-21 12:41:33 DEBUG org.mybatis.spring.SqlSessionUtils - Closing non transactional SqlSession [org.apache.ibatis.session.defaults.DefaultSqlSession@d1984f8]
2024-10-21 12:41:33 DEBUG o.s.security.web.FilterChainProxy - Securing GET /toppage
2024-10-21 12:41:33 DEBUG o.s.s.w.c.HttpSessionSecurityContextRepository - Retrieved SecurityContextImpl [Authentication=UsernamePasswordAuthenticationToken [Principal=com.toray.ojt.web.entity.CustomUserDetails@cd7dcb6, Credentials=[PROTECTED], Authenticated=true, Details=WebAuthenticationDetails [RemoteIpAddress=0:0:0:0:0:0:0:1, SessionId=4D076E73BA740F070C493987949112FB], Granted Authorities=[base_admin]]]
2024-10-21 12:41:33 DEBUG o.s.security.web.FilterChainProxy - Secured GET /toppage
2024-10-21 12:41:33 DEBUG org.mybatis.spring.SqlSessionUtils - Creating a new SqlSession
2024-10-21 12:41:33 DEBUG org.mybatis.spring.SqlSessionUtils - SqlSession [org.apache.ibatis.session.defaults.DefaultSqlSession@4b256f73] was not registered for synchronization because synchronization is not active
2024-10-21 12:41:33 DEBUG o.m.s.t.SpringManagedTransaction - JDBC Connection [HikariProxyConnection@237500531 wrapping oracle.jdbc.driver.T4CConnection@3ab595c8] will not be managed by Spring
2024-10-21 12:41:33 DEBUG c.t.o.w.m.B.findBaseInfo - ==>  Preparing: SELECT TITLE AS title, BEGIN_YMD AS beginYmd, IMPORTANT_FLG AS importantFlg FROM BASE_INFO WHERE CURRENT_DATE BETWEEN BEGIN_YMD AND END_YMD ORDER BY IMPORTANT_FLG desc
2024-10-21 12:41:33 DEBUG c.t.o.w.m.B.findBaseInfo - ==> Parameters: 
2024-10-21 12:41:33 DEBUG c.t.o.w.m.B.findBaseInfo - <==      Total: 3
2024-10-21 12:41:33 DEBUG org.mybatis.spring.SqlSessionUtils - Closing non transactional SqlSession [org.apache.ibatis.session.defaults.DefaultSqlSession@4b256f73]
2024-10-21 12:41:33 DEBUG org.mybatis.spring.SqlSessionUtils - Creating a new SqlSession
2024-10-21 12:41:33 DEBUG org.mybatis.spring.SqlSessionUtils - SqlSession [org.apache.ibatis.session.defaults.DefaultSqlSession@6a461d95] was not registered for synchronization because synchronization is not active
2024-10-21 12:41:33 DEBUG o.m.s.t.SpringManagedTransaction - JDBC Connection [HikariProxyConnection@817741148 wrapping oracle.jdbc.driver.T4CConnection@3ab595c8] will not be managed by Spring
2024-10-21 12:41:33 DEBUG c.t.o.w.m.TGuideMapper.findTGuide - ==>  Preparing: SELECT TITLE AS title, BEGIN_YMD AS beginYmd, IMPORTANT_FLG AS importantFlg FROM T_GUIDE WHERE CURRENT_DATE BETWEEN BEGIN_YMD AND END_YMD ORDER BY IMPORTANT_FLG desc
2024-10-21 12:41:33 DEBUG c.t.o.w.m.TGuideMapper.findTGuide - ==> Parameters: 
2024-10-21 12:41:33 DEBUG c.t.o.w.m.TGuideMapper.findTGuide - <==      Total: 1
2024-10-21 12:41:33 DEBUG org.mybatis.spring.SqlSessionUtils - Closing non transactional SqlSession [org.apache.ibatis.session.defaults.DefaultSqlSession@6a461d95]
2024-10-21 12:41:33 DEBUG org.mybatis.spring.SqlSessionUtils - Creating a new SqlSession
2024-10-21 12:41:33 DEBUG org.mybatis.spring.SqlSessionUtils - SqlSession [org.apache.ibatis.session.defaults.DefaultSqlSession@4571d583] was not registered for synchronization because synchronization is not active
2024-10-21 12:41:33 DEBUG o.m.s.t.SpringManagedTransaction - JDBC Connection [HikariProxyConnection@977195977 wrapping oracle.jdbc.driver.T4CConnection@3ab595c8] will not be managed by Spring
2024-10-21 12:41:33 DEBUG c.t.o.w.m.T.findToDoByLocale - ==>  Preparing: SELECT T1.GYOMU_CD || '-' || T1.CYCLE_NO AS gyomuCd, T1.SHUSHU_TXT AS shushuTxt, TO_CHAR(TO_DATE(T1.SHIMEKIRI_YMD, 'YYYY-MM-DD'), 'yyyy/mm/dd') AS shimekiriYMD, T1.IRAI_STATUS AS iraiStatus, T1.SEQ_IRAI AS seqIrai, COALESCE(T2.KAITO_STATUS, 'N/A') AS kaitoStatus, COALESCE(T3.USER_KBN, 'Unknown') AS userKbn, COALESCE(T3.USERID, 'Unknown') AS userId, COALESCE(T4.PARTY_NAME_EN, 'No Party') AS partyNameEn, COALESCE(T5.CODE_VALUE1, 'No Value') AS codeValue1, (SELECT COUNT(*) FROM T_IRAI) AS requestTotal FROM T_IRAI T1 LEFT JOIN T_KAITO T2 ON T1.SEQ_IRAI = T2.SEQ_IRAI LEFT JOIN T_KAITO_USER T3 ON T2.SEQ_KAITO = T3.SEQ_KAITO LEFT JOIN BASE_PARTY T4 ON T3.USERID = T4.PARTY_ID LEFT JOIN BASE_CODE T5 ON T2.KAITO_STATUS = T5.CODE AND T5.CODE_KIND = 'KAITO_STATUS' AND T5.LOCALE = ? ORDER BY shimekiriYMD
2024-10-21 12:41:33 DEBUG c.t.o.w.m.T.findToDoByLocale - ==> Parameters: en(String)
2024-10-21 12:41:33 DEBUG c.t.o.w.m.T.findToDoByLocale - <==      Total: 1
2024-10-21 12:41:33 DEBUG org.mybatis.spring.SqlSessionUtils - Closing non transactional SqlSession [org.apache.ibatis.session.defaults.DefaultSqlSession@4571d583]
2024-10-21 12:41:33 DEBUG org.mybatis.spring.SqlSessionUtils - Creating a new SqlSession
2024-10-21 12:41:33 DEBUG org.mybatis.spring.SqlSessionUtils - SqlSession [org.apache.ibatis.session.defaults.DefaultSqlSession@1a3b985] was not registered for synchronization because synchronization is not active
2024-10-21 12:41:33 DEBUG o.m.s.t.SpringManagedTransaction - JDBC Connection [HikariProxyConnection@219733114 wrapping oracle.jdbc.driver.T4CConnection@3ab595c8] will not be managed by Spring
2024-10-21 12:41:33 DEBUG c.t.o.w.m.T.findToDoByLocale - ==>  Preparing: SELECT T1.GYOMU_CD || '-' || T1.CYCLE_NO AS gyomuCd, T1.SHUSHU_TXT AS shushuTxt, TO_CHAR(TO_DATE(T1.SHIMEKIRI_YMD, 'YYYY-MM-DD'), 'yyyy/mm/dd') AS shimekiriYMD, T1.IRAI_STATUS AS iraiStatus, T1.SEQ_IRAI AS seqIrai, COALESCE(T2.KAITO_STATUS, 'N/A') AS kaitoStatus, COALESCE(T3.USER_KBN, 'Unknown') AS userKbn, COALESCE(T3.USERID, 'Unknown') AS userId, COALESCE(T4.PARTY_NAME_EN, 'No Party') AS partyNameEn, COALESCE(T5.CODE_VALUE1, 'No Value') AS codeValue1, (SELECT COUNT(*) FROM T_IRAI) AS requestTotal FROM T_IRAI T1 LEFT JOIN T_KAITO T2 ON T1.SEQ_IRAI = T2.SEQ_IRAI LEFT JOIN T_KAITO_USER T3 ON T2.SEQ_KAITO = T3.SEQ_KAITO LEFT JOIN BASE_PARTY T4 ON T3.USERID = T4.PARTY_ID LEFT JOIN BASE_CODE T5 ON T2.KAITO_STATUS = T5.CODE AND T5.CODE_KIND = 'KAITO_STATUS' AND T5.LOCALE = ? ORDER BY shimekiriYMD
2024-10-21 12:41:33 DEBUG c.t.o.w.m.T.findToDoByLocale - ==> Parameters: en(String)
2024-10-21 12:41:33 DEBUG c.t.o.w.m.T.findToDoByLocale - <==      Total: 1
2024-10-21 12:41:33 DEBUG org.mybatis.spring.SqlSessionUtils - Closing non transactional SqlSession [org.apache.ibatis.session.defaults.DefaultSqlSession@1a3b985]
2024-10-21 12:41:33 DEBUG o.s.security.web.FilterChainProxy - Securing GET /images/Toray.png
2024-10-21 12:41:33 DEBUG o.s.security.web.FilterChainProxy - Securing GET /images/gips.jpg
2024-10-21 12:41:33 DEBUG o.s.security.web.FilterChainProxy - Securing GET /css/top.css
2024-10-21 12:41:33 DEBUG o.s.security.web.FilterChainProxy - Secured GET /images/Toray.png
2024-10-21 12:41:33 DEBUG o.s.security.web.FilterChainProxy - Secured GET /images/gips.jpg
2024-10-21 12:41:33 DEBUG o.s.security.web.FilterChainProxy - Secured GET /css/top.css
2024-10-21 12:41:33 DEBUG o.s.s.w.c.HttpSessionSecurityContextRepository - Retrieved SecurityContextImpl [Authentication=UsernamePasswordAuthenticationToken [Principal=com.toray.ojt.web.entity.CustomUserDetails@cd7dcb6, Credentials=[PROTECTED], Authenticated=true, Details=WebAuthenticationDetails [RemoteIpAddress=0:0:0:0:0:0:0:1, SessionId=4D076E73BA740F070C493987949112FB], Granted Authorities=[base_admin]]]
2024-10-21 12:41:33 DEBUG o.s.s.w.c.HttpSessionSecurityContextRepository - Retrieved SecurityContextImpl [Authentication=UsernamePasswordAuthenticationToken [Principal=com.toray.ojt.web.entity.CustomUserDetails@cd7dcb6, Credentials=[PROTECTED], Authenticated=true, Details=WebAuthenticationDetails [RemoteIpAddress=0:0:0:0:0:0:0:1, SessionId=4D076E73BA740F070C493987949112FB], Granted Authorities=[base_admin]]]
2024-10-21 12:41:33 DEBUG o.s.s.w.c.HttpSessionSecurityContextRepository - Retrieved SecurityContextImpl [Authentication=UsernamePasswordAuthenticationToken [Principal=com.toray.ojt.web.entity.CustomUserDetails@cd7dcb6, Credentials=[PROTECTED], Authenticated=true, Details=WebAuthenticationDetails [RemoteIpAddress=0:0:0:0:0:0:0:1, SessionId=4D076E73BA740F070C493987949112FB], Granted Authorities=[base_admin]]]
2024-10-21 12:41:33 DEBUG o.s.security.web.FilterChainProxy - Securing GET /images/important.png
2024-10-21 12:41:33 DEBUG o.s.security.web.FilterChainProxy - Secured GET /images/important.png
2024-10-21 12:41:33 DEBUG o.s.s.w.c.HttpSessionSecurityContextRepository - Retrieved SecurityContextImpl [Authentication=UsernamePasswordAuthenticationToken [Principal=com.toray.ojt.web.entity.CustomUserDetails@cd7dcb6, Credentials=[PROTECTED], Authenticated=true, Details=WebAuthenticationDetails [RemoteIpAddress=0:0:0:0:0:0:0:1, SessionId=4D076E73BA740F070C493987949112FB], Granted Authorities=[base_admin]]]
2024-10-21 12:41:33 DEBUG o.s.security.web.FilterChainProxy - Securing GET /favicon.ico
2024-10-21 12:41:33 DEBUG o.s.s.w.c.HttpSessionSecurityContextRepository - Retrieved SecurityContextImpl [Authentication=UsernamePasswordAuthenticationToken [Principal=com.toray.ojt.web.entity.CustomUserDetails@cd7dcb6, Credentials=[PROTECTED], Authenticated=true, Details=WebAuthenticationDetails [RemoteIpAddress=0:0:0:0:0:0:0:1, SessionId=4D076E73BA740F070C493987949112FB], Granted Authorities=[base_admin]]]
2024-10-21 12:41:33 DEBUG o.s.security.web.FilterChainProxy - Secured GET /favicon.ico
2024-10-21 12:41:33 WARN  o.s.w.s.m.s.DefaultHandlerExceptionResolver - Resolved [org.springframework.web.HttpRequestMethodNotSupportedException: Request method 'GET' is not supported]
2024-10-21 12:41:33 DEBUG o.s.security.web.FilterChainProxy - Securing GET /error
2024-10-21 12:41:33 DEBUG o.s.s.w.c.HttpSessionSecurityContextRepository - Retrieved SecurityContextImpl [Authentication=UsernamePasswordAuthenticationToken [Principal=com.toray.ojt.web.entity.CustomUserDetails@cd7dcb6, Credentials=[PROTECTED], Authenticated=true, Details=WebAuthenticationDetails [RemoteIpAddress=0:0:0:0:0:0:0:1, SessionId=4D076E73BA740F070C493987949112FB], Granted Authorities=[base_admin]]]
2024-10-21 12:41:33 DEBUG o.s.security.web.FilterChainProxy - Secured GET /error
2024-10-21 12:41:36 DEBUG o.s.security.web.FilterChainProxy - Securing GET /search
2024-10-21 12:41:36 DEBUG o.s.s.w.c.HttpSessionSecurityContextRepository - Retrieved SecurityContextImpl [Authentication=UsernamePasswordAuthenticationToken [Principal=com.toray.ojt.web.entity.CustomUserDetails@cd7dcb6, Credentials=[PROTECTED], Authenticated=true, Details=WebAuthenticationDetails [RemoteIpAddress=0:0:0:0:0:0:0:1, SessionId=4D076E73BA740F070C493987949112FB], Granted Authorities=[base_admin]]]
2024-10-21 12:41:36 DEBUG o.s.security.web.FilterChainProxy - Secured GET /search
2024-10-21 12:41:36 INFO  c.t.o.w.c.BaseInfoController - Fetching notices ...
2024-10-21 12:41:36 DEBUG org.mybatis.spring.SqlSessionUtils - Creating a new SqlSession
2024-10-21 12:41:36 DEBUG org.mybatis.spring.SqlSessionUtils - SqlSession [org.apache.ibatis.session.defaults.DefaultSqlSession@3bbe78d] was not registered for synchronization because synchronization is not active
2024-10-21 12:41:36 DEBUG o.m.s.t.SpringManagedTransaction - JDBC Connection [HikariProxyConnection@136361650 wrapping oracle.jdbc.driver.T4CConnection@3ab595c8] will not be managed by Spring
2024-10-21 12:41:36 DEBUG c.t.o.w.m.BaseInfoMapper.getBaseInfo - ==>  Preparing: SELECT Title as title, Text as text, Important_Flg as importantFlg,END_YMD as endYmd,BEGIN_YMD as beginYmd,UPD_TIMESTAMP as updTimestamp,SEQ_INFO as seqInfo,UPD_USERID as updUserId FROM base_info
2024-10-21 12:41:36 DEBUG c.t.o.w.m.BaseInfoMapper.getBaseInfo - ==> Parameters: 
2024-10-21 12:41:36 DEBUG c.t.o.w.m.BaseInfoMapper.getBaseInfo - <==      Total: 5
2024-10-21 12:41:36 DEBUG org.mybatis.spring.SqlSessionUtils - Closing non transactional SqlSession [org.apache.ibatis.session.defaults.DefaultSqlSession@3bbe78d]
2024-10-21 12:41:36 DEBUG c.t.o.w.c.BaseInfoController - Fetched 5 base info records
2024-10-21 12:41:36 INFO  c.t.o.w.c.BaseInfoController - Fetching user who updated notices...
2024-10-21 12:41:36 DEBUG c.t.o.w.c.BaseInfoController - Fetching user name for updUserId: P12345
2024-10-21 12:41:36 DEBUG org.mybatis.spring.SqlSessionUtils - Creating a new SqlSession
2024-10-21 12:41:36 DEBUG org.mybatis.spring.SqlSessionUtils - SqlSession [org.apache.ibatis.session.defaults.DefaultSqlSession@72136e9] was not registered for synchronization because synchronization is not active
2024-10-21 12:41:36 DEBUG o.m.s.t.SpringManagedTransaction - JDBC Connection [HikariProxyConnection@1121765218 wrapping oracle.jdbc.driver.T4CConnection@3ab595c8] will not be managed by Spring
2024-10-21 12:41:36 DEBUG c.t.o.w.m.U.findUserNameOnlyByPartyId - ==>  Preparing: SELECT PARTY_ID as partyId,PARTY_NAME_KJ as partyNameKj,PARTY_NAME_KN as partyNameKn,PARTY_NAME_EN as partyNameEn FROM BASE_PARTY WHERE PARTY_ID = ?
2024-10-21 12:41:36 DEBUG c.t.o.w.m.U.findUserNameOnlyByPartyId - ==> Parameters: P12345(String)
2024-10-21 12:41:36 DEBUG c.t.o.w.m.U.findUserNameOnlyByPartyId - <==      Total: 1
2024-10-21 12:41:36 DEBUG org.mybatis.spring.SqlSessionUtils - Closing non transactional SqlSession [org.apache.ibatis.session.defaults.DefaultSqlSession@72136e9]
2024-10-21 12:41:36 DEBUG c.t.o.w.c.BaseInfoController - Fetching user name for updUserId: P67890
2024-10-21 12:41:36 DEBUG org.mybatis.spring.SqlSessionUtils - Creating a new SqlSession
2024-10-21 12:41:36 DEBUG org.mybatis.spring.SqlSessionUtils - SqlSession [org.apache.ibatis.session.defaults.DefaultSqlSession@70ff6cd7] was not registered for synchronization because synchronization is not active
2024-10-21 12:41:36 DEBUG o.m.s.t.SpringManagedTransaction - JDBC Connection [HikariProxyConnection@288979840 wrapping oracle.jdbc.driver.T4CConnection@3ab595c8] will not be managed by Spring
2024-10-21 12:41:36 DEBUG c.t.o.w.m.U.findUserNameOnlyByPartyId - ==>  Preparing: SELECT PARTY_ID as partyId,PARTY_NAME_KJ as partyNameKj,PARTY_NAME_KN as partyNameKn,PARTY_NAME_EN as partyNameEn FROM BASE_PARTY WHERE PARTY_ID = ?
2024-10-21 12:41:36 DEBUG c.t.o.w.m.U.findUserNameOnlyByPartyId - ==> Parameters: P67890(String)
2024-10-21 12:41:36 DEBUG c.t.o.w.m.U.findUserNameOnlyByPartyId - <==      Total: 1
2024-10-21 12:41:36 DEBUG org.mybatis.spring.SqlSessionUtils - Closing non transactional SqlSession [org.apache.ibatis.session.defaults.DefaultSqlSession@70ff6cd7]
2024-10-21 12:41:36 DEBUG c.t.o.w.c.BaseInfoController - Fetching user name for updUserId: P12345
2024-10-21 12:41:36 DEBUG org.mybatis.spring.SqlSessionUtils - Creating a new SqlSession
2024-10-21 12:41:36 DEBUG org.mybatis.spring.SqlSessionUtils - SqlSession [org.apache.ibatis.session.defaults.DefaultSqlSession@3f332080] was not registered for synchronization because synchronization is not active
2024-10-21 12:41:36 DEBUG o.m.s.t.SpringManagedTransaction - JDBC Connection [HikariProxyConnection@96265468 wrapping oracle.jdbc.driver.T4CConnection@3ab595c8] will not be managed by Spring
2024-10-21 12:41:36 DEBUG c.t.o.w.m.U.findUserNameOnlyByPartyId - ==>  Preparing: SELECT PARTY_ID as partyId,PARTY_NAME_KJ as partyNameKj,PARTY_NAME_KN as partyNameKn,PARTY_NAME_EN as partyNameEn FROM BASE_PARTY WHERE PARTY_ID = ?
2024-10-21 12:41:36 DEBUG c.t.o.w.m.U.findUserNameOnlyByPartyId - ==> Parameters: P12345(String)
2024-10-21 12:41:36 DEBUG c.t.o.w.m.U.findUserNameOnlyByPartyId - <==      Total: 1
2024-10-21 12:41:36 DEBUG org.mybatis.spring.SqlSessionUtils - Closing non transactional SqlSession [org.apache.ibatis.session.defaults.DefaultSqlSession@3f332080]
2024-10-21 12:41:36 DEBUG c.t.o.w.c.BaseInfoController - Fetching user name for updUserId: P12345
2024-10-21 12:41:36 DEBUG org.mybatis.spring.SqlSessionUtils - Creating a new SqlSession
2024-10-21 12:41:36 DEBUG org.mybatis.spring.SqlSessionUtils - SqlSession [org.apache.ibatis.session.defaults.DefaultSqlSession@10a8b883] was not registered for synchronization because synchronization is not active
2024-10-21 12:41:36 DEBUG o.m.s.t.SpringManagedTransaction - JDBC Connection [HikariProxyConnection@691708474 wrapping oracle.jdbc.driver.T4CConnection@3ab595c8] will not be managed by Spring
2024-10-21 12:41:36 DEBUG c.t.o.w.m.U.findUserNameOnlyByPartyId - ==>  Preparing: SELECT PARTY_ID as partyId,PARTY_NAME_KJ as partyNameKj,PARTY_NAME_KN as partyNameKn,PARTY_NAME_EN as partyNameEn FROM BASE_PARTY WHERE PARTY_ID = ?
2024-10-21 12:41:36 DEBUG c.t.o.w.m.U.findUserNameOnlyByPartyId - ==> Parameters: P12345(String)
2024-10-21 12:41:36 DEBUG c.t.o.w.m.U.findUserNameOnlyByPartyId - <==      Total: 1
2024-10-21 12:41:36 DEBUG org.mybatis.spring.SqlSessionUtils - Closing non transactional SqlSession [org.apache.ibatis.session.defaults.DefaultSqlSession@10a8b883]
2024-10-21 12:41:36 DEBUG c.t.o.w.c.BaseInfoController - Fetching user name for updUserId: P12345
2024-10-21 12:41:36 DEBUG org.mybatis.spring.SqlSessionUtils - Creating a new SqlSession
2024-10-21 12:41:36 DEBUG org.mybatis.spring.SqlSessionUtils - SqlSession [org.apache.ibatis.session.defaults.DefaultSqlSession@5e1ca00b] was not registered for synchronization because synchronization is not active
2024-10-21 12:41:36 DEBUG o.m.s.t.SpringManagedTransaction - JDBC Connection [HikariProxyConnection@1641115099 wrapping oracle.jdbc.driver.T4CConnection@3ab595c8] will not be managed by Spring
2024-10-21 12:41:36 DEBUG c.t.o.w.m.U.findUserNameOnlyByPartyId - ==>  Preparing: SELECT PARTY_ID as partyId,PARTY_NAME_KJ as partyNameKj,PARTY_NAME_KN as partyNameKn,PARTY_NAME_EN as partyNameEn FROM BASE_PARTY WHERE PARTY_ID = ?
2024-10-21 12:41:36 DEBUG c.t.o.w.m.U.findUserNameOnlyByPartyId - ==> Parameters: P12345(String)
2024-10-21 12:41:36 DEBUG c.t.o.w.m.U.findUserNameOnlyByPartyId - <==      Total: 1
2024-10-21 12:41:36 DEBUG org.mybatis.spring.SqlSessionUtils - Closing non transactional SqlSession [org.apache.ibatis.session.defaults.DefaultSqlSession@5e1ca00b]
2024-10-21 12:41:36 DEBUG o.s.security.web.FilterChainProxy - Securing GET /css/noticeSearch.css
2024-10-21 12:41:36 DEBUG o.s.security.web.FilterChainProxy - Secured GET /css/noticeSearch.css
2024-10-21 12:41:36 DEBUG o.s.s.w.c.HttpSessionSecurityContextRepository - Retrieved SecurityContextImpl [Authentication=UsernamePasswordAuthenticationToken [Principal=com.toray.ojt.web.entity.CustomUserDetails@cd7dcb6, Credentials=[PROTECTED], Authenticated=true, Details=WebAuthenticationDetails [RemoteIpAddress=0:0:0:0:0:0:0:1, SessionId=4D076E73BA740F070C493987949112FB], Granted Authorities=[base_admin]]]
2024-10-21 12:41:36 DEBUG o.s.security.web.FilterChainProxy - Securing GET /images/Toray.png
2024-10-21 12:41:36 DEBUG o.s.security.web.FilterChainProxy - Securing GET /images/gips.jpg
2024-10-21 12:41:36 DEBUG o.s.security.web.FilterChainProxy - Secured GET /images/Toray.png
2024-10-21 12:41:36 DEBUG o.s.security.web.FilterChainProxy - Secured GET /images/gips.jpg
2024-10-21 12:41:36 DEBUG o.s.s.w.c.HttpSessionSecurityContextRepository - Retrieved SecurityContextImpl [Authentication=UsernamePasswordAuthenticationToken [Principal=com.toray.ojt.web.entity.CustomUserDetails@cd7dcb6, Credentials=[PROTECTED], Authenticated=true, Details=WebAuthenticationDetails [RemoteIpAddress=0:0:0:0:0:0:0:1, SessionId=4D076E73BA740F070C493987949112FB], Granted Authorities=[base_admin]]]
2024-10-21 12:41:36 DEBUG o.s.s.w.c.HttpSessionSecurityContextRepository - Retrieved SecurityContextImpl [Authentication=UsernamePasswordAuthenticationToken [Principal=com.toray.ojt.web.entity.CustomUserDetails@cd7dcb6, Credentials=[PROTECTED], Authenticated=true, Details=WebAuthenticationDetails [RemoteIpAddress=0:0:0:0:0:0:0:1, SessionId=4D076E73BA740F070C493987949112FB], Granted Authorities=[base_admin]]]
2024-10-21 12:41:37 DEBUG o.s.security.web.FilterChainProxy - Securing GET /roles
2024-10-21 12:41:37 DEBUG o.s.s.w.c.HttpSessionSecurityContextRepository - Retrieved SecurityContextImpl [Authentication=UsernamePasswordAuthenticationToken [Principal=com.toray.ojt.web.entity.CustomUserDetails@cd7dcb6, Credentials=[PROTECTED], Authenticated=true, Details=WebAuthenticationDetails [RemoteIpAddress=0:0:0:0:0:0:0:1, SessionId=4D076E73BA740F070C493987949112FB], Granted Authorities=[base_admin]]]
2024-10-21 12:41:37 DEBUG o.s.security.web.FilterChainProxy - Secured GET /roles
2024-10-21 12:41:37 DEBUG o.s.security.web.FilterChainProxy - Securing GET /favicon.ico
2024-10-21 12:41:38 DEBUG o.s.s.w.c.HttpSessionSecurityContextRepository - Retrieved SecurityContextImpl [Authentication=UsernamePasswordAuthenticationToken [Principal=com.toray.ojt.web.entity.CustomUserDetails@cd7dcb6, Credentials=[PROTECTED], Authenticated=true, Details=WebAuthenticationDetails [RemoteIpAddress=0:0:0:0:0:0:0:1, SessionId=4D076E73BA740F070C493987949112FB], Granted Authorities=[base_admin]]]
2024-10-21 12:41:38 DEBUG o.s.security.web.FilterChainProxy - Secured GET /favicon.ico
2024-10-21 12:41:38 WARN  o.s.w.s.m.s.DefaultHandlerExceptionResolver - Resolved [org.springframework.web.HttpRequestMethodNotSupportedException: Request method 'GET' is not supported]
2024-10-21 12:41:38 DEBUG o.s.security.web.FilterChainProxy - Securing GET /error
2024-10-21 12:41:38 DEBUG o.s.s.w.c.HttpSessionSecurityContextRepository - Retrieved SecurityContextImpl [Authentication=UsernamePasswordAuthenticationToken [Principal=com.toray.ojt.web.entity.CustomUserDetails@cd7dcb6, Credentials=[PROTECTED], Authenticated=true, Details=WebAuthenticationDetails [RemoteIpAddress=0:0:0:0:0:0:0:1, SessionId=4D076E73BA740F070C493987949112FB], Granted Authorities=[base_admin]]]
2024-10-21 12:41:38 DEBUG o.s.security.web.FilterChainProxy - Secured GET /error
2024-10-21 12:41:38 DEBUG org.mybatis.spring.SqlSessionUtils - Creating a new SqlSession
2024-10-21 12:41:38 DEBUG org.mybatis.spring.SqlSessionUtils - Registering transaction synchronization for SqlSession [org.apache.ibatis.session.defaults.DefaultSqlSession@42fb3b4b]
2024-10-21 12:41:38 DEBUG o.m.s.t.SpringManagedTransaction - JDBC Connection [HikariProxyConnection@1555195247 wrapping oracle.jdbc.driver.T4CConnection@3ab595c8] will be managed by Spring
2024-10-21 12:41:38 DEBUG c.t.o.w.m.BaseInfoMapper.fetchRoles - ==>  Preparing: SELECT ROLE, ROLE_NAME as roleName FROM base_info_view_role_name
2024-10-21 12:41:38 DEBUG c.t.o.w.m.BaseInfoMapper.fetchRoles - ==> Parameters: 
2024-10-21 12:41:38 DEBUG c.t.o.w.m.BaseInfoMapper.fetchRoles - <==      Total: 1
2024-10-21 12:41:38 DEBUG org.mybatis.spring.SqlSessionUtils - Releasing transactional SqlSession [org.apache.ibatis.session.defaults.DefaultSqlSession@42fb3b4b]
2024-10-21 12:41:38 DEBUG org.mybatis.spring.SqlSessionUtils - Transaction synchronization committing SqlSession [org.apache.ibatis.session.defaults.DefaultSqlSession@42fb3b4b]
2024-10-21 12:41:38 DEBUG org.mybatis.spring.SqlSessionUtils - Transaction synchronization deregistering SqlSession [org.apache.ibatis.session.defaults.DefaultSqlSession@42fb3b4b]
2024-10-21 12:41:38 DEBUG org.mybatis.spring.SqlSessionUtils - Transaction synchronization closing SqlSession [org.apache.ibatis.session.defaults.DefaultSqlSession@42fb3b4b]
2024-10-21 12:41:39 DEBUG o.s.security.web.FilterChainProxy - Securing GET /list?beginYmd=&endYmd=&title=&text=&importantFlg=&page=1&size=6&subject=every
2024-10-21 12:41:39 DEBUG o.s.s.w.c.HttpSessionSecurityContextRepository - Retrieved SecurityContextImpl [Authentication=UsernamePasswordAuthenticationToken [Principal=com.toray.ojt.web.entity.CustomUserDetails@cd7dcb6, Credentials=[PROTECTED], Authenticated=true, Details=WebAuthenticationDetails [RemoteIpAddress=0:0:0:0:0:0:0:1, SessionId=4D076E73BA740F070C493987949112FB], Granted Authorities=[base_admin]]]
2024-10-21 12:41:39 DEBUG o.s.security.web.FilterChainProxy - Secured GET /list?beginYmd=&endYmd=&title=&text=&importantFlg=&page=1&size=6&subject=every
2024-10-21 12:41:39 DEBUG org.mybatis.spring.SqlSessionUtils - Creating a new SqlSession
2024-10-21 12:41:39 DEBUG org.mybatis.spring.SqlSessionUtils - SqlSession [org.apache.ibatis.session.defaults.DefaultSqlSession@282ae3b0] was not registered for synchronization because synchronization is not active
2024-10-21 12:41:39 DEBUG o.m.s.t.SpringManagedTransaction - JDBC Connection [HikariProxyConnection@1123413359 wrapping oracle.jdbc.driver.T4CConnection@3ab595c8] will not be managed by Spring
2024-10-21 12:41:39 DEBUG c.t.o.w.m.B.searchBaseInfoWithPagination - ==>  Preparing: SELECT Title as title, Text as text, Important_Flg as importantFlg, END_YMD as endYmd, BEGIN_YMD as beginYmd, UPD_TIMESTAMP as updTimestamp, SEQ_INFO as seqInfo FROM base_info WHERE 1=1 ORDER BY CASE WHEN important_flg = 'Y' THEN 1 ELSE 0 END DESC OFFSET ? ROWS FETCH NEXT ? ROWS ONLY
2024-10-21 12:41:39 DEBUG c.t.o.w.m.B.searchBaseInfoWithPagination - ==> Parameters: 0(Integer), 6(Integer)
2024-10-21 12:41:39 DEBUG c.t.o.w.m.B.searchBaseInfoWithPagination - <==      Total: 5
2024-10-21 12:41:39 DEBUG org.mybatis.spring.SqlSessionUtils - Closing non transactional SqlSession [org.apache.ibatis.session.defaults.DefaultSqlSession@282ae3b0]
2024-10-21 12:41:39 DEBUG org.mybatis.spring.SqlSessionUtils - Creating a new SqlSession
2024-10-21 12:41:39 DEBUG org.mybatis.spring.SqlSessionUtils - SqlSession [org.apache.ibatis.session.defaults.DefaultSqlSession@391df4ae] was not registered for synchronization because synchronization is not active
2024-10-21 12:41:39 DEBUG o.m.s.t.SpringManagedTransaction - JDBC Connection [HikariProxyConnection@2138094248 wrapping oracle.jdbc.driver.T4CConnection@3ab595c8] will not be managed by Spring
2024-10-21 12:41:39 DEBUG c.t.o.w.m.B.countBaseInfoSearchResults - ==>  Preparing: SELECT COUNT(*) FROM base_info WHERE 1=1
2024-10-21 12:41:39 DEBUG c.t.o.w.m.B.countBaseInfoSearchResults - ==> Parameters: 
2024-10-21 12:41:39 DEBUG c.t.o.w.m.B.countBaseInfoSearchResults - <==      Total: 1
2024-10-21 12:41:39 DEBUG org.mybatis.spring.SqlSessionUtils - Closing non transactional SqlSession [org.apache.ibatis.session.defaults.DefaultSqlSession@391df4ae]
2024-10-21 12:41:39 DEBUG o.s.security.web.FilterChainProxy - Securing GET /noticeDetail/roles/3
2024-10-21 12:41:39 DEBUG o.s.security.web.FilterChainProxy - Securing GET /noticeDetail/roles/1005
2024-10-21 12:41:39 DEBUG o.s.security.web.FilterChainProxy - Securing GET /noticeDetail/roles/1
2024-10-21 12:41:39 DEBUG o.s.s.w.c.HttpSessionSecurityContextRepository - Retrieved SecurityContextImpl [Authentication=UsernamePasswordAuthenticationToken [Principal=com.toray.ojt.web.entity.CustomUserDetails@cd7dcb6, Credentials=[PROTECTED], Authenticated=true, Details=WebAuthenticationDetails [RemoteIpAddress=0:0:0:0:0:0:0:1, SessionId=4D076E73BA740F070C493987949112FB], Granted Authorities=[base_admin]]]
2024-10-21 12:41:39 DEBUG o.s.s.w.c.HttpSessionSecurityContextRepository - Retrieved SecurityContextImpl [Authentication=UsernamePasswordAuthenticationToken [Principal=com.toray.ojt.web.entity.CustomUserDetails@cd7dcb6, Credentials=[PROTECTED], Authenticated=true, Details=WebAuthenticationDetails [RemoteIpAddress=0:0:0:0:0:0:0:1, SessionId=4D076E73BA740F070C493987949112FB], Granted Authorities=[base_admin]]]
2024-10-21 12:41:39 DEBUG o.s.s.w.c.HttpSessionSecurityContextRepository - Retrieved SecurityContextImpl [Authentication=UsernamePasswordAuthenticationToken [Principal=com.toray.ojt.web.entity.CustomUserDetails@cd7dcb6, Credentials=[PROTECTED], Authenticated=true, Details=WebAuthenticationDetails [RemoteIpAddress=0:0:0:0:0:0:0:1, SessionId=4D076E73BA740F070C493987949112FB], Granted Authorities=[base_admin]]]
2024-10-21 12:41:39 DEBUG o.s.security.web.FilterChainProxy - Securing GET /noticeDetail/roles/2
2024-10-21 12:41:39 DEBUG o.s.security.web.FilterChainProxy - Secured GET /noticeDetail/roles/3
2024-10-21 12:41:39 DEBUG o.s.security.web.FilterChainProxy - Secured GET /noticeDetail/roles/1005
2024-10-21 12:41:39 DEBUG o.s.security.web.FilterChainProxy - Secured GET /noticeDetail/roles/1
2024-10-21 12:41:39 DEBUG o.s.security.web.FilterChainProxy - Securing GET /noticeDetail/roles/1006
2024-10-21 12:41:39 DEBUG o.s.s.w.c.HttpSessionSecurityContextRepository - Retrieved SecurityContextImpl [Authentication=UsernamePasswordAuthenticationToken [Principal=com.toray.ojt.web.entity.CustomUserDetails@cd7dcb6, Credentials=[PROTECTED], Authenticated=true, Details=WebAuthenticationDetails [RemoteIpAddress=0:0:0:0:0:0:0:1, SessionId=4D076E73BA740F070C493987949112FB], Granted Authorities=[base_admin]]]
2024-10-21 12:41:39 DEBUG o.s.security.web.FilterChainProxy - Secured GET /noticeDetail/roles/2
2024-10-21 12:41:39 DEBUG o.s.s.w.c.HttpSessionSecurityContextRepository - Retrieved SecurityContextImpl [Authentication=UsernamePasswordAuthenticationToken [Principal=com.toray.ojt.web.entity.CustomUserDetails@cd7dcb6, Credentials=[PROTECTED], Authenticated=true, Details=WebAuthenticationDetails [RemoteIpAddress=0:0:0:0:0:0:0:1, SessionId=4D076E73BA740F070C493987949112FB], Granted Authorities=[base_admin]]]
2024-10-21 12:41:39 DEBUG o.s.security.web.FilterChainProxy - Secured GET /noticeDetail/roles/1006
2024-10-21 12:41:39 DEBUG org.mybatis.spring.SqlSessionUtils - Creating a new SqlSession
2024-10-21 12:41:39 DEBUG org.mybatis.spring.SqlSessionUtils - Creating a new SqlSession
2024-10-21 12:41:39 DEBUG org.mybatis.spring.SqlSessionUtils - Creating a new SqlSession
2024-10-21 12:41:39 DEBUG org.mybatis.spring.SqlSessionUtils - Creating a new SqlSession
2024-10-21 12:41:39 DEBUG org.mybatis.spring.SqlSessionUtils - SqlSession [org.apache.ibatis.session.defaults.DefaultSqlSession@4ec584c6] was not registered for synchronization because synchronization is not active
2024-10-21 12:41:39 DEBUG org.mybatis.spring.SqlSessionUtils - SqlSession [org.apache.ibatis.session.defaults.DefaultSqlSession@33985766] was not registered for synchronization because synchronization is not active
2024-10-21 12:41:39 DEBUG org.mybatis.spring.SqlSessionUtils - Creating a new SqlSession
2024-10-21 12:41:39 DEBUG org.mybatis.spring.SqlSessionUtils - SqlSession [org.apache.ibatis.session.defaults.DefaultSqlSession@16aab3f9] was not registered for synchronization because synchronization is not active
2024-10-21 12:41:39 DEBUG o.m.s.t.SpringManagedTransaction - JDBC Connection [HikariProxyConnection@723373075 wrapping oracle.jdbc.driver.T4CConnection@3ab595c8] will not be managed by Spring
2024-10-21 12:41:39 DEBUG c.t.o.w.m.B.getRolesBySeqInfo - ==>  Preparing: SELECT ROLE AS role FROM BASE_INFO_VIEW_ROLE WHERE SEQ_INFO = ?
2024-10-21 12:41:39 DEBUG org.mybatis.spring.SqlSessionUtils - SqlSession [org.apache.ibatis.session.defaults.DefaultSqlSession@2dbe79ad] was not registered for synchronization because synchronization is not active
2024-10-21 12:41:39 DEBUG org.mybatis.spring.SqlSessionUtils - SqlSession [org.apache.ibatis.session.defaults.DefaultSqlSession@14b522d4] was not registered for synchronization because synchronization is not active
2024-10-21 12:41:39 DEBUG o.m.s.t.SpringManagedTransaction - JDBC Connection [HikariProxyConnection@1913369227 wrapping oracle.jdbc.driver.T4CConnection@656fcb2] will not be managed by Spring
2024-10-21 12:41:39 DEBUG c.t.o.w.m.B.getRolesBySeqInfo - ==>  Preparing: SELECT ROLE AS role FROM BASE_INFO_VIEW_ROLE WHERE SEQ_INFO = ?
2024-10-21 12:41:39 DEBUG o.m.s.t.SpringManagedTransaction - JDBC Connection [HikariProxyConnection@1434986735 wrapping oracle.jdbc.driver.T4CConnection@b1eff25] will not be managed by Spring
2024-10-21 12:41:39 DEBUG o.m.s.t.SpringManagedTransaction - JDBC Connection [HikariProxyConnection@363798591 wrapping oracle.jdbc.driver.T4CConnection@7eac3c6a] will not be managed by Spring
2024-10-21 12:41:39 DEBUG c.t.o.w.m.B.getRolesBySeqInfo - ==>  Preparing: SELECT ROLE AS role FROM BASE_INFO_VIEW_ROLE WHERE SEQ_INFO = ?
2024-10-21 12:41:39 DEBUG c.t.o.w.m.B.getRolesBySeqInfo - ==>  Preparing: SELECT ROLE AS role FROM BASE_INFO_VIEW_ROLE WHERE SEQ_INFO = ?
2024-10-21 12:41:39 DEBUG o.m.s.t.SpringManagedTransaction - JDBC Connection [HikariProxyConnection@2075661307 wrapping oracle.jdbc.driver.T4CConnection@1b8ec2dc] will not be managed by Spring
2024-10-21 12:41:39 DEBUG c.t.o.w.m.B.getRolesBySeqInfo - ==>  Preparing: SELECT ROLE AS role FROM BASE_INFO_VIEW_ROLE WHERE SEQ_INFO = ?
2024-10-21 12:41:39 DEBUG c.t.o.w.m.B.getRolesBySeqInfo - ==> Parameters: 1006(Long)
2024-10-21 12:41:39 DEBUG c.t.o.w.m.B.getRolesBySeqInfo - ==> Parameters: 2(Long)
2024-10-21 12:41:39 DEBUG c.t.o.w.m.B.getRolesBySeqInfo - ==> Parameters: 3(Long)
2024-10-21 12:41:39 DEBUG c.t.o.w.m.B.getRolesBySeqInfo - ==> Parameters: 1005(Long)
2024-10-21 12:41:39 DEBUG c.t.o.w.m.B.getRolesBySeqInfo - ==> Parameters: 1(Long)
2024-10-21 12:41:39 DEBUG c.t.o.w.m.B.getRolesBySeqInfo - <==      Total: 0
2024-10-21 12:41:39 DEBUG org.mybatis.spring.SqlSessionUtils - Closing non transactional SqlSession [org.apache.ibatis.session.defaults.DefaultSqlSession@14b522d4]
2024-10-21 12:41:39 DEBUG c.t.o.w.m.B.getRolesBySeqInfo - <==      Total: 1
2024-10-21 12:41:39 DEBUG c.t.o.w.m.B.getRolesBySeqInfo - <==      Total: 1
2024-10-21 12:41:39 DEBUG org.mybatis.spring.SqlSessionUtils - Closing non transactional SqlSession [org.apache.ibatis.session.defaults.DefaultSqlSession@16aab3f9]
2024-10-21 12:41:39 DEBUG org.mybatis.spring.SqlSessionUtils - Closing non transactional SqlSession [org.apache.ibatis.session.defaults.DefaultSqlSession@4ec584c6]
2024-10-21 12:41:39 DEBUG c.t.o.w.m.B.getRolesBySeqInfo - <==      Total: 0
2024-10-21 12:41:39 DEBUG org.mybatis.spring.SqlSessionUtils - Closing non transactional SqlSession [org.apache.ibatis.session.defaults.DefaultSqlSession@2dbe79ad]
2024-10-21 12:41:39 DEBUG c.t.o.w.m.B.getRolesBySeqInfo - <==      Total: 1
2024-10-21 12:41:39 DEBUG org.mybatis.spring.SqlSessionUtils - Closing non transactional SqlSession [org.apache.ibatis.session.defaults.DefaultSqlSession@33985766]
2024-10-21 14:20:17 WARN  com.zaxxer.hikari.pool.HikariPool - HikariPool-1 - Thread starvation or clock leap detected (housekeeper delta=1h36m26s739ms799µs).
2024-10-21 14:23:08 INFO  com.zaxxer.hikari.HikariDataSource - HikariPool-1 - Shutdown initiated...
2024-10-21 14:23:08 INFO  com.zaxxer.hikari.HikariDataSource - HikariPool-1 - Shutdown completed.
