2024-10-29 09:32:23 INFO  o.h.validator.internal.util.Version - HV000001: Hibernate Validator 8.0.1.Final
2024-10-29 09:32:23 INFO  com.toray.ojt.OjtApplication - Starting OjtApplication using Java 21.0.4 with PID 1756 (C:\Users\sanjay.nair\Desktop\Toray\ojt\target\classes started by sanjay.nair in C:\Users\sanjay.nair\Desktop\Toray\ojt)
2024-10-29 09:32:23 DEBUG com.toray.ojt.OjtApplication - Running with Spring Boot v3.3.4, Spring v6.1.13
2024-10-29 09:32:23 INFO  com.toray.ojt.OjtApplication - No active profile set, falling back to 1 default profile: "default"
2024-10-29 09:32:24 DEBUG o.m.s.mapper.ClassPathMapperScanner - Identified candidate component class: file [C:\Users\sanjay.nair\Desktop\Toray\ojt\target\classes\com\toray\ojt\web\mapper\BaseAttachmentMapper.class]
2024-10-29 09:32:24 DEBUG o.m.s.mapper.ClassPathMapperScanner - Identified candidate component class: file [C:\Users\sanjay.nair\Desktop\Toray\ojt\target\classes\com\toray\ojt\web\mapper\BaseAttributeMapper.class]
2024-10-29 09:32:24 DEBUG o.m.s.mapper.ClassPathMapperScanner - Identified candidate component class: file [C:\Users\sanjay.nair\Desktop\Toray\ojt\target\classes\com\toray\ojt\web\mapper\BaseInfoMapper.class]
2024-10-29 09:32:24 DEBUG o.m.s.mapper.ClassPathMapperScanner - Identified candidate component class: file [C:\Users\sanjay.nair\Desktop\Toray\ojt\target\classes\com\toray\ojt\web\mapper\TGuideMapper.class]
2024-10-29 09:32:24 DEBUG o.m.s.mapper.ClassPathMapperScanner - Identified candidate component class: file [C:\Users\sanjay.nair\Desktop\Toray\ojt\target\classes\com\toray\ojt\web\mapper\ToDoMapper.class]
2024-10-29 09:32:24 DEBUG o.m.s.mapper.ClassPathMapperScanner - Identified candidate component class: file [C:\Users\sanjay.nair\Desktop\Toray\ojt\target\classes\com\toray\ojt\web\mapper\UserDetailsMapper.class]
2024-10-29 09:32:24 DEBUG o.m.s.mapper.ClassPathMapperScanner - Identified candidate component class: file [C:\Users\sanjay.nair\Desktop\Toray\ojt\target\classes\com\toray\ojt\web\mapper\UserMapper.class]
2024-10-29 09:32:24 DEBUG o.m.s.mapper.ClassPathMapperScanner - Creating MapperFactoryBean with name 'baseAttachmentMapper' and 'com.toray.ojt.web.mapper.BaseAttachmentMapper' mapperInterface
2024-10-29 09:32:24 DEBUG o.m.s.mapper.ClassPathMapperScanner - Enabling autowire by type for MapperFactoryBean with name 'baseAttachmentMapper'.
2024-10-29 09:32:24 DEBUG o.m.s.mapper.ClassPathMapperScanner - Creating MapperFactoryBean with name 'baseAttributeMapper' and 'com.toray.ojt.web.mapper.BaseAttributeMapper' mapperInterface
2024-10-29 09:32:24 DEBUG o.m.s.mapper.ClassPathMapperScanner - Enabling autowire by type for MapperFactoryBean with name 'baseAttributeMapper'.
2024-10-29 09:32:24 DEBUG o.m.s.mapper.ClassPathMapperScanner - Creating MapperFactoryBean with name 'baseInfoMapper' and 'com.toray.ojt.web.mapper.BaseInfoMapper' mapperInterface
2024-10-29 09:32:24 DEBUG o.m.s.mapper.ClassPathMapperScanner - Enabling autowire by type for MapperFactoryBean with name 'baseInfoMapper'.
2024-10-29 09:32:24 DEBUG o.m.s.mapper.ClassPathMapperScanner - Creating MapperFactoryBean with name 'TGuideMapper' and 'com.toray.ojt.web.mapper.TGuideMapper' mapperInterface
2024-10-29 09:32:24 DEBUG o.m.s.mapper.ClassPathMapperScanner - Enabling autowire by type for MapperFactoryBean with name 'TGuideMapper'.
2024-10-29 09:32:24 DEBUG o.m.s.mapper.ClassPathMapperScanner - Creating MapperFactoryBean with name 'toDoMapper' and 'com.toray.ojt.web.mapper.ToDoMapper' mapperInterface
2024-10-29 09:32:24 DEBUG o.m.s.mapper.ClassPathMapperScanner - Enabling autowire by type for MapperFactoryBean with name 'toDoMapper'.
2024-10-29 09:32:24 DEBUG o.m.s.mapper.ClassPathMapperScanner - Creating MapperFactoryBean with name 'userDetailsMapper' and 'com.toray.ojt.web.mapper.UserDetailsMapper' mapperInterface
2024-10-29 09:32:24 DEBUG o.m.s.mapper.ClassPathMapperScanner - Enabling autowire by type for MapperFactoryBean with name 'userDetailsMapper'.
2024-10-29 09:32:24 DEBUG o.m.s.mapper.ClassPathMapperScanner - Creating MapperFactoryBean with name 'userMapper' and 'com.toray.ojt.web.mapper.UserMapper' mapperInterface
2024-10-29 09:32:24 DEBUG o.m.s.mapper.ClassPathMapperScanner - Enabling autowire by type for MapperFactoryBean with name 'userMapper'.
2024-10-29 09:32:25 INFO  o.s.b.w.e.tomcat.TomcatWebServer - Tomcat initialized with port 8080 (http)
2024-10-29 09:32:25 INFO  o.a.coyote.http11.Http11NioProtocol - Initializing ProtocolHandler ["http-nio-8080"]
2024-10-29 09:32:25 INFO  o.a.catalina.core.StandardService - Starting service [Tomcat]
2024-10-29 09:32:25 INFO  o.a.catalina.core.StandardEngine - Starting Servlet engine: [Apache Tomcat/10.1.30]
2024-10-29 09:32:25 INFO  o.a.c.c.C.[Tomcat].[localhost].[/] - Initializing Spring embedded WebApplicationContext
2024-10-29 09:32:25 INFO  o.s.b.w.s.c.ServletWebServerApplicationContext - Root WebApplicationContext: initialization completed in 1704 ms
2024-10-29 09:32:25 DEBUG o.m.spring.SqlSessionFactoryBean - Property 'configuration' or 'configLocation' not specified, using default MyBatis Configuration
2024-10-29 09:32:25 DEBUG o.m.spring.SqlSessionFactoryBean - Parsed mapper file: 'file [C:\Users\sanjay.nair\Desktop\Toray\ojt\target\classes\mappers\BaseAttachmentMapper.xml]'
2024-10-29 09:32:25 DEBUG o.m.spring.SqlSessionFactoryBean - Parsed mapper file: 'file [C:\Users\sanjay.nair\Desktop\Toray\ojt\target\classes\mappers\BaseAttributeMapper.xml]'
2024-10-29 09:32:25 DEBUG o.m.spring.SqlSessionFactoryBean - Parsed mapper file: 'file [C:\Users\sanjay.nair\Desktop\Toray\ojt\target\classes\mappers\BaseInfo.xml]'
2024-10-29 09:32:25 DEBUG o.m.spring.SqlSessionFactoryBean - Parsed mapper file: 'file [C:\Users\sanjay.nair\Desktop\Toray\ojt\target\classes\mappers\BaseInfoMapper.xml]'
2024-10-29 09:32:25 DEBUG o.m.spring.SqlSessionFactoryBean - Parsed mapper file: 'file [C:\Users\sanjay.nair\Desktop\Toray\ojt\target\classes\mappers\TGuideMapper.xml]'
2024-10-29 09:32:25 DEBUG o.m.spring.SqlSessionFactoryBean - Parsed mapper file: 'file [C:\Users\sanjay.nair\Desktop\Toray\ojt\target\classes\mappers\ToDoMapper.xml]'
2024-10-29 09:32:26 DEBUG o.m.spring.SqlSessionFactoryBean - Parsed mapper file: 'file [C:\Users\sanjay.nair\Desktop\Toray\ojt\target\classes\mappers\UserDetailsMapper.xml]'
2024-10-29 09:32:26 DEBUG o.m.spring.SqlSessionFactoryBean - Parsed mapper file: 'file [C:\Users\sanjay.nair\Desktop\Toray\ojt\target\classes\mappers\UserMapper.xml]'
2024-10-29 09:32:26 DEBUG o.f.c.i.s.classpath.ClassPathScanner - Scanning for classpath resources at 'classpath:db/callback' ...
2024-10-29 09:32:26 DEBUG o.f.c.i.s.classpath.ClassPathScanner - Determining location urls for classpath:db/callback using ClassLoader jdk.internal.loader.ClassLoaders$AppClassLoader@76ed5528 ...
2024-10-29 09:32:26 DEBUG o.f.c.i.s.classpath.ClassPathScanner - Unable to resolve location classpath:db/callback.
2024-10-29 09:32:26 DEBUG o.f.c.i.s.classpath.ClassPathScanner - Scanning for classpath resources at 'classpath:db/migration' ...
2024-10-29 09:32:26 DEBUG o.f.c.i.s.classpath.ClassPathScanner - Determining location urls for classpath:db/migration using ClassLoader jdk.internal.loader.ClassLoaders$AppClassLoader@76ed5528 ...
2024-10-29 09:32:26 DEBUG o.f.c.i.s.classpath.ClassPathScanner - Scanning URL: file:/C:/Users/sanjay.nair/Desktop/Toray/ojt/target/classes/db/migration
2024-10-29 09:32:26 DEBUG o.f.c.i.s.c.FileSystemClassPathLocationScanner - Scanning starting at classpath root in filesystem: C:\Users\sanjay.nair\Desktop\Toray\ojt\target\classes\
2024-10-29 09:32:26 DEBUG o.f.c.i.s.c.FileSystemClassPathLocationScanner - Scanning for resources in path: C:\Users\sanjay.nair\Desktop\Toray\ojt\target\classes\db\migration (db/migration)
2024-10-29 09:32:26 DEBUG o.f.c.i.s.classpath.ClassPathScanner - Found resource: db/migration/V2__create_table_ddl_statements.sql
2024-10-29 09:32:26 DEBUG o.f.c.i.s.classpath.ClassPathScanner - Found resource: db/migration/V3__foreign_key_setup.sql
2024-10-29 09:32:26 DEBUG o.f.c.i.s.classpath.ClassPathScanner - Found resource: db/migration/V4__Initial_Insert.sql
2024-10-29 09:32:26 DEBUG o.f.c.i.s.classpath.ClassPathScanner - Found resource: db/migration/V5__Insert_M_GYOMU_IRAI.sql
2024-10-29 09:32:26 DEBUG o.f.c.i.s.classpath.ClassPathScanner - Found resource: db/migration/V8__Insert_Base_info1.sql
2024-10-29 09:32:26 DEBUG o.f.c.i.s.classpath.ClassPathScanner - Scanning for classes at classpath:db/migration
2024-10-29 09:32:26 DEBUG o.f.c.i.r.ResourceNameValidator - Validating V4__Initial_Insert.sql
2024-10-29 09:32:26 INFO  com.zaxxer.hikari.HikariDataSource - HikariPool-1 - Starting...
2024-10-29 09:32:26 INFO  com.zaxxer.hikari.pool.HikariPool - HikariPool-1 - Added connection oracle.jdbc.driver.T4CConnection@5fdd97c1
2024-10-29 09:32:26 INFO  com.zaxxer.hikari.HikariDataSource - HikariPool-1 - Start completed.
2024-10-29 09:32:26 DEBUG o.f.c.i.r.ResourceNameValidator - Validating V8__Insert_Base_info1.sql
2024-10-29 09:32:26 DEBUG o.f.c.i.r.ResourceNameValidator - Validating V3__foreign_key_setup.sql
2024-10-29 09:32:26 DEBUG o.f.c.i.r.ResourceNameValidator - Validating V2__create_table_ddl_statements.sql
2024-10-29 09:32:26 DEBUG o.f.c.i.r.ResourceNameValidator - Validating V5__Insert_M_GYOMU_IRAI.sql
2024-10-29 09:32:26 INFO  org.flywaydb.core.FlywayExecutor - Database: jdbc:oracle:thin:@localhost:1521/test (Oracle 19.0)
2024-10-29 09:32:26 DEBUG org.flywaydb.core.FlywayExecutor - Driver: Oracle JDBC driver 19.8.0.0.0
2024-10-29 09:32:26 DEBUG org.flywaydb.core.FlywayExecutor - DDL Transactions Supported: false
2024-10-29 09:32:26 DEBUG o.f.c.i.s.SchemaHistoryFactory - Schemas: 
2024-10-29 09:32:26 DEBUG o.f.c.i.s.SchemaHistoryFactory - Default schema: null
2024-10-29 09:32:26 DEBUG o.f.c.i.c.SqlScriptCallbackFactory - Scanning for SQL callbacks ...
2024-10-29 09:32:26 DEBUG o.f.core.internal.command.DbValidate - Validating migrations ...
2024-10-29 09:32:26 DEBUG o.f.c.a.c.ClassicConfiguration - CherryPickConfigurationExtension not found
2024-10-29 09:32:26 DEBUG o.f.core.internal.scanner.Scanner - Filtering out resource: db/migration/V4__Initial_Insert.sql (filename: V4__Initial_Insert.sql)
2024-10-29 09:32:26 DEBUG o.f.core.internal.scanner.Scanner - Filtering out resource: db/migration/V8__Insert_Base_info1.sql (filename: V8__Insert_Base_info1.sql)
2024-10-29 09:32:26 DEBUG o.f.core.internal.scanner.Scanner - Filtering out resource: db/migration/V3__foreign_key_setup.sql (filename: V3__foreign_key_setup.sql)
2024-10-29 09:32:26 DEBUG o.f.core.internal.scanner.Scanner - Filtering out resource: db/migration/V2__create_table_ddl_statements.sql (filename: V2__create_table_ddl_statements.sql)
2024-10-29 09:32:26 DEBUG o.f.core.internal.scanner.Scanner - Filtering out resource: db/migration/V5__Insert_M_GYOMU_IRAI.sql (filename: V5__Insert_M_GYOMU_IRAI.sql)
2024-10-29 09:32:26 DEBUG o.f.core.internal.scanner.Scanner - Filtering out resource: db/migration/V4__Initial_Insert.sql (filename: V4__Initial_Insert.sql)
2024-10-29 09:32:26 DEBUG o.f.core.internal.scanner.Scanner - Filtering out resource: db/migration/V8__Insert_Base_info1.sql (filename: V8__Insert_Base_info1.sql)
2024-10-29 09:32:26 DEBUG o.f.core.internal.scanner.Scanner - Filtering out resource: db/migration/V3__foreign_key_setup.sql (filename: V3__foreign_key_setup.sql)
2024-10-29 09:32:26 DEBUG o.f.core.internal.scanner.Scanner - Filtering out resource: db/migration/V2__create_table_ddl_statements.sql (filename: V2__create_table_ddl_statements.sql)
2024-10-29 09:32:26 DEBUG o.f.core.internal.scanner.Scanner - Filtering out resource: db/migration/V5__Insert_M_GYOMU_IRAI.sql (filename: V5__Insert_M_GYOMU_IRAI.sql)
2024-10-29 09:32:26 INFO  o.f.core.internal.command.DbValidate - Successfully validated 6 migrations (execution time 00:00.107s)
2024-10-29 09:32:26 DEBUG o.f.core.internal.command.DbSchemas - Skipping creation of existing schema: "SYS"
2024-10-29 09:32:27 DEBUG o.f.c.a.c.ClassicConfiguration - CherryPickConfigurationExtension not found
2024-10-29 09:32:27 INFO  o.f.core.internal.command.DbMigrate - Current version of schema "SYS": 8
2024-10-29 09:32:27 INFO  o.f.core.internal.command.DbMigrate - Schema "SYS" is up to date. No migration necessary.
2024-10-29 09:32:27 DEBUG org.flywaydb.core.FlywayExecutor - Memory usage: 55 of 150M
2024-10-29 09:32:27 INFO  o.s.s.c.a.a.c.InitializeUserDetailsBeanManagerConfigurer$InitializeUserDetailsManagerConfigurer - Global AuthenticationManager configured with UserDetailsService bean with name customUserDetailsService
2024-10-29 09:32:27 DEBUG o.s.s.web.DefaultSecurityFilterChain - Will secure any request with filters: DisableEncodeUrlFilter, WebAsyncManagerIntegrationFilter, SecurityContextHolderFilter, HeaderWriterFilter, CsrfFilter, LogoutFilter, UsernamePasswordAuthenticationFilter, RequestCacheAwareFilter, SecurityContextHolderAwareRequestFilter, AnonymousAuthenticationFilter, ExceptionTranslationFilter, AuthorizationFilter
2024-10-29 09:32:28 INFO  o.a.coyote.http11.Http11NioProtocol - Starting ProtocolHandler ["http-nio-8080"]
2024-10-29 09:32:28 INFO  o.s.b.w.e.tomcat.TomcatWebServer - Tomcat started on port 8080 (http) with context path '/'
2024-10-29 09:32:28 INFO  com.toray.ojt.OjtApplication - Started OjtApplication in 5.257 seconds (process running for 5.747)
2024-10-29 09:32:48 INFO  o.a.c.c.C.[Tomcat].[localhost].[/] - Initializing Spring DispatcherServlet 'dispatcherServlet'
2024-10-29 09:32:48 INFO  o.s.web.servlet.DispatcherServlet - Initializing Servlet 'dispatcherServlet'
2024-10-29 09:32:48 INFO  o.s.web.servlet.DispatcherServlet - Completed initialization in 2 ms
2024-10-29 09:32:48 DEBUG o.s.security.web.FilterChainProxy - Securing GET /
2024-10-29 09:32:48 DEBUG o.s.security.web.FilterChainProxy - Secured GET /
2024-10-29 09:32:49 DEBUG o.s.s.w.a.AnonymousAuthenticationFilter - Set SecurityContextHolder to anonymous SecurityContext
2024-10-29 09:32:49 DEBUG o.s.security.web.FilterChainProxy - Securing GET /images/GIPS_logo.jpg
2024-10-29 09:32:49 DEBUG o.s.security.web.FilterChainProxy - Securing GET /css/login.css
2024-10-29 09:32:49 DEBUG o.s.security.web.FilterChainProxy - Secured GET /images/GIPS_logo.jpg
2024-10-29 09:32:49 DEBUG o.s.security.web.FilterChainProxy - Secured GET /css/login.css
2024-10-29 09:32:49 DEBUG o.s.s.w.a.AnonymousAuthenticationFilter - Set SecurityContextHolder to anonymous SecurityContext
2024-10-29 09:32:49 DEBUG o.s.s.w.a.AnonymousAuthenticationFilter - Set SecurityContextHolder to anonymous SecurityContext
2024-10-29 09:32:49 DEBUG o.s.security.web.FilterChainProxy - Securing GET /favicon.ico
2024-10-29 09:32:49 DEBUG o.s.s.w.a.AnonymousAuthenticationFilter - Set SecurityContextHolder to anonymous SecurityContext
2024-10-29 09:32:49 DEBUG o.s.s.web.DefaultRedirectStrategy - Redirecting to http://localhost:8080/
2024-10-29 09:32:49 DEBUG o.s.security.web.FilterChainProxy - Securing GET /
2024-10-29 09:32:49 DEBUG o.s.security.web.FilterChainProxy - Secured GET /
2024-10-29 09:32:49 DEBUG o.s.s.w.a.AnonymousAuthenticationFilter - Set SecurityContextHolder to anonymous SecurityContext
2024-10-29 09:32:55 DEBUG o.s.security.web.FilterChainProxy - Securing POST /login
2024-10-29 09:32:55 DEBUG c.t.o.w.s.i.CustomUserDetailsService - Parameter username: A12345
2024-10-29 09:32:55 DEBUG org.mybatis.spring.SqlSessionUtils - Creating a new SqlSession
2024-10-29 09:32:55 DEBUG org.mybatis.spring.SqlSessionUtils - SqlSession [org.apache.ibatis.session.defaults.DefaultSqlSession@c866a2e] was not registered for synchronization because synchronization is not active
2024-10-29 09:32:55 DEBUG o.m.s.t.SpringManagedTransaction - JDBC Connection [HikariProxyConnection@516942447 wrapping oracle.jdbc.driver.T4CConnection@5fdd97c1] will not be managed by Spring
2024-10-29 09:32:55 DEBUG c.t.o.w.m.UserMapper.findByAccountId - ==>  Preparing: SELECT * FROM BASE_PARTY_ACCOUNT WHERE ACCOUNT_ID = ?
2024-10-29 09:32:55 DEBUG c.t.o.w.m.UserMapper.findByAccountId - ==> Parameters: A12345(String)
2024-10-29 09:32:55 DEBUG c.t.o.w.m.UserMapper.findByAccountId - <==      Total: 1
2024-10-29 09:32:55 DEBUG org.mybatis.spring.SqlSessionUtils - Closing non transactional SqlSession [org.apache.ibatis.session.defaults.DefaultSqlSession@c866a2e]
2024-10-29 09:32:55 DEBUG c.t.o.w.s.i.CustomUserDetailsService - User Object: com.toray.ojt.web.entity.User@3e66e0a8
2024-10-29 09:32:55 DEBUG c.t.o.w.s.i.CustomUserDetailsService - isExpired: 1
2024-10-29 09:32:55 DEBUG org.mybatis.spring.SqlSessionUtils - Creating a new SqlSession
2024-10-29 09:32:55 DEBUG org.mybatis.spring.SqlSessionUtils - SqlSession [org.apache.ibatis.session.defaults.DefaultSqlSession@27f8dc3b] was not registered for synchronization because synchronization is not active
2024-10-29 09:32:55 DEBUG o.m.s.t.SpringManagedTransaction - JDBC Connection [HikariProxyConnection@1936958920 wrapping oracle.jdbc.driver.T4CConnection@5fdd97c1] will not be managed by Spring
2024-10-29 09:32:55 DEBUG c.t.o.w.m.B.findAtrributeNameByPartyId - ==>  Preparing: SELECT ATTRIBUTE_NAME FROM BASE_PARTY_ATTRIBUTE WHERE PARTY_ID = ?
2024-10-29 09:32:55 DEBUG c.t.o.w.m.B.findAtrributeNameByPartyId - ==> Parameters: P12345(String)
2024-10-29 09:32:55 DEBUG c.t.o.w.m.B.findAtrributeNameByPartyId - <==      Total: 1
2024-10-29 09:32:55 DEBUG org.mybatis.spring.SqlSessionUtils - Closing non transactional SqlSession [org.apache.ibatis.session.defaults.DefaultSqlSession@27f8dc3b]
2024-10-29 09:32:55 DEBUG c.t.o.w.s.i.CustomUserDetailsService - User role: base_admin
2024-10-29 09:32:55 DEBUG org.mybatis.spring.SqlSessionUtils - Creating a new SqlSession
2024-10-29 09:32:55 DEBUG org.mybatis.spring.SqlSessionUtils - SqlSession [org.apache.ibatis.session.defaults.DefaultSqlSession@501b7a1e] was not registered for synchronization because synchronization is not active
2024-10-29 09:32:55 DEBUG o.m.s.t.SpringManagedTransaction - JDBC Connection [HikariProxyConnection@220604282 wrapping oracle.jdbc.driver.T4CConnection@5fdd97c1] will not be managed by Spring
2024-10-29 09:32:55 DEBUG c.t.o.w.m.U.findUserNameByPartyId - ==>  Preparing: SELECT * FROM BASE_PARTY WHERE PARTY_ID = ?
2024-10-29 09:32:55 DEBUG c.t.o.w.m.U.findUserNameByPartyId - ==> Parameters: P12345(String)
2024-10-29 09:32:55 DEBUG c.t.o.w.m.U.findUserNameByPartyId - <==      Total: 1
2024-10-29 09:32:55 DEBUG org.mybatis.spring.SqlSessionUtils - Closing non transactional SqlSession [org.apache.ibatis.session.defaults.DefaultSqlSession@501b7a1e]
2024-10-29 09:32:55 DEBUG o.s.s.a.d.DaoAuthenticationProvider - Authenticated user
2024-10-29 09:32:55 DEBUG o.s.s.w.a.s.ChangeSessionIdAuthenticationStrategy - Changed session id from 4131EC8F83879AC30DF1224D8E0DA633
2024-10-29 09:32:55 DEBUG o.s.s.w.c.CsrfAuthenticationStrategy - Replaced CSRF Token
2024-10-29 09:32:55 DEBUG o.s.s.w.c.HttpSessionSecurityContextRepository - Stored SecurityContextImpl [Authentication=UsernamePasswordAuthenticationToken [Principal=com.toray.ojt.web.entity.CustomUserDetails@66e6baf7, Credentials=[PROTECTED], Authenticated=true, Details=WebAuthenticationDetails [RemoteIpAddress=0:0:0:0:0:0:0:1, SessionId=4131EC8F83879AC30DF1224D8E0DA633], Granted Authorities=[base_admin]]] to HttpSession [org.apache.catalina.session.StandardSessionFacade@2ea1b8cb]
2024-10-29 09:32:55 DEBUG o.s.s.w.a.UsernamePasswordAuthenticationFilter - Set SecurityContextHolder to UsernamePasswordAuthenticationToken [Principal=com.toray.ojt.web.entity.CustomUserDetails@66e6baf7, Credentials=[PROTECTED], Authenticated=true, Details=WebAuthenticationDetails [RemoteIpAddress=0:0:0:0:0:0:0:1, SessionId=4131EC8F83879AC30DF1224D8E0DA633], Granted Authorities=[base_admin]]
2024-10-29 09:32:55 DEBUG org.mybatis.spring.SqlSessionUtils - Creating a new SqlSession
2024-10-29 09:32:55 DEBUG org.mybatis.spring.SqlSessionUtils - SqlSession [org.apache.ibatis.session.defaults.DefaultSqlSession@6b114325] was not registered for synchronization because synchronization is not active
2024-10-29 09:32:55 DEBUG o.m.s.t.SpringManagedTransaction - JDBC Connection [HikariProxyConnection@955477426 wrapping oracle.jdbc.driver.T4CConnection@5fdd97c1] will not be managed by Spring
2024-10-29 09:32:55 DEBUG c.t.o.w.m.UserMapper.findByAccountId - ==>  Preparing: SELECT * FROM BASE_PARTY_ACCOUNT WHERE ACCOUNT_ID = ?
2024-10-29 09:32:55 DEBUG c.t.o.w.m.UserMapper.findByAccountId - ==> Parameters: A12345(String)
2024-10-29 09:32:55 DEBUG c.t.o.w.m.UserMapper.findByAccountId - <==      Total: 1
2024-10-29 09:32:55 DEBUG org.mybatis.spring.SqlSessionUtils - Closing non transactional SqlSession [org.apache.ibatis.session.defaults.DefaultSqlSession@6b114325]
2024-10-29 09:32:55 DEBUG org.mybatis.spring.SqlSessionUtils - Creating a new SqlSession
2024-10-29 09:32:55 DEBUG org.mybatis.spring.SqlSessionUtils - SqlSession [org.apache.ibatis.session.defaults.DefaultSqlSession@1b37ed87] was not registered for synchronization because synchronization is not active
2024-10-29 09:32:55 DEBUG o.m.s.t.SpringManagedTransaction - JDBC Connection [HikariProxyConnection@1544672739 wrapping oracle.jdbc.driver.T4CConnection@5fdd97c1] will not be managed by Spring
2024-10-29 09:32:55 DEBUG c.t.o.w.m.U.updateFailedLoginAttempt - ==>  Preparing: UPDATE BASE_PARTY_ACCOUNT SET STATE = CASE WHEN ? IS NOT NULL THEN ? ELSE STATE END, FAILED_LOGIN_ATTEMPTS = CASE WHEN ? IS NOT NULL THEN ? ELSE FAILED_LOGIN_ATTEMPTS END, UPD_TIMESTAMP = CURRENT_TIMESTAMP -- Update timestamp for when the user was updated WHERE ACCOUNT_ID = ?
2024-10-29 09:32:55 DEBUG c.t.o.w.m.U.updateFailedLoginAttempt - ==> Parameters: A(String), A(String), 0(Integer), 0(Integer), A12345(String)
2024-10-29 09:32:55 DEBUG c.t.o.w.m.U.updateFailedLoginAttempt - <==    Updates: 1
2024-10-29 09:32:55 DEBUG org.mybatis.spring.SqlSessionUtils - Closing non transactional SqlSession [org.apache.ibatis.session.defaults.DefaultSqlSession@1b37ed87]
2024-10-29 09:32:55 DEBUG o.s.security.web.FilterChainProxy - Securing GET /toppage
2024-10-29 09:32:55 DEBUG o.s.s.w.c.HttpSessionSecurityContextRepository - Retrieved SecurityContextImpl [Authentication=UsernamePasswordAuthenticationToken [Principal=com.toray.ojt.web.entity.CustomUserDetails@66e6baf7, Credentials=[PROTECTED], Authenticated=true, Details=WebAuthenticationDetails [RemoteIpAddress=0:0:0:0:0:0:0:1, SessionId=4131EC8F83879AC30DF1224D8E0DA633], Granted Authorities=[base_admin]]]
2024-10-29 09:32:55 DEBUG o.s.security.web.FilterChainProxy - Secured GET /toppage
2024-10-29 09:32:55 DEBUG org.mybatis.spring.SqlSessionUtils - Creating a new SqlSession
2024-10-29 09:32:55 DEBUG org.mybatis.spring.SqlSessionUtils - SqlSession [org.apache.ibatis.session.defaults.DefaultSqlSession@353abf61] was not registered for synchronization because synchronization is not active
2024-10-29 09:32:55 DEBUG o.m.s.t.SpringManagedTransaction - JDBC Connection [HikariProxyConnection@1302404720 wrapping oracle.jdbc.driver.T4CConnection@5fdd97c1] will not be managed by Spring
2024-10-29 09:32:55 DEBUG c.t.o.w.m.B.findBaseInfo - ==>  Preparing: SELECT TITLE AS title, BEGIN_YMD AS beginYmd, IMPORTANT_FLG AS importantFlg FROM BASE_INFO WHERE CURRENT_DATE BETWEEN BEGIN_YMD AND END_YMD ORDER BY IMPORTANT_FLG desc
2024-10-29 09:32:55 DEBUG c.t.o.w.m.B.findBaseInfo - ==> Parameters: 
2024-10-29 09:32:55 DEBUG c.t.o.w.m.B.findBaseInfo - <==      Total: 7
2024-10-29 09:32:55 DEBUG org.mybatis.spring.SqlSessionUtils - Closing non transactional SqlSession [org.apache.ibatis.session.defaults.DefaultSqlSession@353abf61]
2024-10-29 09:32:55 DEBUG org.mybatis.spring.SqlSessionUtils - Creating a new SqlSession
2024-10-29 09:32:55 DEBUG org.mybatis.spring.SqlSessionUtils - SqlSession [org.apache.ibatis.session.defaults.DefaultSqlSession@556e4455] was not registered for synchronization because synchronization is not active
2024-10-29 09:32:55 DEBUG o.m.s.t.SpringManagedTransaction - JDBC Connection [HikariProxyConnection@2057296175 wrapping oracle.jdbc.driver.T4CConnection@5fdd97c1] will not be managed by Spring
2024-10-29 09:32:55 DEBUG c.t.o.w.m.TGuideMapper.findTGuide - ==>  Preparing: SELECT TITLE AS title, BEGIN_YMD AS beginYmd, IMPORTANT_FLG AS importantFlg FROM T_GUIDE WHERE CURRENT_DATE BETWEEN BEGIN_YMD AND END_YMD ORDER BY IMPORTANT_FLG desc
2024-10-29 09:32:55 DEBUG c.t.o.w.m.TGuideMapper.findTGuide - ==> Parameters: 
2024-10-29 09:32:55 DEBUG c.t.o.w.m.TGuideMapper.findTGuide - <==      Total: 1
2024-10-29 09:32:55 DEBUG org.mybatis.spring.SqlSessionUtils - Closing non transactional SqlSession [org.apache.ibatis.session.defaults.DefaultSqlSession@556e4455]
2024-10-29 09:32:55 DEBUG org.mybatis.spring.SqlSessionUtils - Creating a new SqlSession
2024-10-29 09:32:55 DEBUG org.mybatis.spring.SqlSessionUtils - SqlSession [org.apache.ibatis.session.defaults.DefaultSqlSession@7f651bc7] was not registered for synchronization because synchronization is not active
2024-10-29 09:32:55 DEBUG o.m.s.t.SpringManagedTransaction - JDBC Connection [HikariProxyConnection@37419649 wrapping oracle.jdbc.driver.T4CConnection@5fdd97c1] will not be managed by Spring
2024-10-29 09:32:55 DEBUG c.t.o.w.m.T.findToDoByLocale - ==>  Preparing: SELECT T1.GYOMU_CD || '-' || T1.CYCLE_NO AS gyomuCd, T1.SHUSHU_TXT AS shushuTxt, TO_CHAR(TO_DATE(T1.SHIMEKIRI_YMD, 'YYYY-MM-DD'), 'yyyy/mm/dd') AS shimekiriYMD, T1.IRAI_STATUS AS iraiStatus, T1.SEQ_IRAI AS seqIrai, COALESCE(T2.KAITO_STATUS, 'N/A') AS kaitoStatus, COALESCE(T3.USER_KBN, 'Unknown') AS userKbn, COALESCE(T3.USERID, 'Unknown') AS userId, COALESCE(T4.PARTY_NAME_EN, 'No Party') AS partyNameEn, COALESCE(T5.CODE_VALUE1, 'No Value') AS codeValue1, (SELECT COUNT(*) FROM T_IRAI) AS requestTotal FROM T_IRAI T1 LEFT JOIN T_KAITO T2 ON T1.SEQ_IRAI = T2.SEQ_IRAI LEFT JOIN T_KAITO_USER T3 ON T2.SEQ_KAITO = T3.SEQ_KAITO LEFT JOIN BASE_PARTY T4 ON T3.USERID = T4.PARTY_ID LEFT JOIN BASE_CODE T5 ON T2.KAITO_STATUS = T5.CODE AND T5.CODE_KIND = 'KAITO_STATUS' AND T5.LOCALE = ? ORDER BY shimekiriYMD
2024-10-29 09:32:55 DEBUG c.t.o.w.m.T.findToDoByLocale - ==> Parameters: en(String)
2024-10-29 09:32:55 DEBUG c.t.o.w.m.T.findToDoByLocale - <==      Total: 1
2024-10-29 09:32:55 DEBUG org.mybatis.spring.SqlSessionUtils - Closing non transactional SqlSession [org.apache.ibatis.session.defaults.DefaultSqlSession@7f651bc7]
2024-10-29 09:32:55 DEBUG org.mybatis.spring.SqlSessionUtils - Creating a new SqlSession
2024-10-29 09:32:55 DEBUG org.mybatis.spring.SqlSessionUtils - SqlSession [org.apache.ibatis.session.defaults.DefaultSqlSession@5b0dd1e8] was not registered for synchronization because synchronization is not active
2024-10-29 09:32:55 DEBUG o.m.s.t.SpringManagedTransaction - JDBC Connection [HikariProxyConnection@535857766 wrapping oracle.jdbc.driver.T4CConnection@5fdd97c1] will not be managed by Spring
2024-10-29 09:32:55 DEBUG c.t.o.w.m.T.findToDoByLocale - ==>  Preparing: SELECT T1.GYOMU_CD || '-' || T1.CYCLE_NO AS gyomuCd, T1.SHUSHU_TXT AS shushuTxt, TO_CHAR(TO_DATE(T1.SHIMEKIRI_YMD, 'YYYY-MM-DD'), 'yyyy/mm/dd') AS shimekiriYMD, T1.IRAI_STATUS AS iraiStatus, T1.SEQ_IRAI AS seqIrai, COALESCE(T2.KAITO_STATUS, 'N/A') AS kaitoStatus, COALESCE(T3.USER_KBN, 'Unknown') AS userKbn, COALESCE(T3.USERID, 'Unknown') AS userId, COALESCE(T4.PARTY_NAME_EN, 'No Party') AS partyNameEn, COALESCE(T5.CODE_VALUE1, 'No Value') AS codeValue1, (SELECT COUNT(*) FROM T_IRAI) AS requestTotal FROM T_IRAI T1 LEFT JOIN T_KAITO T2 ON T1.SEQ_IRAI = T2.SEQ_IRAI LEFT JOIN T_KAITO_USER T3 ON T2.SEQ_KAITO = T3.SEQ_KAITO LEFT JOIN BASE_PARTY T4 ON T3.USERID = T4.PARTY_ID LEFT JOIN BASE_CODE T5 ON T2.KAITO_STATUS = T5.CODE AND T5.CODE_KIND = 'KAITO_STATUS' AND T5.LOCALE = ? ORDER BY shimekiriYMD
2024-10-29 09:32:55 DEBUG c.t.o.w.m.T.findToDoByLocale - ==> Parameters: en(String)
2024-10-29 09:32:55 DEBUG c.t.o.w.m.T.findToDoByLocale - <==      Total: 1
2024-10-29 09:32:55 DEBUG org.mybatis.spring.SqlSessionUtils - Closing non transactional SqlSession [org.apache.ibatis.session.defaults.DefaultSqlSession@5b0dd1e8]
2024-10-29 09:32:55 DEBUG o.s.security.web.FilterChainProxy - Securing GET /css/top.css
2024-10-29 09:32:55 DEBUG o.s.security.web.FilterChainProxy - Secured GET /css/top.css
2024-10-29 09:32:55 DEBUG o.s.security.web.FilterChainProxy - Securing GET /images/Toray.png
2024-10-29 09:32:55 DEBUG o.s.security.web.FilterChainProxy - Secured GET /images/Toray.png
2024-10-29 09:32:55 DEBUG o.s.s.w.c.HttpSessionSecurityContextRepository - Retrieved SecurityContextImpl [Authentication=UsernamePasswordAuthenticationToken [Principal=com.toray.ojt.web.entity.CustomUserDetails@66e6baf7, Credentials=[PROTECTED], Authenticated=true, Details=WebAuthenticationDetails [RemoteIpAddress=0:0:0:0:0:0:0:1, SessionId=4131EC8F83879AC30DF1224D8E0DA633], Granted Authorities=[base_admin]]]
2024-10-29 09:32:55 DEBUG o.s.security.web.FilterChainProxy - Securing GET /images/gips.jpg
2024-10-29 09:32:55 DEBUG o.s.security.web.FilterChainProxy - Secured GET /images/gips.jpg
2024-10-29 09:32:55 DEBUG o.s.s.w.c.HttpSessionSecurityContextRepository - Retrieved SecurityContextImpl [Authentication=UsernamePasswordAuthenticationToken [Principal=com.toray.ojt.web.entity.CustomUserDetails@66e6baf7, Credentials=[PROTECTED], Authenticated=true, Details=WebAuthenticationDetails [RemoteIpAddress=0:0:0:0:0:0:0:1, SessionId=4131EC8F83879AC30DF1224D8E0DA633], Granted Authorities=[base_admin]]]
2024-10-29 09:32:55 DEBUG o.s.s.w.c.HttpSessionSecurityContextRepository - Retrieved SecurityContextImpl [Authentication=UsernamePasswordAuthenticationToken [Principal=com.toray.ojt.web.entity.CustomUserDetails@66e6baf7, Credentials=[PROTECTED], Authenticated=true, Details=WebAuthenticationDetails [RemoteIpAddress=0:0:0:0:0:0:0:1, SessionId=4131EC8F83879AC30DF1224D8E0DA633], Granted Authorities=[base_admin]]]
2024-10-29 09:32:55 DEBUG o.s.security.web.FilterChainProxy - Securing GET /images/important.png
2024-10-29 09:32:55 DEBUG o.s.security.web.FilterChainProxy - Secured GET /images/important.png
2024-10-29 09:32:55 DEBUG o.s.s.w.c.HttpSessionSecurityContextRepository - Retrieved SecurityContextImpl [Authentication=UsernamePasswordAuthenticationToken [Principal=com.toray.ojt.web.entity.CustomUserDetails@66e6baf7, Credentials=[PROTECTED], Authenticated=true, Details=WebAuthenticationDetails [RemoteIpAddress=0:0:0:0:0:0:0:1, SessionId=4131EC8F83879AC30DF1224D8E0DA633], Granted Authorities=[base_admin]]]
2024-10-29 09:32:55 DEBUG o.s.security.web.FilterChainProxy - Securing GET /favicon.ico
2024-10-29 09:32:55 DEBUG o.s.s.w.c.HttpSessionSecurityContextRepository - Retrieved SecurityContextImpl [Authentication=UsernamePasswordAuthenticationToken [Principal=com.toray.ojt.web.entity.CustomUserDetails@66e6baf7, Credentials=[PROTECTED], Authenticated=true, Details=WebAuthenticationDetails [RemoteIpAddress=0:0:0:0:0:0:0:1, SessionId=4131EC8F83879AC30DF1224D8E0DA633], Granted Authorities=[base_admin]]]
2024-10-29 09:32:55 DEBUG o.s.security.web.FilterChainProxy - Secured GET /favicon.ico
2024-10-29 09:32:55 WARN  o.s.w.s.m.s.DefaultHandlerExceptionResolver - Resolved [org.springframework.web.HttpRequestMethodNotSupportedException: Request method 'GET' is not supported]
2024-10-29 09:32:55 DEBUG o.s.security.web.FilterChainProxy - Securing GET /error
2024-10-29 09:32:55 DEBUG o.s.s.w.c.HttpSessionSecurityContextRepository - Retrieved SecurityContextImpl [Authentication=UsernamePasswordAuthenticationToken [Principal=com.toray.ojt.web.entity.CustomUserDetails@66e6baf7, Credentials=[PROTECTED], Authenticated=true, Details=WebAuthenticationDetails [RemoteIpAddress=0:0:0:0:0:0:0:1, SessionId=4131EC8F83879AC30DF1224D8E0DA633], Granted Authorities=[base_admin]]]
2024-10-29 09:32:55 DEBUG o.s.security.web.FilterChainProxy - Secured GET /error
2024-10-29 09:33:04 DEBUG o.s.security.web.FilterChainProxy - Securing GET /Test
2024-10-29 09:33:04 DEBUG o.s.s.w.c.HttpSessionSecurityContextRepository - Retrieved SecurityContextImpl [Authentication=UsernamePasswordAuthenticationToken [Principal=com.toray.ojt.web.entity.CustomUserDetails@66e6baf7, Credentials=[PROTECTED], Authenticated=true, Details=WebAuthenticationDetails [RemoteIpAddress=0:0:0:0:0:0:0:1, SessionId=4131EC8F83879AC30DF1224D8E0DA633], Granted Authorities=[base_admin]]]
2024-10-29 09:33:04 DEBUG o.s.security.web.FilterChainProxy - Secured GET /Test
2024-10-29 09:33:04 DEBUG o.s.security.web.FilterChainProxy - Securing GET /favicon.ico
2024-10-29 09:33:04 DEBUG o.s.s.w.c.HttpSessionSecurityContextRepository - Retrieved SecurityContextImpl [Authentication=UsernamePasswordAuthenticationToken [Principal=com.toray.ojt.web.entity.CustomUserDetails@66e6baf7, Credentials=[PROTECTED], Authenticated=true, Details=WebAuthenticationDetails [RemoteIpAddress=0:0:0:0:0:0:0:1, SessionId=4131EC8F83879AC30DF1224D8E0DA633], Granted Authorities=[base_admin]]]
2024-10-29 09:33:04 DEBUG o.s.security.web.FilterChainProxy - Secured GET /favicon.ico
2024-10-29 09:33:04 WARN  o.s.w.s.m.s.DefaultHandlerExceptionResolver - Resolved [org.springframework.web.HttpRequestMethodNotSupportedException: Request method 'GET' is not supported]
2024-10-29 09:33:04 DEBUG o.s.security.web.FilterChainProxy - Securing GET /error
2024-10-29 09:33:04 DEBUG o.s.s.w.c.HttpSessionSecurityContextRepository - Retrieved SecurityContextImpl [Authentication=UsernamePasswordAuthenticationToken [Principal=com.toray.ojt.web.entity.CustomUserDetails@66e6baf7, Credentials=[PROTECTED], Authenticated=true, Details=WebAuthenticationDetails [RemoteIpAddress=0:0:0:0:0:0:0:1, SessionId=4131EC8F83879AC30DF1224D8E0DA633], Granted Authorities=[base_admin]]]
2024-10-29 09:33:04 DEBUG o.s.security.web.FilterChainProxy - Secured GET /error
2024-10-29 11:53:49 WARN  com.zaxxer.hikari.pool.HikariPool - HikariPool-1 - Thread starvation or clock leap detected (housekeeper delta=6m50s624ms580µs800ns).
2024-10-29 14:24:19 WARN  com.zaxxer.hikari.pool.HikariPool - HikariPool-1 - Thread starvation or clock leap detected (housekeeper delta=1h39m58s901ms855µs600ns).
2024-10-29 14:29:43 INFO  com.zaxxer.hikari.HikariDataSource - HikariPool-1 - Shutdown initiated...
2024-10-29 14:29:43 INFO  com.zaxxer.hikari.HikariDataSource - HikariPool-1 - Shutdown completed.
2024-10-29 14:29:49 INFO  o.h.validator.internal.util.Version - HV000001: Hibernate Validator 8.0.1.Final
2024-10-29 14:29:49 INFO  com.toray.ojt.OjtApplication - Starting OjtApplication using Java 21.0.4 with PID 27796 (C:\Users\sanjay.nair\Desktop\Toray\ojt\target\classes started by sanjay.nair in C:\Users\sanjay.nair\Desktop\Toray\ojt)
2024-10-29 14:29:49 DEBUG com.toray.ojt.OjtApplication - Running with Spring Boot v3.3.4, Spring v6.1.13
2024-10-29 14:29:49 INFO  com.toray.ojt.OjtApplication - No active profile set, falling back to 1 default profile: "default"
2024-10-29 14:29:51 DEBUG o.m.s.mapper.ClassPathMapperScanner - Identified candidate component class: file [C:\Users\sanjay.nair\Desktop\Toray\ojt\target\classes\com\toray\ojt\web\mapper\BaseAttachmentMapper.class]
2024-10-29 14:29:51 DEBUG o.m.s.mapper.ClassPathMapperScanner - Identified candidate component class: file [C:\Users\sanjay.nair\Desktop\Toray\ojt\target\classes\com\toray\ojt\web\mapper\BaseAttributeMapper.class]
2024-10-29 14:29:51 DEBUG o.m.s.mapper.ClassPathMapperScanner - Identified candidate component class: file [C:\Users\sanjay.nair\Desktop\Toray\ojt\target\classes\com\toray\ojt\web\mapper\BaseInfoMapper.class]
2024-10-29 14:29:51 DEBUG o.m.s.mapper.ClassPathMapperScanner - Identified candidate component class: file [C:\Users\sanjay.nair\Desktop\Toray\ojt\target\classes\com\toray\ojt\web\mapper\TGuideMapper.class]
2024-10-29 14:29:51 DEBUG o.m.s.mapper.ClassPathMapperScanner - Identified candidate component class: file [C:\Users\sanjay.nair\Desktop\Toray\ojt\target\classes\com\toray\ojt\web\mapper\ToDoMapper.class]
2024-10-29 14:29:51 DEBUG o.m.s.mapper.ClassPathMapperScanner - Identified candidate component class: file [C:\Users\sanjay.nair\Desktop\Toray\ojt\target\classes\com\toray\ojt\web\mapper\UserDetailsMapper.class]
2024-10-29 14:29:51 DEBUG o.m.s.mapper.ClassPathMapperScanner - Identified candidate component class: file [C:\Users\sanjay.nair\Desktop\Toray\ojt\target\classes\com\toray\ojt\web\mapper\UserMapper.class]
2024-10-29 14:29:51 DEBUG o.m.s.mapper.ClassPathMapperScanner - Creating MapperFactoryBean with name 'baseAttachmentMapper' and 'com.toray.ojt.web.mapper.BaseAttachmentMapper' mapperInterface
2024-10-29 14:29:51 DEBUG o.m.s.mapper.ClassPathMapperScanner - Enabling autowire by type for MapperFactoryBean with name 'baseAttachmentMapper'.
2024-10-29 14:29:51 DEBUG o.m.s.mapper.ClassPathMapperScanner - Creating MapperFactoryBean with name 'baseAttributeMapper' and 'com.toray.ojt.web.mapper.BaseAttributeMapper' mapperInterface
2024-10-29 14:29:51 DEBUG o.m.s.mapper.ClassPathMapperScanner - Enabling autowire by type for MapperFactoryBean with name 'baseAttributeMapper'.
2024-10-29 14:29:51 DEBUG o.m.s.mapper.ClassPathMapperScanner - Creating MapperFactoryBean with name 'baseInfoMapper' and 'com.toray.ojt.web.mapper.BaseInfoMapper' mapperInterface
2024-10-29 14:29:51 DEBUG o.m.s.mapper.ClassPathMapperScanner - Enabling autowire by type for MapperFactoryBean with name 'baseInfoMapper'.
2024-10-29 14:29:51 DEBUG o.m.s.mapper.ClassPathMapperScanner - Creating MapperFactoryBean with name 'TGuideMapper' and 'com.toray.ojt.web.mapper.TGuideMapper' mapperInterface
2024-10-29 14:29:51 DEBUG o.m.s.mapper.ClassPathMapperScanner - Enabling autowire by type for MapperFactoryBean with name 'TGuideMapper'.
2024-10-29 14:29:51 DEBUG o.m.s.mapper.ClassPathMapperScanner - Creating MapperFactoryBean with name 'toDoMapper' and 'com.toray.ojt.web.mapper.ToDoMapper' mapperInterface
2024-10-29 14:29:51 DEBUG o.m.s.mapper.ClassPathMapperScanner - Enabling autowire by type for MapperFactoryBean with name 'toDoMapper'.
2024-10-29 14:29:51 DEBUG o.m.s.mapper.ClassPathMapperScanner - Creating MapperFactoryBean with name 'userDetailsMapper' and 'com.toray.ojt.web.mapper.UserDetailsMapper' mapperInterface
2024-10-29 14:29:51 DEBUG o.m.s.mapper.ClassPathMapperScanner - Enabling autowire by type for MapperFactoryBean with name 'userDetailsMapper'.
2024-10-29 14:29:51 DEBUG o.m.s.mapper.ClassPathMapperScanner - Creating MapperFactoryBean with name 'userMapper' and 'com.toray.ojt.web.mapper.UserMapper' mapperInterface
2024-10-29 14:29:51 DEBUG o.m.s.mapper.ClassPathMapperScanner - Enabling autowire by type for MapperFactoryBean with name 'userMapper'.
2024-10-29 14:29:51 INFO  o.s.b.w.e.tomcat.TomcatWebServer - Tomcat initialized with port 8080 (http)
2024-10-29 14:29:51 INFO  o.a.coyote.http11.Http11NioProtocol - Initializing ProtocolHandler ["http-nio-8080"]
2024-10-29 14:29:51 INFO  o.a.catalina.core.StandardService - Starting service [Tomcat]
2024-10-29 14:29:51 INFO  o.a.catalina.core.StandardEngine - Starting Servlet engine: [Apache Tomcat/10.1.30]
2024-10-29 14:29:51 INFO  o.a.c.c.C.[Tomcat].[localhost].[/] - Initializing Spring embedded WebApplicationContext
2024-10-29 14:29:51 INFO  o.s.b.w.s.c.ServletWebServerApplicationContext - Root WebApplicationContext: initialization completed in 2651 ms
2024-10-29 14:29:52 DEBUG o.m.spring.SqlSessionFactoryBean - Property 'configuration' or 'configLocation' not specified, using default MyBatis Configuration
2024-10-29 14:29:52 DEBUG o.m.spring.SqlSessionFactoryBean - Parsed mapper file: 'file [C:\Users\sanjay.nair\Desktop\Toray\ojt\target\classes\mappers\BaseAttachmentMapper.xml]'
2024-10-29 14:29:52 DEBUG o.m.spring.SqlSessionFactoryBean - Parsed mapper file: 'file [C:\Users\sanjay.nair\Desktop\Toray\ojt\target\classes\mappers\BaseAttributeMapper.xml]'
2024-10-29 14:29:52 DEBUG o.m.spring.SqlSessionFactoryBean - Parsed mapper file: 'file [C:\Users\sanjay.nair\Desktop\Toray\ojt\target\classes\mappers\BaseInfo.xml]'
2024-10-29 14:29:52 DEBUG o.m.spring.SqlSessionFactoryBean - Parsed mapper file: 'file [C:\Users\sanjay.nair\Desktop\Toray\ojt\target\classes\mappers\BaseInfoMapper.xml]'
2024-10-29 14:29:52 DEBUG o.m.spring.SqlSessionFactoryBean - Parsed mapper file: 'file [C:\Users\sanjay.nair\Desktop\Toray\ojt\target\classes\mappers\TGuideMapper.xml]'
2024-10-29 14:29:52 DEBUG o.m.spring.SqlSessionFactoryBean - Parsed mapper file: 'file [C:\Users\sanjay.nair\Desktop\Toray\ojt\target\classes\mappers\ToDoMapper.xml]'
2024-10-29 14:29:52 DEBUG o.m.spring.SqlSessionFactoryBean - Parsed mapper file: 'file [C:\Users\sanjay.nair\Desktop\Toray\ojt\target\classes\mappers\UserDetailsMapper.xml]'
2024-10-29 14:29:52 DEBUG o.m.spring.SqlSessionFactoryBean - Parsed mapper file: 'file [C:\Users\sanjay.nair\Desktop\Toray\ojt\target\classes\mappers\UserMapper.xml]'
2024-10-29 14:29:53 DEBUG o.f.c.i.s.classpath.ClassPathScanner - Scanning for classpath resources at 'classpath:db/callback' ...
2024-10-29 14:29:53 DEBUG o.f.c.i.s.classpath.ClassPathScanner - Determining location urls for classpath:db/callback using ClassLoader jdk.internal.loader.ClassLoaders$AppClassLoader@76ed5528 ...
2024-10-29 14:29:53 DEBUG o.f.c.i.s.classpath.ClassPathScanner - Unable to resolve location classpath:db/callback.
2024-10-29 14:29:53 DEBUG o.f.c.i.s.classpath.ClassPathScanner - Scanning for classpath resources at 'classpath:db/migration' ...
2024-10-29 14:29:53 DEBUG o.f.c.i.s.classpath.ClassPathScanner - Determining location urls for classpath:db/migration using ClassLoader jdk.internal.loader.ClassLoaders$AppClassLoader@76ed5528 ...
2024-10-29 14:29:53 DEBUG o.f.c.i.s.classpath.ClassPathScanner - Scanning URL: file:/C:/Users/sanjay.nair/Desktop/Toray/ojt/target/classes/db/migration
2024-10-29 14:29:53 DEBUG o.f.c.i.s.c.FileSystemClassPathLocationScanner - Scanning starting at classpath root in filesystem: C:\Users\sanjay.nair\Desktop\Toray\ojt\target\classes\
2024-10-29 14:29:53 DEBUG o.f.c.i.s.c.FileSystemClassPathLocationScanner - Scanning for resources in path: C:\Users\sanjay.nair\Desktop\Toray\ojt\target\classes\db\migration (db/migration)
2024-10-29 14:29:53 DEBUG o.f.c.i.s.classpath.ClassPathScanner - Found resource: db/migration/V2__create_table_ddl_statements.sql
2024-10-29 14:29:53 DEBUG o.f.c.i.s.classpath.ClassPathScanner - Found resource: db/migration/V3__foreign_key_setup.sql
2024-10-29 14:29:53 DEBUG o.f.c.i.s.classpath.ClassPathScanner - Found resource: db/migration/V4__Initial_Insert.sql
2024-10-29 14:29:53 DEBUG o.f.c.i.s.classpath.ClassPathScanner - Found resource: db/migration/V5__Insert_M_GYOMU_IRAI.sql
2024-10-29 14:29:53 DEBUG o.f.c.i.s.classpath.ClassPathScanner - Found resource: db/migration/V8__Insert_Base_info1.sql
2024-10-29 14:29:53 DEBUG o.f.c.i.s.classpath.ClassPathScanner - Scanning for classes at classpath:db/migration
2024-10-29 14:29:53 DEBUG o.f.c.i.r.ResourceNameValidator - Validating V4__Initial_Insert.sql
2024-10-29 14:29:53 INFO  com.zaxxer.hikari.HikariDataSource - HikariPool-1 - Starting...
2024-10-29 14:29:53 INFO  com.zaxxer.hikari.pool.HikariPool - HikariPool-1 - Added connection oracle.jdbc.driver.T4CConnection@5faeeb56
2024-10-29 14:29:53 INFO  com.zaxxer.hikari.HikariDataSource - HikariPool-1 - Start completed.
2024-10-29 14:29:53 DEBUG o.f.c.i.r.ResourceNameValidator - Validating V8__Insert_Base_info1.sql
2024-10-29 14:29:53 DEBUG o.f.c.i.r.ResourceNameValidator - Validating V3__foreign_key_setup.sql
2024-10-29 14:29:53 DEBUG o.f.c.i.r.ResourceNameValidator - Validating V2__create_table_ddl_statements.sql
2024-10-29 14:29:53 DEBUG o.f.c.i.r.ResourceNameValidator - Validating V5__Insert_M_GYOMU_IRAI.sql
2024-10-29 14:29:53 INFO  org.flywaydb.core.FlywayExecutor - Database: jdbc:oracle:thin:@localhost:1521/test (Oracle 19.0)
2024-10-29 14:29:53 DEBUG org.flywaydb.core.FlywayExecutor - Driver: Oracle JDBC driver 19.8.0.0.0
2024-10-29 14:29:53 DEBUG org.flywaydb.core.FlywayExecutor - DDL Transactions Supported: false
2024-10-29 14:29:53 DEBUG o.f.c.i.s.SchemaHistoryFactory - Schemas: 
2024-10-29 14:29:53 DEBUG o.f.c.i.s.SchemaHistoryFactory - Default schema: null
2024-10-29 14:29:54 DEBUG o.f.c.i.c.SqlScriptCallbackFactory - Scanning for SQL callbacks ...
2024-10-29 14:29:54 DEBUG o.f.core.internal.command.DbValidate - Validating migrations ...
2024-10-29 14:29:54 DEBUG o.f.c.a.c.ClassicConfiguration - CherryPickConfigurationExtension not found
2024-10-29 14:29:54 DEBUG o.f.core.internal.scanner.Scanner - Filtering out resource: db/migration/V4__Initial_Insert.sql (filename: V4__Initial_Insert.sql)
2024-10-29 14:29:54 DEBUG o.f.core.internal.scanner.Scanner - Filtering out resource: db/migration/V8__Insert_Base_info1.sql (filename: V8__Insert_Base_info1.sql)
2024-10-29 14:29:54 DEBUG o.f.core.internal.scanner.Scanner - Filtering out resource: db/migration/V3__foreign_key_setup.sql (filename: V3__foreign_key_setup.sql)
2024-10-29 14:29:54 DEBUG o.f.core.internal.scanner.Scanner - Filtering out resource: db/migration/V2__create_table_ddl_statements.sql (filename: V2__create_table_ddl_statements.sql)
2024-10-29 14:29:54 DEBUG o.f.core.internal.scanner.Scanner - Filtering out resource: db/migration/V5__Insert_M_GYOMU_IRAI.sql (filename: V5__Insert_M_GYOMU_IRAI.sql)
2024-10-29 14:29:54 DEBUG o.f.core.internal.scanner.Scanner - Filtering out resource: db/migration/V4__Initial_Insert.sql (filename: V4__Initial_Insert.sql)
2024-10-29 14:29:54 DEBUG o.f.core.internal.scanner.Scanner - Filtering out resource: db/migration/V8__Insert_Base_info1.sql (filename: V8__Insert_Base_info1.sql)
2024-10-29 14:29:54 DEBUG o.f.core.internal.scanner.Scanner - Filtering out resource: db/migration/V3__foreign_key_setup.sql (filename: V3__foreign_key_setup.sql)
2024-10-29 14:29:54 DEBUG o.f.core.internal.scanner.Scanner - Filtering out resource: db/migration/V2__create_table_ddl_statements.sql (filename: V2__create_table_ddl_statements.sql)
2024-10-29 14:29:54 DEBUG o.f.core.internal.scanner.Scanner - Filtering out resource: db/migration/V5__Insert_M_GYOMU_IRAI.sql (filename: V5__Insert_M_GYOMU_IRAI.sql)
2024-10-29 14:29:54 INFO  o.f.core.internal.command.DbValidate - Successfully validated 6 migrations (execution time 00:00.106s)
2024-10-29 14:29:54 DEBUG o.f.core.internal.command.DbSchemas - Skipping creation of existing schema: "SYS"
2024-10-29 14:29:54 DEBUG o.f.c.a.c.ClassicConfiguration - CherryPickConfigurationExtension not found
2024-10-29 14:29:54 INFO  o.f.core.internal.command.DbMigrate - Current version of schema "SYS": 8
2024-10-29 14:29:54 INFO  o.f.core.internal.command.DbMigrate - Schema "SYS" is up to date. No migration necessary.
2024-10-29 14:29:54 DEBUG org.flywaydb.core.FlywayExecutor - Memory usage: 21 of 58M
2024-10-29 14:29:54 INFO  o.s.s.c.a.a.c.InitializeUserDetailsBeanManagerConfigurer$InitializeUserDetailsManagerConfigurer - Global AuthenticationManager configured with UserDetailsService bean with name customUserDetailsService
2024-10-29 14:29:55 DEBUG o.s.s.web.DefaultSecurityFilterChain - Will secure any request with filters: DisableEncodeUrlFilter, WebAsyncManagerIntegrationFilter, SecurityContextHolderFilter, HeaderWriterFilter, CsrfFilter, LogoutFilter, UsernamePasswordAuthenticationFilter, RequestCacheAwareFilter, SecurityContextHolderAwareRequestFilter, AnonymousAuthenticationFilter, ExceptionTranslationFilter, AuthorizationFilter
2024-10-29 14:29:55 INFO  o.a.coyote.http11.Http11NioProtocol - Starting ProtocolHandler ["http-nio-8080"]
2024-10-29 14:29:55 INFO  o.s.b.w.e.tomcat.TomcatWebServer - Tomcat started on port 8080 (http) with context path '/'
2024-10-29 14:29:55 INFO  com.toray.ojt.OjtApplication - Started OjtApplication in 7.654 seconds (process running for 8.402)
2024-10-29 14:29:58 INFO  o.a.c.c.C.[Tomcat].[localhost].[/] - Initializing Spring DispatcherServlet 'dispatcherServlet'
2024-10-29 14:29:58 INFO  o.s.web.servlet.DispatcherServlet - Initializing Servlet 'dispatcherServlet'
2024-10-29 14:29:58 INFO  o.s.web.servlet.DispatcherServlet - Completed initialization in 2 ms
2024-10-29 14:29:59 DEBUG o.s.security.web.FilterChainProxy - Securing GET /Test
2024-10-29 14:29:59 DEBUG o.s.s.w.a.AnonymousAuthenticationFilter - Set SecurityContextHolder to anonymous SecurityContext
2024-10-29 14:29:59 DEBUG o.s.s.w.s.HttpSessionRequestCache - Saved request http://localhost:8080/Test?continue to session
2024-10-29 14:29:59 DEBUG o.s.s.web.DefaultRedirectStrategy - Redirecting to http://localhost:8080/
2024-10-29 14:29:59 DEBUG o.s.security.web.FilterChainProxy - Securing GET /
2024-10-29 14:29:59 DEBUG o.s.security.web.FilterChainProxy - Secured GET /
2024-10-29 14:29:59 DEBUG o.s.s.w.a.AnonymousAuthenticationFilter - Set SecurityContextHolder to anonymous SecurityContext
2024-10-29 14:29:59 DEBUG o.s.security.web.FilterChainProxy - Securing GET /css/login.css
2024-10-29 14:29:59 DEBUG o.s.security.web.FilterChainProxy - Secured GET /css/login.css
2024-10-29 14:29:59 DEBUG o.s.security.web.FilterChainProxy - Securing GET /images/GIPS_logo.jpg
2024-10-29 14:29:59 DEBUG o.s.security.web.FilterChainProxy - Secured GET /images/GIPS_logo.jpg
2024-10-29 14:29:59 DEBUG o.s.s.w.a.AnonymousAuthenticationFilter - Set SecurityContextHolder to anonymous SecurityContext
2024-10-29 14:29:59 DEBUG o.s.s.w.a.AnonymousAuthenticationFilter - Set SecurityContextHolder to anonymous SecurityContext
2024-10-29 14:29:59 DEBUG o.s.security.web.FilterChainProxy - Securing GET /favicon.ico
2024-10-29 14:29:59 DEBUG o.s.s.w.a.AnonymousAuthenticationFilter - Set SecurityContextHolder to anonymous SecurityContext
2024-10-29 14:29:59 DEBUG o.s.s.web.DefaultRedirectStrategy - Redirecting to http://localhost:8080/
2024-10-29 14:29:59 DEBUG o.s.security.web.FilterChainProxy - Securing GET /
2024-10-29 14:29:59 DEBUG o.s.security.web.FilterChainProxy - Secured GET /
2024-10-29 14:29:59 DEBUG o.s.s.w.a.AnonymousAuthenticationFilter - Set SecurityContextHolder to anonymous SecurityContext
2024-10-29 14:30:00 DEBUG o.s.security.web.FilterChainProxy - Securing POST /login
2024-10-29 14:30:01 DEBUG c.t.o.w.s.i.CustomUserDetailsService - Parameter username: A12345
2024-10-29 14:30:01 DEBUG org.mybatis.spring.SqlSessionUtils - Creating a new SqlSession
2024-10-29 14:30:01 DEBUG org.mybatis.spring.SqlSessionUtils - SqlSession [org.apache.ibatis.session.defaults.DefaultSqlSession@4a5445ec] was not registered for synchronization because synchronization is not active
2024-10-29 14:30:01 DEBUG o.m.s.t.SpringManagedTransaction - JDBC Connection [HikariProxyConnection@1019519925 wrapping oracle.jdbc.driver.T4CConnection@5faeeb56] will not be managed by Spring
2024-10-29 14:30:01 DEBUG c.t.o.w.m.UserMapper.findByAccountId - ==>  Preparing: SELECT * FROM BASE_PARTY_ACCOUNT WHERE ACCOUNT_ID = ?
2024-10-29 14:30:01 DEBUG c.t.o.w.m.UserMapper.findByAccountId - ==> Parameters: A12345(String)
2024-10-29 14:30:01 DEBUG c.t.o.w.m.UserMapper.findByAccountId - <==      Total: 1
2024-10-29 14:30:01 DEBUG org.mybatis.spring.SqlSessionUtils - Closing non transactional SqlSession [org.apache.ibatis.session.defaults.DefaultSqlSession@4a5445ec]
2024-10-29 14:30:01 DEBUG c.t.o.w.s.i.CustomUserDetailsService - User Object: com.toray.ojt.web.entity.User@58231cff
2024-10-29 14:30:01 DEBUG c.t.o.w.s.i.CustomUserDetailsService - isExpired: 1
2024-10-29 14:30:01 DEBUG org.mybatis.spring.SqlSessionUtils - Creating a new SqlSession
2024-10-29 14:30:01 DEBUG org.mybatis.spring.SqlSessionUtils - SqlSession [org.apache.ibatis.session.defaults.DefaultSqlSession@37357929] was not registered for synchronization because synchronization is not active
2024-10-29 14:30:01 DEBUG o.m.s.t.SpringManagedTransaction - JDBC Connection [HikariProxyConnection@1553633400 wrapping oracle.jdbc.driver.T4CConnection@5faeeb56] will not be managed by Spring
2024-10-29 14:30:01 DEBUG c.t.o.w.m.B.findAtrributeNameByPartyId - ==>  Preparing: SELECT ATTRIBUTE_NAME FROM BASE_PARTY_ATTRIBUTE WHERE PARTY_ID = ?
2024-10-29 14:30:01 DEBUG c.t.o.w.m.B.findAtrributeNameByPartyId - ==> Parameters: P12345(String)
2024-10-29 14:30:01 DEBUG c.t.o.w.m.B.findAtrributeNameByPartyId - <==      Total: 1
2024-10-29 14:30:01 DEBUG org.mybatis.spring.SqlSessionUtils - Closing non transactional SqlSession [org.apache.ibatis.session.defaults.DefaultSqlSession@37357929]
2024-10-29 14:30:01 DEBUG c.t.o.w.s.i.CustomUserDetailsService - User role: base_admin
2024-10-29 14:30:01 DEBUG org.mybatis.spring.SqlSessionUtils - Creating a new SqlSession
2024-10-29 14:30:01 DEBUG org.mybatis.spring.SqlSessionUtils - SqlSession [org.apache.ibatis.session.defaults.DefaultSqlSession@779f5f80] was not registered for synchronization because synchronization is not active
2024-10-29 14:30:01 DEBUG o.m.s.t.SpringManagedTransaction - JDBC Connection [HikariProxyConnection@1054370662 wrapping oracle.jdbc.driver.T4CConnection@5faeeb56] will not be managed by Spring
2024-10-29 14:30:01 DEBUG c.t.o.w.m.U.findUserNameByPartyId - ==>  Preparing: SELECT * FROM BASE_PARTY WHERE PARTY_ID = ?
2024-10-29 14:30:01 DEBUG c.t.o.w.m.U.findUserNameByPartyId - ==> Parameters: P12345(String)
2024-10-29 14:30:01 DEBUG c.t.o.w.m.U.findUserNameByPartyId - <==      Total: 1
2024-10-29 14:30:01 DEBUG org.mybatis.spring.SqlSessionUtils - Closing non transactional SqlSession [org.apache.ibatis.session.defaults.DefaultSqlSession@779f5f80]
2024-10-29 14:30:01 DEBUG o.s.s.a.d.DaoAuthenticationProvider - Authenticated user
2024-10-29 14:30:01 DEBUG o.s.s.w.a.s.ChangeSessionIdAuthenticationStrategy - Changed session id from 437BCB94B81B5DFD0172E93CCE6C5D83
2024-10-29 14:30:01 DEBUG o.s.s.w.c.CsrfAuthenticationStrategy - Replaced CSRF Token
2024-10-29 14:30:01 DEBUG o.s.s.w.c.HttpSessionSecurityContextRepository - Stored SecurityContextImpl [Authentication=UsernamePasswordAuthenticationToken [Principal=com.toray.ojt.web.entity.CustomUserDetails@68f3d3a6, Credentials=[PROTECTED], Authenticated=true, Details=WebAuthenticationDetails [RemoteIpAddress=0:0:0:0:0:0:0:1, SessionId=437BCB94B81B5DFD0172E93CCE6C5D83], Granted Authorities=[base_admin]]] to HttpSession [org.apache.catalina.session.StandardSessionFacade@6098e5ac]
2024-10-29 14:30:01 DEBUG o.s.s.w.a.UsernamePasswordAuthenticationFilter - Set SecurityContextHolder to UsernamePasswordAuthenticationToken [Principal=com.toray.ojt.web.entity.CustomUserDetails@68f3d3a6, Credentials=[PROTECTED], Authenticated=true, Details=WebAuthenticationDetails [RemoteIpAddress=0:0:0:0:0:0:0:1, SessionId=437BCB94B81B5DFD0172E93CCE6C5D83], Granted Authorities=[base_admin]]
2024-10-29 14:30:01 DEBUG org.mybatis.spring.SqlSessionUtils - Creating a new SqlSession
2024-10-29 14:30:01 DEBUG org.mybatis.spring.SqlSessionUtils - SqlSession [org.apache.ibatis.session.defaults.DefaultSqlSession@3e98fe17] was not registered for synchronization because synchronization is not active
2024-10-29 14:30:01 DEBUG o.m.s.t.SpringManagedTransaction - JDBC Connection [HikariProxyConnection@1216377985 wrapping oracle.jdbc.driver.T4CConnection@5faeeb56] will not be managed by Spring
2024-10-29 14:30:01 DEBUG c.t.o.w.m.UserMapper.findByAccountId - ==>  Preparing: SELECT * FROM BASE_PARTY_ACCOUNT WHERE ACCOUNT_ID = ?
2024-10-29 14:30:01 DEBUG c.t.o.w.m.UserMapper.findByAccountId - ==> Parameters: A12345(String)
2024-10-29 14:30:01 DEBUG c.t.o.w.m.UserMapper.findByAccountId - <==      Total: 1
2024-10-29 14:30:01 DEBUG org.mybatis.spring.SqlSessionUtils - Closing non transactional SqlSession [org.apache.ibatis.session.defaults.DefaultSqlSession@3e98fe17]
2024-10-29 14:30:01 DEBUG org.mybatis.spring.SqlSessionUtils - Creating a new SqlSession
2024-10-29 14:30:01 DEBUG org.mybatis.spring.SqlSessionUtils - SqlSession [org.apache.ibatis.session.defaults.DefaultSqlSession@6f124db8] was not registered for synchronization because synchronization is not active
2024-10-29 14:30:01 DEBUG o.m.s.t.SpringManagedTransaction - JDBC Connection [HikariProxyConnection@1086393480 wrapping oracle.jdbc.driver.T4CConnection@5faeeb56] will not be managed by Spring
2024-10-29 14:30:01 DEBUG c.t.o.w.m.U.updateFailedLoginAttempt - ==>  Preparing: UPDATE BASE_PARTY_ACCOUNT SET STATE = CASE WHEN ? IS NOT NULL THEN ? ELSE STATE END, FAILED_LOGIN_ATTEMPTS = CASE WHEN ? IS NOT NULL THEN ? ELSE FAILED_LOGIN_ATTEMPTS END, UPD_TIMESTAMP = CURRENT_TIMESTAMP -- Update timestamp for when the user was updated WHERE ACCOUNT_ID = ?
2024-10-29 14:30:01 DEBUG c.t.o.w.m.U.updateFailedLoginAttempt - ==> Parameters: A(String), A(String), 0(Integer), 0(Integer), A12345(String)
2024-10-29 14:30:01 DEBUG c.t.o.w.m.U.updateFailedLoginAttempt - <==    Updates: 1
2024-10-29 14:30:01 DEBUG org.mybatis.spring.SqlSessionUtils - Closing non transactional SqlSession [org.apache.ibatis.session.defaults.DefaultSqlSession@6f124db8]
2024-10-29 14:30:01 DEBUG o.s.security.web.FilterChainProxy - Securing GET /toppage
2024-10-29 14:30:01 DEBUG o.s.s.w.c.HttpSessionSecurityContextRepository - Retrieved SecurityContextImpl [Authentication=UsernamePasswordAuthenticationToken [Principal=com.toray.ojt.web.entity.CustomUserDetails@68f3d3a6, Credentials=[PROTECTED], Authenticated=true, Details=WebAuthenticationDetails [RemoteIpAddress=0:0:0:0:0:0:0:1, SessionId=437BCB94B81B5DFD0172E93CCE6C5D83], Granted Authorities=[base_admin]]]
2024-10-29 14:30:01 DEBUG o.s.security.web.FilterChainProxy - Secured GET /toppage
2024-10-29 14:30:01 DEBUG org.mybatis.spring.SqlSessionUtils - Creating a new SqlSession
2024-10-29 14:30:01 DEBUG org.mybatis.spring.SqlSessionUtils - SqlSession [org.apache.ibatis.session.defaults.DefaultSqlSession@b2694ac] was not registered for synchronization because synchronization is not active
2024-10-29 14:30:01 DEBUG o.m.s.t.SpringManagedTransaction - JDBC Connection [HikariProxyConnection@1310985132 wrapping oracle.jdbc.driver.T4CConnection@5faeeb56] will not be managed by Spring
2024-10-29 14:30:01 DEBUG c.t.o.w.m.B.findBaseInfo - ==>  Preparing: SELECT TITLE AS title, BEGIN_YMD AS beginYmd, IMPORTANT_FLG AS importantFlg FROM BASE_INFO WHERE CURRENT_DATE BETWEEN BEGIN_YMD AND END_YMD ORDER BY IMPORTANT_FLG desc
2024-10-29 14:30:01 DEBUG c.t.o.w.m.B.findBaseInfo - ==> Parameters: 
2024-10-29 14:30:01 DEBUG c.t.o.w.m.B.findBaseInfo - <==      Total: 7
2024-10-29 14:30:01 DEBUG org.mybatis.spring.SqlSessionUtils - Closing non transactional SqlSession [org.apache.ibatis.session.defaults.DefaultSqlSession@b2694ac]
2024-10-29 14:30:01 DEBUG org.mybatis.spring.SqlSessionUtils - Creating a new SqlSession
2024-10-29 14:30:01 DEBUG org.mybatis.spring.SqlSessionUtils - SqlSession [org.apache.ibatis.session.defaults.DefaultSqlSession@2a45ae49] was not registered for synchronization because synchronization is not active
2024-10-29 14:30:01 DEBUG o.m.s.t.SpringManagedTransaction - JDBC Connection [HikariProxyConnection@1170776582 wrapping oracle.jdbc.driver.T4CConnection@5faeeb56] will not be managed by Spring
2024-10-29 14:30:01 DEBUG c.t.o.w.m.TGuideMapper.findTGuide - ==>  Preparing: SELECT TITLE AS title, BEGIN_YMD AS beginYmd, IMPORTANT_FLG AS importantFlg FROM T_GUIDE WHERE CURRENT_DATE BETWEEN BEGIN_YMD AND END_YMD ORDER BY IMPORTANT_FLG desc
2024-10-29 14:30:01 DEBUG c.t.o.w.m.TGuideMapper.findTGuide - ==> Parameters: 
2024-10-29 14:30:01 DEBUG c.t.o.w.m.TGuideMapper.findTGuide - <==      Total: 1
2024-10-29 14:30:01 DEBUG org.mybatis.spring.SqlSessionUtils - Closing non transactional SqlSession [org.apache.ibatis.session.defaults.DefaultSqlSession@2a45ae49]
2024-10-29 14:30:01 DEBUG org.mybatis.spring.SqlSessionUtils - Creating a new SqlSession
2024-10-29 14:30:01 DEBUG org.mybatis.spring.SqlSessionUtils - SqlSession [org.apache.ibatis.session.defaults.DefaultSqlSession@34bba51a] was not registered for synchronization because synchronization is not active
2024-10-29 14:30:01 DEBUG o.m.s.t.SpringManagedTransaction - JDBC Connection [HikariProxyConnection@1763876874 wrapping oracle.jdbc.driver.T4CConnection@5faeeb56] will not be managed by Spring
2024-10-29 14:30:01 DEBUG c.t.o.w.m.T.findToDoByLocale - ==>  Preparing: SELECT T1.GYOMU_CD || '-' || T1.CYCLE_NO AS gyomuCd, T1.SHUSHU_TXT AS shushuTxt, TO_CHAR(TO_DATE(T1.SHIMEKIRI_YMD, 'YYYY-MM-DD'), 'yyyy/mm/dd') AS shimekiriYMD, T1.IRAI_STATUS AS iraiStatus, T1.SEQ_IRAI AS seqIrai, COALESCE(T2.KAITO_STATUS, 'N/A') AS kaitoStatus, COALESCE(T3.USER_KBN, 'Unknown') AS userKbn, COALESCE(T3.USERID, 'Unknown') AS userId, COALESCE(T4.PARTY_NAME_EN, 'No Party') AS partyNameEn, COALESCE(T5.CODE_VALUE1, 'No Value') AS codeValue1, (SELECT COUNT(*) FROM T_IRAI) AS requestTotal FROM T_IRAI T1 LEFT JOIN T_KAITO T2 ON T1.SEQ_IRAI = T2.SEQ_IRAI LEFT JOIN T_KAITO_USER T3 ON T2.SEQ_KAITO = T3.SEQ_KAITO LEFT JOIN BASE_PARTY T4 ON T3.USERID = T4.PARTY_ID LEFT JOIN BASE_CODE T5 ON T2.KAITO_STATUS = T5.CODE AND T5.CODE_KIND = 'KAITO_STATUS' AND T5.LOCALE = ? ORDER BY shimekiriYMD
2024-10-29 14:30:01 DEBUG c.t.o.w.m.T.findToDoByLocale - ==> Parameters: en(String)
2024-10-29 14:30:01 DEBUG c.t.o.w.m.T.findToDoByLocale - <==      Total: 1
2024-10-29 14:30:01 DEBUG org.mybatis.spring.SqlSessionUtils - Closing non transactional SqlSession [org.apache.ibatis.session.defaults.DefaultSqlSession@34bba51a]
2024-10-29 14:30:01 DEBUG org.mybatis.spring.SqlSessionUtils - Creating a new SqlSession
2024-10-29 14:30:01 DEBUG org.mybatis.spring.SqlSessionUtils - SqlSession [org.apache.ibatis.session.defaults.DefaultSqlSession@7ce2be57] was not registered for synchronization because synchronization is not active
2024-10-29 14:30:01 DEBUG o.m.s.t.SpringManagedTransaction - JDBC Connection [HikariProxyConnection@984828549 wrapping oracle.jdbc.driver.T4CConnection@5faeeb56] will not be managed by Spring
2024-10-29 14:30:01 DEBUG c.t.o.w.m.T.findToDoByLocale - ==>  Preparing: SELECT T1.GYOMU_CD || '-' || T1.CYCLE_NO AS gyomuCd, T1.SHUSHU_TXT AS shushuTxt, TO_CHAR(TO_DATE(T1.SHIMEKIRI_YMD, 'YYYY-MM-DD'), 'yyyy/mm/dd') AS shimekiriYMD, T1.IRAI_STATUS AS iraiStatus, T1.SEQ_IRAI AS seqIrai, COALESCE(T2.KAITO_STATUS, 'N/A') AS kaitoStatus, COALESCE(T3.USER_KBN, 'Unknown') AS userKbn, COALESCE(T3.USERID, 'Unknown') AS userId, COALESCE(T4.PARTY_NAME_EN, 'No Party') AS partyNameEn, COALESCE(T5.CODE_VALUE1, 'No Value') AS codeValue1, (SELECT COUNT(*) FROM T_IRAI) AS requestTotal FROM T_IRAI T1 LEFT JOIN T_KAITO T2 ON T1.SEQ_IRAI = T2.SEQ_IRAI LEFT JOIN T_KAITO_USER T3 ON T2.SEQ_KAITO = T3.SEQ_KAITO LEFT JOIN BASE_PARTY T4 ON T3.USERID = T4.PARTY_ID LEFT JOIN BASE_CODE T5 ON T2.KAITO_STATUS = T5.CODE AND T5.CODE_KIND = 'KAITO_STATUS' AND T5.LOCALE = ? ORDER BY shimekiriYMD
2024-10-29 14:30:01 DEBUG c.t.o.w.m.T.findToDoByLocale - ==> Parameters: en(String)
2024-10-29 14:30:01 DEBUG c.t.o.w.m.T.findToDoByLocale - <==      Total: 1
2024-10-29 14:30:01 DEBUG org.mybatis.spring.SqlSessionUtils - Closing non transactional SqlSession [org.apache.ibatis.session.defaults.DefaultSqlSession@7ce2be57]
2024-10-29 14:30:01 DEBUG o.s.security.web.FilterChainProxy - Securing GET /css/top.css
2024-10-29 14:30:01 DEBUG o.s.security.web.FilterChainProxy - Secured GET /css/top.css
2024-10-29 14:30:01 DEBUG o.s.security.web.FilterChainProxy - Securing GET /images/Toray.png
2024-10-29 14:30:01 DEBUG o.s.security.web.FilterChainProxy - Securing GET /images/gips.jpg
2024-10-29 14:30:01 DEBUG o.s.security.web.FilterChainProxy - Secured GET /images/Toray.png
2024-10-29 14:30:01 DEBUG o.s.security.web.FilterChainProxy - Secured GET /images/gips.jpg
2024-10-29 14:30:01 DEBUG o.s.s.w.c.HttpSessionSecurityContextRepository - Retrieved SecurityContextImpl [Authentication=UsernamePasswordAuthenticationToken [Principal=com.toray.ojt.web.entity.CustomUserDetails@68f3d3a6, Credentials=[PROTECTED], Authenticated=true, Details=WebAuthenticationDetails [RemoteIpAddress=0:0:0:0:0:0:0:1, SessionId=437BCB94B81B5DFD0172E93CCE6C5D83], Granted Authorities=[base_admin]]]
2024-10-29 14:30:01 DEBUG o.s.s.w.c.HttpSessionSecurityContextRepository - Retrieved SecurityContextImpl [Authentication=UsernamePasswordAuthenticationToken [Principal=com.toray.ojt.web.entity.CustomUserDetails@68f3d3a6, Credentials=[PROTECTED], Authenticated=true, Details=WebAuthenticationDetails [RemoteIpAddress=0:0:0:0:0:0:0:1, SessionId=437BCB94B81B5DFD0172E93CCE6C5D83], Granted Authorities=[base_admin]]]
2024-10-29 14:30:01 DEBUG o.s.s.w.c.HttpSessionSecurityContextRepository - Retrieved SecurityContextImpl [Authentication=UsernamePasswordAuthenticationToken [Principal=com.toray.ojt.web.entity.CustomUserDetails@68f3d3a6, Credentials=[PROTECTED], Authenticated=true, Details=WebAuthenticationDetails [RemoteIpAddress=0:0:0:0:0:0:0:1, SessionId=437BCB94B81B5DFD0172E93CCE6C5D83], Granted Authorities=[base_admin]]]
2024-10-29 14:30:01 DEBUG o.s.security.web.FilterChainProxy - Securing GET /images/important.png
2024-10-29 14:30:01 DEBUG o.s.security.web.FilterChainProxy - Secured GET /images/important.png
2024-10-29 14:30:01 DEBUG o.s.s.w.c.HttpSessionSecurityContextRepository - Retrieved SecurityContextImpl [Authentication=UsernamePasswordAuthenticationToken [Principal=com.toray.ojt.web.entity.CustomUserDetails@68f3d3a6, Credentials=[PROTECTED], Authenticated=true, Details=WebAuthenticationDetails [RemoteIpAddress=0:0:0:0:0:0:0:1, SessionId=437BCB94B81B5DFD0172E93CCE6C5D83], Granted Authorities=[base_admin]]]
2024-10-29 14:30:01 DEBUG o.s.security.web.FilterChainProxy - Securing GET /favicon.ico
2024-10-29 14:30:01 DEBUG o.s.s.w.c.HttpSessionSecurityContextRepository - Retrieved SecurityContextImpl [Authentication=UsernamePasswordAuthenticationToken [Principal=com.toray.ojt.web.entity.CustomUserDetails@68f3d3a6, Credentials=[PROTECTED], Authenticated=true, Details=WebAuthenticationDetails [RemoteIpAddress=0:0:0:0:0:0:0:1, SessionId=437BCB94B81B5DFD0172E93CCE6C5D83], Granted Authorities=[base_admin]]]
2024-10-29 14:30:01 DEBUG o.s.security.web.FilterChainProxy - Secured GET /favicon.ico
2024-10-29 14:30:01 WARN  o.s.w.s.m.s.DefaultHandlerExceptionResolver - Resolved [org.springframework.web.HttpRequestMethodNotSupportedException: Request method 'GET' is not supported]
2024-10-29 14:30:01 DEBUG o.s.security.web.FilterChainProxy - Securing GET /error
2024-10-29 14:30:01 DEBUG o.s.s.w.c.HttpSessionSecurityContextRepository - Retrieved SecurityContextImpl [Authentication=UsernamePasswordAuthenticationToken [Principal=com.toray.ojt.web.entity.CustomUserDetails@68f3d3a6, Credentials=[PROTECTED], Authenticated=true, Details=WebAuthenticationDetails [RemoteIpAddress=0:0:0:0:0:0:0:1, SessionId=437BCB94B81B5DFD0172E93CCE6C5D83], Granted Authorities=[base_admin]]]
2024-10-29 14:30:01 DEBUG o.s.security.web.FilterChainProxy - Secured GET /error
2024-10-29 14:30:09 DEBUG o.s.security.web.FilterChainProxy - Securing GET /ObjectTest
2024-10-29 14:30:09 DEBUG o.s.s.w.c.HttpSessionSecurityContextRepository - Retrieved SecurityContextImpl [Authentication=UsernamePasswordAuthenticationToken [Principal=com.toray.ojt.web.entity.CustomUserDetails@68f3d3a6, Credentials=[PROTECTED], Authenticated=true, Details=WebAuthenticationDetails [RemoteIpAddress=0:0:0:0:0:0:0:1, SessionId=437BCB94B81B5DFD0172E93CCE6C5D83], Granted Authorities=[base_admin]]]
2024-10-29 14:30:09 DEBUG o.s.security.web.FilterChainProxy - Secured GET /ObjectTest
2024-10-29 14:30:09 WARN  o.s.w.s.m.s.DefaultHandlerExceptionResolver - Resolved [org.springframework.web.HttpRequestMethodNotSupportedException: Request method 'GET' is not supported]
2024-10-29 14:30:09 DEBUG o.s.security.web.FilterChainProxy - Securing GET /error
2024-10-29 14:30:09 DEBUG o.s.s.w.c.HttpSessionSecurityContextRepository - Retrieved SecurityContextImpl [Authentication=UsernamePasswordAuthenticationToken [Principal=com.toray.ojt.web.entity.CustomUserDetails@68f3d3a6, Credentials=[PROTECTED], Authenticated=true, Details=WebAuthenticationDetails [RemoteIpAddress=0:0:0:0:0:0:0:1, SessionId=437BCB94B81B5DFD0172E93CCE6C5D83], Granted Authorities=[base_admin]]]
2024-10-29 14:30:09 DEBUG o.s.security.web.FilterChainProxy - Secured GET /error
2024-10-29 14:30:09 DEBUG o.s.security.web.FilterChainProxy - Securing GET /favicon.ico
2024-10-29 14:30:09 DEBUG o.s.s.w.c.HttpSessionSecurityContextRepository - Retrieved SecurityContextImpl [Authentication=UsernamePasswordAuthenticationToken [Principal=com.toray.ojt.web.entity.CustomUserDetails@68f3d3a6, Credentials=[PROTECTED], Authenticated=true, Details=WebAuthenticationDetails [RemoteIpAddress=0:0:0:0:0:0:0:1, SessionId=437BCB94B81B5DFD0172E93CCE6C5D83], Granted Authorities=[base_admin]]]
2024-10-29 14:30:09 DEBUG o.s.security.web.FilterChainProxy - Secured GET /favicon.ico
2024-10-29 14:30:09 WARN  o.s.w.s.m.s.DefaultHandlerExceptionResolver - Resolved [org.springframework.web.HttpRequestMethodNotSupportedException: Request method 'GET' is not supported]
2024-10-29 14:30:09 DEBUG o.s.security.web.FilterChainProxy - Securing GET /error
2024-10-29 14:30:09 DEBUG o.s.s.w.c.HttpSessionSecurityContextRepository - Retrieved SecurityContextImpl [Authentication=UsernamePasswordAuthenticationToken [Principal=com.toray.ojt.web.entity.CustomUserDetails@68f3d3a6, Credentials=[PROTECTED], Authenticated=true, Details=WebAuthenticationDetails [RemoteIpAddress=0:0:0:0:0:0:0:1, SessionId=437BCB94B81B5DFD0172E93CCE6C5D83], Granted Authorities=[base_admin]]]
2024-10-29 14:30:09 DEBUG o.s.security.web.FilterChainProxy - Secured GET /error
2024-10-29 14:30:23 DEBUG o.s.security.web.FilterChainProxy - Securing GET /ObjectUtility
2024-10-29 14:30:23 DEBUG o.s.s.w.c.HttpSessionSecurityContextRepository - Retrieved SecurityContextImpl [Authentication=UsernamePasswordAuthenticationToken [Principal=com.toray.ojt.web.entity.CustomUserDetails@68f3d3a6, Credentials=[PROTECTED], Authenticated=true, Details=WebAuthenticationDetails [RemoteIpAddress=0:0:0:0:0:0:0:1, SessionId=437BCB94B81B5DFD0172E93CCE6C5D83], Granted Authorities=[base_admin]]]
2024-10-29 14:30:23 DEBUG o.s.security.web.FilterChainProxy - Secured GET /ObjectUtility
2024-10-29 14:30:23 ERROR org.thymeleaf.TemplateEngine - [THYMELEAF][http-nio-8080-exec-6] Exception processing template "layout/ObjectTest": Exception evaluating SpringEL expression: "objectUtility.isNull(yourObject)" (template: "layout/ObjectTest" - line 8, col 4)
org.thymeleaf.exceptions.TemplateProcessingException: Exception evaluating SpringEL expression: "objectUtility.isNull(yourObject)" (template: "layout/ObjectTest" - line 8, col 4)
	at org.thymeleaf.spring6.expression.SPELVariableExpressionEvaluator.evaluate(SPELVariableExpressionEvaluator.java:292)
	at org.thymeleaf.standard.expression.VariableExpression.executeVariableExpression(VariableExpression.java:166)
	at org.thymeleaf.standard.expression.SimpleExpression.executeSimple(SimpleExpression.java:66)
	at org.thymeleaf.standard.expression.Expression.execute(Expression.java:109)
	at org.thymeleaf.standard.expression.Expression.execute(Expression.java:138)
	at org.thymeleaf.standard.processor.AbstractStandardExpressionAttributeTagProcessor.doProcess(AbstractStandardExpressionAttributeTagProcessor.java:144)
	at org.thymeleaf.processor.element.AbstractAttributeTagProcessor.doProcess(AbstractAttributeTagProcessor.java:74)
	at org.thymeleaf.processor.element.AbstractElementTagProcessor.process(AbstractElementTagProcessor.java:95)
	at org.thymeleaf.util.ProcessorConfigurationUtils$ElementTagProcessorWrapper.process(ProcessorConfigurationUtils.java:633)
	at org.thymeleaf.engine.ProcessorTemplateHandler.handleOpenElement(ProcessorTemplateHandler.java:1314)
	at org.thymeleaf.engine.OpenElementTag.beHandled(OpenElementTag.java:205)
	at org.thymeleaf.engine.TemplateModel.process(TemplateModel.java:136)
	at org.thymeleaf.engine.TemplateManager.parseAndProcess(TemplateManager.java:661)
	at org.thymeleaf.TemplateEngine.process(TemplateEngine.java:1103)
	at org.thymeleaf.TemplateEngine.process(TemplateEngine.java:1077)
	at org.thymeleaf.spring6.view.ThymeleafView.renderFragment(ThymeleafView.java:372)
	at org.thymeleaf.spring6.view.ThymeleafView.render(ThymeleafView.java:192)
	at org.springframework.web.servlet.DispatcherServlet.render(DispatcherServlet.java:1432)
	at org.springframework.web.servlet.DispatcherServlet.processDispatchResult(DispatcherServlet.java:1168)
	at org.springframework.web.servlet.DispatcherServlet.doDispatch(DispatcherServlet.java:1106)
	at org.springframework.web.servlet.DispatcherServlet.doService(DispatcherServlet.java:979)
	at org.springframework.web.servlet.FrameworkServlet.processRequest(FrameworkServlet.java:1014)
	at org.springframework.web.servlet.FrameworkServlet.doGet(FrameworkServlet.java:903)
	at jakarta.servlet.http.HttpServlet.service(HttpServlet.java:564)
	at org.springframework.web.servlet.FrameworkServlet.service(FrameworkServlet.java:885)
	at jakarta.servlet.http.HttpServlet.service(HttpServlet.java:658)
	at org.apache.catalina.core.ApplicationFilterChain.internalDoFilter(ApplicationFilterChain.java:195)
	at org.apache.catalina.core.ApplicationFilterChain.doFilter(ApplicationFilterChain.java:140)
	at org.apache.tomcat.websocket.server.WsFilter.doFilter(WsFilter.java:51)
	at org.apache.catalina.core.ApplicationFilterChain.internalDoFilter(ApplicationFilterChain.java:164)
	at org.apache.catalina.core.ApplicationFilterChain.doFilter(ApplicationFilterChain.java:140)
	at org.springframework.web.filter.HiddenHttpMethodFilter.doFilterInternal(HiddenHttpMethodFilter.java:91)
	at org.springframework.web.filter.OncePerRequestFilter.doFilter(OncePerRequestFilter.java:116)
	at org.apache.catalina.core.ApplicationFilterChain.internalDoFilter(ApplicationFilterChain.java:164)
	at org.apache.catalina.core.ApplicationFilterChain.doFilter(ApplicationFilterChain.java:140)
	at org.springframework.web.filter.CompositeFilter$VirtualFilterChain.doFilter(CompositeFilter.java:108)
	at org.springframework.security.web.FilterChainProxy.lambda$doFilterInternal$3(FilterChainProxy.java:231)
	at org.springframework.security.web.FilterChainProxy$VirtualFilterChain.doFilter(FilterChainProxy.java:365)
	at org.springframework.security.web.access.intercept.AuthorizationFilter.doFilter(AuthorizationFilter.java:100)
	at org.springframework.security.web.FilterChainProxy$VirtualFilterChain.doFilter(FilterChainProxy.java:374)
	at org.springframework.security.web.access.ExceptionTranslationFilter.doFilter(ExceptionTranslationFilter.java:126)
	at org.springframework.security.web.access.ExceptionTranslationFilter.doFilter(ExceptionTranslationFilter.java:120)
	at org.springframework.security.web.FilterChainProxy$VirtualFilterChain.doFilter(FilterChainProxy.java:374)
	at org.springframework.security.web.authentication.AnonymousAuthenticationFilter.doFilter(AnonymousAuthenticationFilter.java:100)
	at org.springframework.security.web.FilterChainProxy$VirtualFilterChain.doFilter(FilterChainProxy.java:374)
	at org.springframework.security.web.servletapi.SecurityContextHolderAwareRequestFilter.doFilter(SecurityContextHolderAwareRequestFilter.java:179)
	at org.springframework.security.web.FilterChainProxy$VirtualFilterChain.doFilter(FilterChainProxy.java:374)
	at org.springframework.security.web.savedrequest.RequestCacheAwareFilter.doFilter(RequestCacheAwareFilter.java:63)
	at org.springframework.security.web.FilterChainProxy$VirtualFilterChain.doFilter(FilterChainProxy.java:374)
	at org.springframework.security.web.authentication.AbstractAuthenticationProcessingFilter.doFilter(AbstractAuthenticationProcessingFilter.java:227)
	at org.springframework.security.web.authentication.AbstractAuthenticationProcessingFilter.doFilter(AbstractAuthenticationProcessingFilter.java:221)
	at org.springframework.security.web.FilterChainProxy$VirtualFilterChain.doFilter(FilterChainProxy.java:374)
	at org.springframework.security.web.authentication.logout.LogoutFilter.doFilter(LogoutFilter.java:107)
	at org.springframework.security.web.authentication.logout.LogoutFilter.doFilter(LogoutFilter.java:93)
	at org.springframework.security.web.FilterChainProxy$VirtualFilterChain.doFilter(FilterChainProxy.java:374)
	at org.springframework.security.web.csrf.CsrfFilter.doFilterInternal(CsrfFilter.java:117)
	at org.springframework.web.filter.OncePerRequestFilter.doFilter(OncePerRequestFilter.java:116)
	at org.springframework.security.web.FilterChainProxy$VirtualFilterChain.doFilter(FilterChainProxy.java:374)
	at org.springframework.security.web.header.HeaderWriterFilter.doHeadersAfter(HeaderWriterFilter.java:90)
	at org.springframework.security.web.header.HeaderWriterFilter.doFilterInternal(HeaderWriterFilter.java:75)
	at org.springframework.web.filter.OncePerRequestFilter.doFilter(OncePerRequestFilter.java:116)
	at org.springframework.security.web.FilterChainProxy$VirtualFilterChain.doFilter(FilterChainProxy.java:374)
	at org.springframework.security.web.context.SecurityContextHolderFilter.doFilter(SecurityContextHolderFilter.java:82)
	at org.springframework.security.web.context.SecurityContextHolderFilter.doFilter(SecurityContextHolderFilter.java:69)
	at org.springframework.security.web.FilterChainProxy$VirtualFilterChain.doFilter(FilterChainProxy.java:374)
	at org.springframework.security.web.context.request.async.WebAsyncManagerIntegrationFilter.doFilterInternal(WebAsyncManagerIntegrationFilter.java:62)
	at org.springframework.web.filter.OncePerRequestFilter.doFilter(OncePerRequestFilter.java:116)
	at org.springframework.security.web.FilterChainProxy$VirtualFilterChain.doFilter(FilterChainProxy.java:374)
	at org.springframework.security.web.session.DisableEncodeUrlFilter.doFilterInternal(DisableEncodeUrlFilter.java:42)
	at org.springframework.web.filter.OncePerRequestFilter.doFilter(OncePerRequestFilter.java:116)
	at org.springframework.security.web.FilterChainProxy$VirtualFilterChain.doFilter(FilterChainProxy.java:374)
	at org.springframework.security.web.FilterChainProxy.doFilterInternal(FilterChainProxy.java:233)
	at org.springframework.security.web.FilterChainProxy.doFilter(FilterChainProxy.java:191)
	at org.springframework.web.filter.CompositeFilter$VirtualFilterChain.doFilter(CompositeFilter.java:113)
	at org.springframework.web.servlet.handler.HandlerMappingIntrospector.lambda$createCacheFilter$3(HandlerMappingIntrospector.java:195)
	at org.springframework.web.filter.CompositeFilter$VirtualFilterChain.doFilter(CompositeFilter.java:113)
	at org.springframework.web.filter.CompositeFilter.doFilter(CompositeFilter.java:74)
	at org.springframework.security.config.annotation.web.configuration.WebMvcSecurityConfiguration$CompositeFilterChainProxy.doFilter(WebMvcSecurityConfiguration.java:230)
	at org.springframework.web.filter.DelegatingFilterProxy.invokeDelegate(DelegatingFilterProxy.java:352)
	at org.springframework.web.filter.DelegatingFilterProxy.doFilter(DelegatingFilterProxy.java:268)
	at org.apache.catalina.core.ApplicationFilterChain.internalDoFilter(ApplicationFilterChain.java:164)
	at org.apache.catalina.core.ApplicationFilterChain.doFilter(ApplicationFilterChain.java:140)
	at org.springframework.web.filter.RequestContextFilter.doFilterInternal(RequestContextFilter.java:100)
	at org.springframework.web.filter.OncePerRequestFilter.doFilter(OncePerRequestFilter.java:116)
	at org.apache.catalina.core.ApplicationFilterChain.internalDoFilter(ApplicationFilterChain.java:164)
	at org.apache.catalina.core.ApplicationFilterChain.doFilter(ApplicationFilterChain.java:140)
	at org.springframework.web.filter.FormContentFilter.doFilterInternal(FormContentFilter.java:93)
	at org.springframework.web.filter.OncePerRequestFilter.doFilter(OncePerRequestFilter.java:116)
	at org.apache.catalina.core.ApplicationFilterChain.internalDoFilter(ApplicationFilterChain.java:164)
	at org.apache.catalina.core.ApplicationFilterChain.doFilter(ApplicationFilterChain.java:140)
	at org.springframework.web.filter.CharacterEncodingFilter.doFilterInternal(CharacterEncodingFilter.java:201)
	at org.springframework.web.filter.OncePerRequestFilter.doFilter(OncePerRequestFilter.java:116)
	at org.apache.catalina.core.ApplicationFilterChain.internalDoFilter(ApplicationFilterChain.java:164)
	at org.apache.catalina.core.ApplicationFilterChain.doFilter(ApplicationFilterChain.java:140)
	at org.apache.catalina.core.StandardWrapperValve.invoke(StandardWrapperValve.java:167)
	at org.apache.catalina.core.StandardContextValve.invoke(StandardContextValve.java:90)
	at org.apache.catalina.authenticator.AuthenticatorBase.invoke(AuthenticatorBase.java:483)
	at org.apache.catalina.core.StandardHostValve.invoke(StandardHostValve.java:115)
	at org.apache.catalina.valves.ErrorReportValve.invoke(ErrorReportValve.java:93)
	at org.apache.catalina.core.StandardEngineValve.invoke(StandardEngineValve.java:74)
	at org.apache.catalina.connector.CoyoteAdapter.service(CoyoteAdapter.java:344)
	at org.apache.coyote.http11.Http11Processor.service(Http11Processor.java:384)
	at org.apache.coyote.AbstractProcessorLight.process(AbstractProcessorLight.java:63)
	at org.apache.coyote.AbstractProtocol$ConnectionHandler.process(AbstractProtocol.java:905)
	at org.apache.tomcat.util.net.NioEndpoint$SocketProcessor.doRun(NioEndpoint.java:1741)
	at org.apache.tomcat.util.net.SocketProcessorBase.run(SocketProcessorBase.java:52)
	at org.apache.tomcat.util.threads.ThreadPoolExecutor.runWorker(ThreadPoolExecutor.java:1190)
	at org.apache.tomcat.util.threads.ThreadPoolExecutor$Worker.run(ThreadPoolExecutor.java:659)
	at org.apache.tomcat.util.threads.TaskThread$WrappingRunnable.run(TaskThread.java:63)
	at java.base/java.lang.Thread.run(Thread.java:1583)
Caused by: org.springframework.expression.spel.SpelEvaluationException: EL1004E: Method call: Method isNull(null) cannot be found on type com.toray.ojt.web.dto.UserDetailsForUserNameOnlyDto
	at org.springframework.expression.spel.ast.MethodReference.findAccessorForMethod(MethodReference.java:238)
	at org.springframework.expression.spel.ast.MethodReference.getValueInternal(MethodReference.java:148)
	at org.springframework.expression.spel.ast.MethodReference$MethodValueRef.getValue(MethodReference.java:401)
	at org.springframework.expression.spel.ast.CompoundExpression.getValueInternal(CompoundExpression.java:97)
	at org.springframework.expression.spel.ast.SpelNodeImpl.getValue(SpelNodeImpl.java:114)
	at org.springframework.expression.spel.standard.SpelExpression.getValue(SpelExpression.java:338)
	at org.thymeleaf.spring6.expression.SPELVariableExpressionEvaluator.evaluate(SPELVariableExpressionEvaluator.java:265)
	... 109 common frames omitted
2024-10-29 14:30:23 ERROR o.a.c.c.C.[.[.[.[dispatcherServlet] - Servlet.service() for servlet [dispatcherServlet] in context with path [] threw exception [Request processing failed: org.thymeleaf.exceptions.TemplateProcessingException: Exception evaluating SpringEL expression: "objectUtility.isNull(yourObject)" (template: "layout/ObjectTest" - line 8, col 4)] with root cause
org.springframework.expression.spel.SpelEvaluationException: EL1004E: Method call: Method isNull(null) cannot be found on type com.toray.ojt.web.dto.UserDetailsForUserNameOnlyDto
	at org.springframework.expression.spel.ast.MethodReference.findAccessorForMethod(MethodReference.java:238)
	at org.springframework.expression.spel.ast.MethodReference.getValueInternal(MethodReference.java:148)
	at org.springframework.expression.spel.ast.MethodReference$MethodValueRef.getValue(MethodReference.java:401)
	at org.springframework.expression.spel.ast.CompoundExpression.getValueInternal(CompoundExpression.java:97)
	at org.springframework.expression.spel.ast.SpelNodeImpl.getValue(SpelNodeImpl.java:114)
	at org.springframework.expression.spel.standard.SpelExpression.getValue(SpelExpression.java:338)
	at org.thymeleaf.spring6.expression.SPELVariableExpressionEvaluator.evaluate(SPELVariableExpressionEvaluator.java:265)
	at org.thymeleaf.standard.expression.VariableExpression.executeVariableExpression(VariableExpression.java:166)
	at org.thymeleaf.standard.expression.SimpleExpression.executeSimple(SimpleExpression.java:66)
	at org.thymeleaf.standard.expression.Expression.execute(Expression.java:109)
	at org.thymeleaf.standard.expression.Expression.execute(Expression.java:138)
	at org.thymeleaf.standard.processor.AbstractStandardExpressionAttributeTagProcessor.doProcess(AbstractStandardExpressionAttributeTagProcessor.java:144)
	at org.thymeleaf.processor.element.AbstractAttributeTagProcessor.doProcess(AbstractAttributeTagProcessor.java:74)
	at org.thymeleaf.processor.element.AbstractElementTagProcessor.process(AbstractElementTagProcessor.java:95)
	at org.thymeleaf.util.ProcessorConfigurationUtils$ElementTagProcessorWrapper.process(ProcessorConfigurationUtils.java:633)
	at org.thymeleaf.engine.ProcessorTemplateHandler.handleOpenElement(ProcessorTemplateHandler.java:1314)
	at org.thymeleaf.engine.OpenElementTag.beHandled(OpenElementTag.java:205)
	at org.thymeleaf.engine.TemplateModel.process(TemplateModel.java:136)
	at org.thymeleaf.engine.TemplateManager.parseAndProcess(TemplateManager.java:661)
	at org.thymeleaf.TemplateEngine.process(TemplateEngine.java:1103)
	at org.thymeleaf.TemplateEngine.process(TemplateEngine.java:1077)
	at org.thymeleaf.spring6.view.ThymeleafView.renderFragment(ThymeleafView.java:372)
	at org.thymeleaf.spring6.view.ThymeleafView.render(ThymeleafView.java:192)
	at org.springframework.web.servlet.DispatcherServlet.render(DispatcherServlet.java:1432)
	at org.springframework.web.servlet.DispatcherServlet.processDispatchResult(DispatcherServlet.java:1168)
	at org.springframework.web.servlet.DispatcherServlet.doDispatch(DispatcherServlet.java:1106)
	at org.springframework.web.servlet.DispatcherServlet.doService(DispatcherServlet.java:979)
	at org.springframework.web.servlet.FrameworkServlet.processRequest(FrameworkServlet.java:1014)
	at org.springframework.web.servlet.FrameworkServlet.doGet(FrameworkServlet.java:903)
	at jakarta.servlet.http.HttpServlet.service(HttpServlet.java:564)
	at org.springframework.web.servlet.FrameworkServlet.service(FrameworkServlet.java:885)
	at jakarta.servlet.http.HttpServlet.service(HttpServlet.java:658)
	at org.apache.catalina.core.ApplicationFilterChain.internalDoFilter(ApplicationFilterChain.java:195)
	at org.apache.catalina.core.ApplicationFilterChain.doFilter(ApplicationFilterChain.java:140)
	at org.apache.tomcat.websocket.server.WsFilter.doFilter(WsFilter.java:51)
	at org.apache.catalina.core.ApplicationFilterChain.internalDoFilter(ApplicationFilterChain.java:164)
	at org.apache.catalina.core.ApplicationFilterChain.doFilter(ApplicationFilterChain.java:140)
	at org.springframework.web.filter.HiddenHttpMethodFilter.doFilterInternal(HiddenHttpMethodFilter.java:91)
	at org.springframework.web.filter.OncePerRequestFilter.doFilter(OncePerRequestFilter.java:116)
	at org.apache.catalina.core.ApplicationFilterChain.internalDoFilter(ApplicationFilterChain.java:164)
	at org.apache.catalina.core.ApplicationFilterChain.doFilter(ApplicationFilterChain.java:140)
	at org.springframework.web.filter.CompositeFilter$VirtualFilterChain.doFilter(CompositeFilter.java:108)
	at org.springframework.security.web.FilterChainProxy.lambda$doFilterInternal$3(FilterChainProxy.java:231)
	at org.springframework.security.web.FilterChainProxy$VirtualFilterChain.doFilter(FilterChainProxy.java:365)
	at org.springframework.security.web.access.intercept.AuthorizationFilter.doFilter(AuthorizationFilter.java:100)
	at org.springframework.security.web.FilterChainProxy$VirtualFilterChain.doFilter(FilterChainProxy.java:374)
	at org.springframework.security.web.access.ExceptionTranslationFilter.doFilter(ExceptionTranslationFilter.java:126)
	at org.springframework.security.web.access.ExceptionTranslationFilter.doFilter(ExceptionTranslationFilter.java:120)
	at org.springframework.security.web.FilterChainProxy$VirtualFilterChain.doFilter(FilterChainProxy.java:374)
	at org.springframework.security.web.authentication.AnonymousAuthenticationFilter.doFilter(AnonymousAuthenticationFilter.java:100)
	at org.springframework.security.web.FilterChainProxy$VirtualFilterChain.doFilter(FilterChainProxy.java:374)
	at org.springframework.security.web.servletapi.SecurityContextHolderAwareRequestFilter.doFilter(SecurityContextHolderAwareRequestFilter.java:179)
	at org.springframework.security.web.FilterChainProxy$VirtualFilterChain.doFilter(FilterChainProxy.java:374)
	at org.springframework.security.web.savedrequest.RequestCacheAwareFilter.doFilter(RequestCacheAwareFilter.java:63)
	at org.springframework.security.web.FilterChainProxy$VirtualFilterChain.doFilter(FilterChainProxy.java:374)
	at org.springframework.security.web.authentication.AbstractAuthenticationProcessingFilter.doFilter(AbstractAuthenticationProcessingFilter.java:227)
	at org.springframework.security.web.authentication.AbstractAuthenticationProcessingFilter.doFilter(AbstractAuthenticationProcessingFilter.java:221)
	at org.springframework.security.web.FilterChainProxy$VirtualFilterChain.doFilter(FilterChainProxy.java:374)
	at org.springframework.security.web.authentication.logout.LogoutFilter.doFilter(LogoutFilter.java:107)
	at org.springframework.security.web.authentication.logout.LogoutFilter.doFilter(LogoutFilter.java:93)
	at org.springframework.security.web.FilterChainProxy$VirtualFilterChain.doFilter(FilterChainProxy.java:374)
	at org.springframework.security.web.csrf.CsrfFilter.doFilterInternal(CsrfFilter.java:117)
	at org.springframework.web.filter.OncePerRequestFilter.doFilter(OncePerRequestFilter.java:116)
	at org.springframework.security.web.FilterChainProxy$VirtualFilterChain.doFilter(FilterChainProxy.java:374)
	at org.springframework.security.web.header.HeaderWriterFilter.doHeadersAfter(HeaderWriterFilter.java:90)
	at org.springframework.security.web.header.HeaderWriterFilter.doFilterInternal(HeaderWriterFilter.java:75)
	at org.springframework.web.filter.OncePerRequestFilter.doFilter(OncePerRequestFilter.java:116)
	at org.springframework.security.web.FilterChainProxy$VirtualFilterChain.doFilter(FilterChainProxy.java:374)
	at org.springframework.security.web.context.SecurityContextHolderFilter.doFilter(SecurityContextHolderFilter.java:82)
	at org.springframework.security.web.context.SecurityContextHolderFilter.doFilter(SecurityContextHolderFilter.java:69)
	at org.springframework.security.web.FilterChainProxy$VirtualFilterChain.doFilter(FilterChainProxy.java:374)
	at org.springframework.security.web.context.request.async.WebAsyncManagerIntegrationFilter.doFilterInternal(WebAsyncManagerIntegrationFilter.java:62)
	at org.springframework.web.filter.OncePerRequestFilter.doFilter(OncePerRequestFilter.java:116)
	at org.springframework.security.web.FilterChainProxy$VirtualFilterChain.doFilter(FilterChainProxy.java:374)
	at org.springframework.security.web.session.DisableEncodeUrlFilter.doFilterInternal(DisableEncodeUrlFilter.java:42)
	at org.springframework.web.filter.OncePerRequestFilter.doFilter(OncePerRequestFilter.java:116)
	at org.springframework.security.web.FilterChainProxy$VirtualFilterChain.doFilter(FilterChainProxy.java:374)
	at org.springframework.security.web.FilterChainProxy.doFilterInternal(FilterChainProxy.java:233)
	at org.springframework.security.web.FilterChainProxy.doFilter(FilterChainProxy.java:191)
	at org.springframework.web.filter.CompositeFilter$VirtualFilterChain.doFilter(CompositeFilter.java:113)
	at org.springframework.web.servlet.handler.HandlerMappingIntrospector.lambda$createCacheFilter$3(HandlerMappingIntrospector.java:195)
	at org.springframework.web.filter.CompositeFilter$VirtualFilterChain.doFilter(CompositeFilter.java:113)
	at org.springframework.web.filter.CompositeFilter.doFilter(CompositeFilter.java:74)
	at org.springframework.security.config.annotation.web.configuration.WebMvcSecurityConfiguration$CompositeFilterChainProxy.doFilter(WebMvcSecurityConfiguration.java:230)
	at org.springframework.web.filter.DelegatingFilterProxy.invokeDelegate(DelegatingFilterProxy.java:352)
	at org.springframework.web.filter.DelegatingFilterProxy.doFilter(DelegatingFilterProxy.java:268)
	at org.apache.catalina.core.ApplicationFilterChain.internalDoFilter(ApplicationFilterChain.java:164)
	at org.apache.catalina.core.ApplicationFilterChain.doFilter(ApplicationFilterChain.java:140)
	at org.springframework.web.filter.RequestContextFilter.doFilterInternal(RequestContextFilter.java:100)
	at org.springframework.web.filter.OncePerRequestFilter.doFilter(OncePerRequestFilter.java:116)
	at org.apache.catalina.core.ApplicationFilterChain.internalDoFilter(ApplicationFilterChain.java:164)
	at org.apache.catalina.core.ApplicationFilterChain.doFilter(ApplicationFilterChain.java:140)
	at org.springframework.web.filter.FormContentFilter.doFilterInternal(FormContentFilter.java:93)
	at org.springframework.web.filter.OncePerRequestFilter.doFilter(OncePerRequestFilter.java:116)
	at org.apache.catalina.core.ApplicationFilterChain.internalDoFilter(ApplicationFilterChain.java:164)
	at org.apache.catalina.core.ApplicationFilterChain.doFilter(ApplicationFilterChain.java:140)
	at org.springframework.web.filter.CharacterEncodingFilter.doFilterInternal(CharacterEncodingFilter.java:201)
	at org.springframework.web.filter.OncePerRequestFilter.doFilter(OncePerRequestFilter.java:116)
	at org.apache.catalina.core.ApplicationFilterChain.internalDoFilter(ApplicationFilterChain.java:164)
	at org.apache.catalina.core.ApplicationFilterChain.doFilter(ApplicationFilterChain.java:140)
	at org.apache.catalina.core.StandardWrapperValve.invoke(StandardWrapperValve.java:167)
	at org.apache.catalina.core.StandardContextValve.invoke(StandardContextValve.java:90)
	at org.apache.catalina.authenticator.AuthenticatorBase.invoke(AuthenticatorBase.java:483)
	at org.apache.catalina.core.StandardHostValve.invoke(StandardHostValve.java:115)
	at org.apache.catalina.valves.ErrorReportValve.invoke(ErrorReportValve.java:93)
	at org.apache.catalina.core.StandardEngineValve.invoke(StandardEngineValve.java:74)
	at org.apache.catalina.connector.CoyoteAdapter.service(CoyoteAdapter.java:344)
	at org.apache.coyote.http11.Http11Processor.service(Http11Processor.java:384)
	at org.apache.coyote.AbstractProcessorLight.process(AbstractProcessorLight.java:63)
	at org.apache.coyote.AbstractProtocol$ConnectionHandler.process(AbstractProtocol.java:905)
	at org.apache.tomcat.util.net.NioEndpoint$SocketProcessor.doRun(NioEndpoint.java:1741)
	at org.apache.tomcat.util.net.SocketProcessorBase.run(SocketProcessorBase.java:52)
	at org.apache.tomcat.util.threads.ThreadPoolExecutor.runWorker(ThreadPoolExecutor.java:1190)
	at org.apache.tomcat.util.threads.ThreadPoolExecutor$Worker.run(ThreadPoolExecutor.java:659)
	at org.apache.tomcat.util.threads.TaskThread$WrappingRunnable.run(TaskThread.java:63)
	at java.base/java.lang.Thread.run(Thread.java:1583)
2024-10-29 14:30:23 DEBUG o.s.security.web.FilterChainProxy - Securing GET /error
2024-10-29 14:30:23 DEBUG o.s.s.w.c.HttpSessionSecurityContextRepository - Retrieved SecurityContextImpl [Authentication=UsernamePasswordAuthenticationToken [Principal=com.toray.ojt.web.entity.CustomUserDetails@68f3d3a6, Credentials=[PROTECTED], Authenticated=true, Details=WebAuthenticationDetails [RemoteIpAddress=0:0:0:0:0:0:0:1, SessionId=437BCB94B81B5DFD0172E93CCE6C5D83], Granted Authorities=[base_admin]]]
2024-10-29 14:30:23 DEBUG o.s.security.web.FilterChainProxy - Secured GET /error
2024-10-29 14:30:23 DEBUG o.s.security.web.FilterChainProxy - Securing GET /favicon.ico
2024-10-29 14:30:23 DEBUG o.s.s.w.c.HttpSessionSecurityContextRepository - Retrieved SecurityContextImpl [Authentication=UsernamePasswordAuthenticationToken [Principal=com.toray.ojt.web.entity.CustomUserDetails@68f3d3a6, Credentials=[PROTECTED], Authenticated=true, Details=WebAuthenticationDetails [RemoteIpAddress=0:0:0:0:0:0:0:1, SessionId=437BCB94B81B5DFD0172E93CCE6C5D83], Granted Authorities=[base_admin]]]
2024-10-29 14:30:23 DEBUG o.s.security.web.FilterChainProxy - Secured GET /favicon.ico
2024-10-29 14:30:23 WARN  o.s.w.s.m.s.DefaultHandlerExceptionResolver - Resolved [org.springframework.web.HttpRequestMethodNotSupportedException: Request method 'GET' is not supported]
2024-10-29 14:30:23 DEBUG o.s.security.web.FilterChainProxy - Securing GET /error
2024-10-29 14:30:23 DEBUG o.s.s.w.c.HttpSessionSecurityContextRepository - Retrieved SecurityContextImpl [Authentication=UsernamePasswordAuthenticationToken [Principal=com.toray.ojt.web.entity.CustomUserDetails@68f3d3a6, Credentials=[PROTECTED], Authenticated=true, Details=WebAuthenticationDetails [RemoteIpAddress=0:0:0:0:0:0:0:1, SessionId=437BCB94B81B5DFD0172E93CCE6C5D83], Granted Authorities=[base_admin]]]
2024-10-29 14:30:23 DEBUG o.s.security.web.FilterChainProxy - Secured GET /error
2024-10-29 14:31:56 INFO  com.zaxxer.hikari.HikariDataSource - HikariPool-1 - Shutdown initiated...
2024-10-29 14:31:56 INFO  com.zaxxer.hikari.HikariDataSource - HikariPool-1 - Shutdown completed.
2024-10-29 14:32:00 INFO  o.h.validator.internal.util.Version - HV000001: Hibernate Validator 8.0.1.Final
2024-10-29 14:32:00 INFO  com.toray.ojt.OjtApplication - Starting OjtApplication using Java 21.0.4 with PID 17504 (C:\Users\sanjay.nair\Desktop\Toray\ojt\target\classes started by sanjay.nair in C:\Users\sanjay.nair\Desktop\Toray\ojt)
2024-10-29 14:32:00 DEBUG com.toray.ojt.OjtApplication - Running with Spring Boot v3.3.4, Spring v6.1.13
2024-10-29 14:32:00 INFO  com.toray.ojt.OjtApplication - No active profile set, falling back to 1 default profile: "default"
2024-10-29 14:32:02 DEBUG o.m.s.mapper.ClassPathMapperScanner - Identified candidate component class: file [C:\Users\sanjay.nair\Desktop\Toray\ojt\target\classes\com\toray\ojt\web\mapper\BaseAttachmentMapper.class]
2024-10-29 14:32:02 DEBUG o.m.s.mapper.ClassPathMapperScanner - Identified candidate component class: file [C:\Users\sanjay.nair\Desktop\Toray\ojt\target\classes\com\toray\ojt\web\mapper\BaseAttributeMapper.class]
2024-10-29 14:32:02 DEBUG o.m.s.mapper.ClassPathMapperScanner - Identified candidate component class: file [C:\Users\sanjay.nair\Desktop\Toray\ojt\target\classes\com\toray\ojt\web\mapper\BaseInfoMapper.class]
2024-10-29 14:32:02 DEBUG o.m.s.mapper.ClassPathMapperScanner - Identified candidate component class: file [C:\Users\sanjay.nair\Desktop\Toray\ojt\target\classes\com\toray\ojt\web\mapper\TGuideMapper.class]
2024-10-29 14:32:02 DEBUG o.m.s.mapper.ClassPathMapperScanner - Identified candidate component class: file [C:\Users\sanjay.nair\Desktop\Toray\ojt\target\classes\com\toray\ojt\web\mapper\ToDoMapper.class]
2024-10-29 14:32:02 DEBUG o.m.s.mapper.ClassPathMapperScanner - Identified candidate component class: file [C:\Users\sanjay.nair\Desktop\Toray\ojt\target\classes\com\toray\ojt\web\mapper\UserDetailsMapper.class]
2024-10-29 14:32:02 DEBUG o.m.s.mapper.ClassPathMapperScanner - Identified candidate component class: file [C:\Users\sanjay.nair\Desktop\Toray\ojt\target\classes\com\toray\ojt\web\mapper\UserMapper.class]
2024-10-29 14:32:02 DEBUG o.m.s.mapper.ClassPathMapperScanner - Creating MapperFactoryBean with name 'baseAttachmentMapper' and 'com.toray.ojt.web.mapper.BaseAttachmentMapper' mapperInterface
2024-10-29 14:32:02 DEBUG o.m.s.mapper.ClassPathMapperScanner - Enabling autowire by type for MapperFactoryBean with name 'baseAttachmentMapper'.
2024-10-29 14:32:02 DEBUG o.m.s.mapper.ClassPathMapperScanner - Creating MapperFactoryBean with name 'baseAttributeMapper' and 'com.toray.ojt.web.mapper.BaseAttributeMapper' mapperInterface
2024-10-29 14:32:02 DEBUG o.m.s.mapper.ClassPathMapperScanner - Enabling autowire by type for MapperFactoryBean with name 'baseAttributeMapper'.
2024-10-29 14:32:02 DEBUG o.m.s.mapper.ClassPathMapperScanner - Creating MapperFactoryBean with name 'baseInfoMapper' and 'com.toray.ojt.web.mapper.BaseInfoMapper' mapperInterface
2024-10-29 14:32:02 DEBUG o.m.s.mapper.ClassPathMapperScanner - Enabling autowire by type for MapperFactoryBean with name 'baseInfoMapper'.
2024-10-29 14:32:02 DEBUG o.m.s.mapper.ClassPathMapperScanner - Creating MapperFactoryBean with name 'TGuideMapper' and 'com.toray.ojt.web.mapper.TGuideMapper' mapperInterface
2024-10-29 14:32:02 DEBUG o.m.s.mapper.ClassPathMapperScanner - Enabling autowire by type for MapperFactoryBean with name 'TGuideMapper'.
2024-10-29 14:32:02 DEBUG o.m.s.mapper.ClassPathMapperScanner - Creating MapperFactoryBean with name 'toDoMapper' and 'com.toray.ojt.web.mapper.ToDoMapper' mapperInterface
2024-10-29 14:32:02 DEBUG o.m.s.mapper.ClassPathMapperScanner - Enabling autowire by type for MapperFactoryBean with name 'toDoMapper'.
2024-10-29 14:32:02 DEBUG o.m.s.mapper.ClassPathMapperScanner - Creating MapperFactoryBean with name 'userDetailsMapper' and 'com.toray.ojt.web.mapper.UserDetailsMapper' mapperInterface
2024-10-29 14:32:02 DEBUG o.m.s.mapper.ClassPathMapperScanner - Enabling autowire by type for MapperFactoryBean with name 'userDetailsMapper'.
2024-10-29 14:32:02 DEBUG o.m.s.mapper.ClassPathMapperScanner - Creating MapperFactoryBean with name 'userMapper' and 'com.toray.ojt.web.mapper.UserMapper' mapperInterface
2024-10-29 14:32:02 DEBUG o.m.s.mapper.ClassPathMapperScanner - Enabling autowire by type for MapperFactoryBean with name 'userMapper'.
2024-10-29 14:32:03 INFO  o.s.b.w.e.tomcat.TomcatWebServer - Tomcat initialized with port 8080 (http)
2024-10-29 14:32:03 INFO  o.a.coyote.http11.Http11NioProtocol - Initializing ProtocolHandler ["http-nio-8080"]
2024-10-29 14:32:03 INFO  o.a.catalina.core.StandardService - Starting service [Tomcat]
2024-10-29 14:32:03 INFO  o.a.catalina.core.StandardEngine - Starting Servlet engine: [Apache Tomcat/10.1.30]
2024-10-29 14:32:03 INFO  o.a.c.c.C.[Tomcat].[localhost].[/] - Initializing Spring embedded WebApplicationContext
2024-10-29 14:32:03 INFO  o.s.b.w.s.c.ServletWebServerApplicationContext - Root WebApplicationContext: initialization completed in 3184 ms
2024-10-29 14:32:04 DEBUG o.m.spring.SqlSessionFactoryBean - Property 'configuration' or 'configLocation' not specified, using default MyBatis Configuration
2024-10-29 14:32:04 DEBUG o.m.spring.SqlSessionFactoryBean - Parsed mapper file: 'file [C:\Users\sanjay.nair\Desktop\Toray\ojt\target\classes\mappers\BaseAttachmentMapper.xml]'
2024-10-29 14:32:04 DEBUG o.m.spring.SqlSessionFactoryBean - Parsed mapper file: 'file [C:\Users\sanjay.nair\Desktop\Toray\ojt\target\classes\mappers\BaseAttributeMapper.xml]'
2024-10-29 14:32:04 DEBUG o.m.spring.SqlSessionFactoryBean - Parsed mapper file: 'file [C:\Users\sanjay.nair\Desktop\Toray\ojt\target\classes\mappers\BaseInfo.xml]'
2024-10-29 14:32:04 DEBUG o.m.spring.SqlSessionFactoryBean - Parsed mapper file: 'file [C:\Users\sanjay.nair\Desktop\Toray\ojt\target\classes\mappers\BaseInfoMapper.xml]'
2024-10-29 14:32:04 DEBUG o.m.spring.SqlSessionFactoryBean - Parsed mapper file: 'file [C:\Users\sanjay.nair\Desktop\Toray\ojt\target\classes\mappers\TGuideMapper.xml]'
2024-10-29 14:32:04 DEBUG o.m.spring.SqlSessionFactoryBean - Parsed mapper file: 'file [C:\Users\sanjay.nair\Desktop\Toray\ojt\target\classes\mappers\ToDoMapper.xml]'
2024-10-29 14:32:04 DEBUG o.m.spring.SqlSessionFactoryBean - Parsed mapper file: 'file [C:\Users\sanjay.nair\Desktop\Toray\ojt\target\classes\mappers\UserDetailsMapper.xml]'
2024-10-29 14:32:04 DEBUG o.m.spring.SqlSessionFactoryBean - Parsed mapper file: 'file [C:\Users\sanjay.nair\Desktop\Toray\ojt\target\classes\mappers\UserMapper.xml]'
2024-10-29 14:32:04 DEBUG o.f.c.i.s.classpath.ClassPathScanner - Scanning for classpath resources at 'classpath:db/callback' ...
2024-10-29 14:32:04 DEBUG o.f.c.i.s.classpath.ClassPathScanner - Determining location urls for classpath:db/callback using ClassLoader jdk.internal.loader.ClassLoaders$AppClassLoader@76ed5528 ...
2024-10-29 14:32:04 DEBUG o.f.c.i.s.classpath.ClassPathScanner - Unable to resolve location classpath:db/callback.
2024-10-29 14:32:04 DEBUG o.f.c.i.s.classpath.ClassPathScanner - Scanning for classpath resources at 'classpath:db/migration' ...
2024-10-29 14:32:04 DEBUG o.f.c.i.s.classpath.ClassPathScanner - Determining location urls for classpath:db/migration using ClassLoader jdk.internal.loader.ClassLoaders$AppClassLoader@76ed5528 ...
2024-10-29 14:32:04 DEBUG o.f.c.i.s.classpath.ClassPathScanner - Scanning URL: file:/C:/Users/sanjay.nair/Desktop/Toray/ojt/target/classes/db/migration
2024-10-29 14:32:04 DEBUG o.f.c.i.s.c.FileSystemClassPathLocationScanner - Scanning starting at classpath root in filesystem: C:\Users\sanjay.nair\Desktop\Toray\ojt\target\classes\
2024-10-29 14:32:04 DEBUG o.f.c.i.s.c.FileSystemClassPathLocationScanner - Scanning for resources in path: C:\Users\sanjay.nair\Desktop\Toray\ojt\target\classes\db\migration (db/migration)
2024-10-29 14:32:04 DEBUG o.f.c.i.s.classpath.ClassPathScanner - Found resource: db/migration/V2__create_table_ddl_statements.sql
2024-10-29 14:32:04 DEBUG o.f.c.i.s.classpath.ClassPathScanner - Found resource: db/migration/V3__foreign_key_setup.sql
2024-10-29 14:32:04 DEBUG o.f.c.i.s.classpath.ClassPathScanner - Found resource: db/migration/V4__Initial_Insert.sql
2024-10-29 14:32:04 DEBUG o.f.c.i.s.classpath.ClassPathScanner - Found resource: db/migration/V5__Insert_M_GYOMU_IRAI.sql
2024-10-29 14:32:04 DEBUG o.f.c.i.s.classpath.ClassPathScanner - Found resource: db/migration/V8__Insert_Base_info1.sql
2024-10-29 14:32:04 DEBUG o.f.c.i.s.classpath.ClassPathScanner - Scanning for classes at classpath:db/migration
2024-10-29 14:32:04 DEBUG o.f.c.i.r.ResourceNameValidator - Validating V4__Initial_Insert.sql
2024-10-29 14:32:04 INFO  com.zaxxer.hikari.HikariDataSource - HikariPool-1 - Starting...
2024-10-29 14:32:05 INFO  com.zaxxer.hikari.pool.HikariPool - HikariPool-1 - Added connection oracle.jdbc.driver.T4CConnection@3b5a19ed
2024-10-29 14:32:05 INFO  com.zaxxer.hikari.HikariDataSource - HikariPool-1 - Start completed.
2024-10-29 14:32:05 DEBUG o.f.c.i.r.ResourceNameValidator - Validating V8__Insert_Base_info1.sql
2024-10-29 14:32:05 DEBUG o.f.c.i.r.ResourceNameValidator - Validating V3__foreign_key_setup.sql
2024-10-29 14:32:05 DEBUG o.f.c.i.r.ResourceNameValidator - Validating V2__create_table_ddl_statements.sql
2024-10-29 14:32:05 DEBUG o.f.c.i.r.ResourceNameValidator - Validating V5__Insert_M_GYOMU_IRAI.sql
2024-10-29 14:32:05 INFO  org.flywaydb.core.FlywayExecutor - Database: jdbc:oracle:thin:@localhost:1521/test (Oracle 19.0)
2024-10-29 14:32:05 DEBUG org.flywaydb.core.FlywayExecutor - Driver: Oracle JDBC driver 19.8.0.0.0
2024-10-29 14:32:05 DEBUG org.flywaydb.core.FlywayExecutor - DDL Transactions Supported: false
2024-10-29 14:32:05 DEBUG o.f.c.i.s.SchemaHistoryFactory - Schemas: 
2024-10-29 14:32:05 DEBUG o.f.c.i.s.SchemaHistoryFactory - Default schema: null
2024-10-29 14:32:05 DEBUG o.f.c.i.c.SqlScriptCallbackFactory - Scanning for SQL callbacks ...
2024-10-29 14:32:05 DEBUG o.f.core.internal.command.DbValidate - Validating migrations ...
2024-10-29 14:32:05 DEBUG o.f.c.a.c.ClassicConfiguration - CherryPickConfigurationExtension not found
2024-10-29 14:32:05 DEBUG o.f.core.internal.scanner.Scanner - Filtering out resource: db/migration/V4__Initial_Insert.sql (filename: V4__Initial_Insert.sql)
2024-10-29 14:32:05 DEBUG o.f.core.internal.scanner.Scanner - Filtering out resource: db/migration/V8__Insert_Base_info1.sql (filename: V8__Insert_Base_info1.sql)
2024-10-29 14:32:05 DEBUG o.f.core.internal.scanner.Scanner - Filtering out resource: db/migration/V3__foreign_key_setup.sql (filename: V3__foreign_key_setup.sql)
2024-10-29 14:32:05 DEBUG o.f.core.internal.scanner.Scanner - Filtering out resource: db/migration/V2__create_table_ddl_statements.sql (filename: V2__create_table_ddl_statements.sql)
2024-10-29 14:32:05 DEBUG o.f.core.internal.scanner.Scanner - Filtering out resource: db/migration/V5__Insert_M_GYOMU_IRAI.sql (filename: V5__Insert_M_GYOMU_IRAI.sql)
2024-10-29 14:32:05 DEBUG o.f.core.internal.scanner.Scanner - Filtering out resource: db/migration/V4__Initial_Insert.sql (filename: V4__Initial_Insert.sql)
2024-10-29 14:32:05 DEBUG o.f.core.internal.scanner.Scanner - Filtering out resource: db/migration/V8__Insert_Base_info1.sql (filename: V8__Insert_Base_info1.sql)
2024-10-29 14:32:05 DEBUG o.f.core.internal.scanner.Scanner - Filtering out resource: db/migration/V3__foreign_key_setup.sql (filename: V3__foreign_key_setup.sql)
2024-10-29 14:32:05 DEBUG o.f.core.internal.scanner.Scanner - Filtering out resource: db/migration/V2__create_table_ddl_statements.sql (filename: V2__create_table_ddl_statements.sql)
2024-10-29 14:32:05 DEBUG o.f.core.internal.scanner.Scanner - Filtering out resource: db/migration/V5__Insert_M_GYOMU_IRAI.sql (filename: V5__Insert_M_GYOMU_IRAI.sql)
2024-10-29 14:32:05 INFO  o.f.core.internal.command.DbValidate - Successfully validated 6 migrations (execution time 00:00.108s)
2024-10-29 14:32:05 DEBUG o.f.core.internal.command.DbSchemas - Skipping creation of existing schema: "SYS"
2024-10-29 14:32:05 DEBUG o.f.c.a.c.ClassicConfiguration - CherryPickConfigurationExtension not found
2024-10-29 14:32:05 INFO  o.f.core.internal.command.DbMigrate - Current version of schema "SYS": 8
2024-10-29 14:32:05 INFO  o.f.core.internal.command.DbMigrate - Schema "SYS" is up to date. No migration necessary.
2024-10-29 14:32:05 DEBUG org.flywaydb.core.FlywayExecutor - Memory usage: 26 of 154M
2024-10-29 14:32:08 INFO  o.s.s.c.a.a.c.InitializeUserDetailsBeanManagerConfigurer$InitializeUserDetailsManagerConfigurer - Global AuthenticationManager configured with UserDetailsService bean with name customUserDetailsService
2024-10-29 14:32:10 DEBUG o.s.s.web.DefaultSecurityFilterChain - Will secure any request with filters: DisableEncodeUrlFilter, WebAsyncManagerIntegrationFilter, SecurityContextHolderFilter, HeaderWriterFilter, CsrfFilter, LogoutFilter, UsernamePasswordAuthenticationFilter, RequestCacheAwareFilter, SecurityContextHolderAwareRequestFilter, AnonymousAuthenticationFilter, ExceptionTranslationFilter, AuthorizationFilter
2024-10-29 14:32:12 INFO  o.a.coyote.http11.Http11NioProtocol - Starting ProtocolHandler ["http-nio-8080"]
2024-10-29 14:32:12 INFO  o.s.b.w.e.tomcat.TomcatWebServer - Tomcat started on port 8080 (http) with context path '/'
2024-10-29 14:32:12 INFO  com.toray.ojt.OjtApplication - Started OjtApplication in 13.498 seconds (process running for 14.458)
2024-10-29 14:32:19 INFO  o.a.c.c.C.[Tomcat].[localhost].[/] - Initializing Spring DispatcherServlet 'dispatcherServlet'
2024-10-29 14:32:19 INFO  o.s.web.servlet.DispatcherServlet - Initializing Servlet 'dispatcherServlet'
2024-10-29 14:32:19 INFO  o.s.web.servlet.DispatcherServlet - Completed initialization in 0 ms
2024-10-29 14:32:19 DEBUG o.s.security.web.FilterChainProxy - Securing GET /ObjectUtility
2024-10-29 14:32:19 DEBUG o.s.s.w.a.AnonymousAuthenticationFilter - Set SecurityContextHolder to anonymous SecurityContext
2024-10-29 14:32:19 DEBUG o.s.s.w.s.HttpSessionRequestCache - Saved request http://localhost:8080/ObjectUtility?continue to session
2024-10-29 14:32:19 DEBUG o.s.s.web.DefaultRedirectStrategy - Redirecting to http://localhost:8080/
2024-10-29 14:32:19 DEBUG o.s.security.web.FilterChainProxy - Securing GET /
2024-10-29 14:32:19 DEBUG o.s.security.web.FilterChainProxy - Secured GET /
2024-10-29 14:32:20 DEBUG o.s.s.w.a.AnonymousAuthenticationFilter - Set SecurityContextHolder to anonymous SecurityContext
2024-10-29 14:32:20 DEBUG o.s.security.web.FilterChainProxy - Securing GET /css/login.css
2024-10-29 14:32:20 DEBUG o.s.security.web.FilterChainProxy - Securing GET /images/GIPS_logo.jpg
2024-10-29 14:32:20 DEBUG o.s.security.web.FilterChainProxy - Secured GET /css/login.css
2024-10-29 14:32:20 DEBUG o.s.security.web.FilterChainProxy - Secured GET /images/GIPS_logo.jpg
2024-10-29 14:32:20 DEBUG o.s.s.w.a.AnonymousAuthenticationFilter - Set SecurityContextHolder to anonymous SecurityContext
2024-10-29 14:32:20 DEBUG o.s.s.w.a.AnonymousAuthenticationFilter - Set SecurityContextHolder to anonymous SecurityContext
2024-10-29 14:32:20 DEBUG o.s.security.web.FilterChainProxy - Securing GET /favicon.ico
2024-10-29 14:32:20 DEBUG o.s.s.w.a.AnonymousAuthenticationFilter - Set SecurityContextHolder to anonymous SecurityContext
2024-10-29 14:32:20 DEBUG o.s.s.web.DefaultRedirectStrategy - Redirecting to http://localhost:8080/
2024-10-29 14:32:20 DEBUG o.s.security.web.FilterChainProxy - Securing GET /
2024-10-29 14:32:20 DEBUG o.s.security.web.FilterChainProxy - Secured GET /
2024-10-29 14:32:20 DEBUG o.s.s.w.a.AnonymousAuthenticationFilter - Set SecurityContextHolder to anonymous SecurityContext
2024-10-29 14:32:21 DEBUG o.s.security.web.FilterChainProxy - Securing POST /login
2024-10-29 14:32:21 DEBUG c.t.o.w.s.i.CustomUserDetailsService - Parameter username: A12345
2024-10-29 14:32:21 DEBUG org.mybatis.spring.SqlSessionUtils - Creating a new SqlSession
2024-10-29 14:32:21 DEBUG org.mybatis.spring.SqlSessionUtils - SqlSession [org.apache.ibatis.session.defaults.DefaultSqlSession@6bcb331a] was not registered for synchronization because synchronization is not active
2024-10-29 14:32:21 DEBUG o.m.s.t.SpringManagedTransaction - JDBC Connection [HikariProxyConnection@1129265627 wrapping oracle.jdbc.driver.T4CConnection@3b5a19ed] will not be managed by Spring
2024-10-29 14:32:21 DEBUG c.t.o.w.m.UserMapper.findByAccountId - ==>  Preparing: SELECT * FROM BASE_PARTY_ACCOUNT WHERE ACCOUNT_ID = ?
2024-10-29 14:32:21 DEBUG c.t.o.w.m.UserMapper.findByAccountId - ==> Parameters: A12345(String)
2024-10-29 14:32:22 DEBUG c.t.o.w.m.UserMapper.findByAccountId - <==      Total: 1
2024-10-29 14:32:22 DEBUG org.mybatis.spring.SqlSessionUtils - Closing non transactional SqlSession [org.apache.ibatis.session.defaults.DefaultSqlSession@6bcb331a]
2024-10-29 14:32:22 DEBUG c.t.o.w.s.i.CustomUserDetailsService - User Object: com.toray.ojt.web.entity.User@3afdb39d
2024-10-29 14:32:22 DEBUG c.t.o.w.s.i.CustomUserDetailsService - isExpired: 1
2024-10-29 14:32:22 DEBUG org.mybatis.spring.SqlSessionUtils - Creating a new SqlSession
2024-10-29 14:32:22 DEBUG org.mybatis.spring.SqlSessionUtils - SqlSession [org.apache.ibatis.session.defaults.DefaultSqlSession@5802dcfc] was not registered for synchronization because synchronization is not active
2024-10-29 14:32:22 DEBUG o.m.s.t.SpringManagedTransaction - JDBC Connection [HikariProxyConnection@2073091892 wrapping oracle.jdbc.driver.T4CConnection@3b5a19ed] will not be managed by Spring
2024-10-29 14:32:22 DEBUG c.t.o.w.m.B.findAtrributeNameByPartyId - ==>  Preparing: SELECT ATTRIBUTE_NAME FROM BASE_PARTY_ATTRIBUTE WHERE PARTY_ID = ?
2024-10-29 14:32:22 DEBUG c.t.o.w.m.B.findAtrributeNameByPartyId - ==> Parameters: P12345(String)
2024-10-29 14:32:22 DEBUG c.t.o.w.m.B.findAtrributeNameByPartyId - <==      Total: 1
2024-10-29 14:32:22 DEBUG org.mybatis.spring.SqlSessionUtils - Closing non transactional SqlSession [org.apache.ibatis.session.defaults.DefaultSqlSession@5802dcfc]
2024-10-29 14:32:22 DEBUG c.t.o.w.s.i.CustomUserDetailsService - User role: base_admin
2024-10-29 14:32:22 DEBUG org.mybatis.spring.SqlSessionUtils - Creating a new SqlSession
2024-10-29 14:32:22 DEBUG org.mybatis.spring.SqlSessionUtils - SqlSession [org.apache.ibatis.session.defaults.DefaultSqlSession@38251e09] was not registered for synchronization because synchronization is not active
2024-10-29 14:32:22 DEBUG o.m.s.t.SpringManagedTransaction - JDBC Connection [HikariProxyConnection@127229656 wrapping oracle.jdbc.driver.T4CConnection@3b5a19ed] will not be managed by Spring
2024-10-29 14:32:22 DEBUG c.t.o.w.m.U.findUserNameByPartyId - ==>  Preparing: SELECT * FROM BASE_PARTY WHERE PARTY_ID = ?
2024-10-29 14:32:22 DEBUG c.t.o.w.m.U.findUserNameByPartyId - ==> Parameters: P12345(String)
2024-10-29 14:32:22 DEBUG c.t.o.w.m.U.findUserNameByPartyId - <==      Total: 1
2024-10-29 14:32:22 DEBUG org.mybatis.spring.SqlSessionUtils - Closing non transactional SqlSession [org.apache.ibatis.session.defaults.DefaultSqlSession@38251e09]
2024-10-29 14:32:22 DEBUG o.s.s.a.d.DaoAuthenticationProvider - Authenticated user
2024-10-29 14:32:22 DEBUG o.s.s.w.a.s.ChangeSessionIdAuthenticationStrategy - Changed session id from 0D7764B97C9F855F7A133D63184CBDA8
2024-10-29 14:32:22 DEBUG o.s.s.w.c.CsrfAuthenticationStrategy - Replaced CSRF Token
2024-10-29 14:32:22 DEBUG o.s.s.w.c.HttpSessionSecurityContextRepository - Stored SecurityContextImpl [Authentication=UsernamePasswordAuthenticationToken [Principal=com.toray.ojt.web.entity.CustomUserDetails@57dc9d18, Credentials=[PROTECTED], Authenticated=true, Details=WebAuthenticationDetails [RemoteIpAddress=0:0:0:0:0:0:0:1, SessionId=0D7764B97C9F855F7A133D63184CBDA8], Granted Authorities=[base_admin]]] to HttpSession [org.apache.catalina.session.StandardSessionFacade@7249f5ef]
2024-10-29 14:32:22 DEBUG o.s.s.w.a.UsernamePasswordAuthenticationFilter - Set SecurityContextHolder to UsernamePasswordAuthenticationToken [Principal=com.toray.ojt.web.entity.CustomUserDetails@57dc9d18, Credentials=[PROTECTED], Authenticated=true, Details=WebAuthenticationDetails [RemoteIpAddress=0:0:0:0:0:0:0:1, SessionId=0D7764B97C9F855F7A133D63184CBDA8], Granted Authorities=[base_admin]]
2024-10-29 14:32:22 DEBUG org.mybatis.spring.SqlSessionUtils - Creating a new SqlSession
2024-10-29 14:32:22 DEBUG org.mybatis.spring.SqlSessionUtils - SqlSession [org.apache.ibatis.session.defaults.DefaultSqlSession@16773dae] was not registered for synchronization because synchronization is not active
2024-10-29 14:32:22 DEBUG o.m.s.t.SpringManagedTransaction - JDBC Connection [HikariProxyConnection@636503589 wrapping oracle.jdbc.driver.T4CConnection@3b5a19ed] will not be managed by Spring
2024-10-29 14:32:22 DEBUG c.t.o.w.m.UserMapper.findByAccountId - ==>  Preparing: SELECT * FROM BASE_PARTY_ACCOUNT WHERE ACCOUNT_ID = ?
2024-10-29 14:32:22 DEBUG c.t.o.w.m.UserMapper.findByAccountId - ==> Parameters: A12345(String)
2024-10-29 14:32:22 DEBUG c.t.o.w.m.UserMapper.findByAccountId - <==      Total: 1
2024-10-29 14:32:22 DEBUG org.mybatis.spring.SqlSessionUtils - Closing non transactional SqlSession [org.apache.ibatis.session.defaults.DefaultSqlSession@16773dae]
2024-10-29 14:32:22 DEBUG org.mybatis.spring.SqlSessionUtils - Creating a new SqlSession
2024-10-29 14:32:22 DEBUG org.mybatis.spring.SqlSessionUtils - SqlSession [org.apache.ibatis.session.defaults.DefaultSqlSession@18ab29f9] was not registered for synchronization because synchronization is not active
2024-10-29 14:32:22 DEBUG o.m.s.t.SpringManagedTransaction - JDBC Connection [HikariProxyConnection@281279047 wrapping oracle.jdbc.driver.T4CConnection@3b5a19ed] will not be managed by Spring
2024-10-29 14:32:22 DEBUG c.t.o.w.m.U.updateFailedLoginAttempt - ==>  Preparing: UPDATE BASE_PARTY_ACCOUNT SET STATE = CASE WHEN ? IS NOT NULL THEN ? ELSE STATE END, FAILED_LOGIN_ATTEMPTS = CASE WHEN ? IS NOT NULL THEN ? ELSE FAILED_LOGIN_ATTEMPTS END, UPD_TIMESTAMP = CURRENT_TIMESTAMP -- Update timestamp for when the user was updated WHERE ACCOUNT_ID = ?
2024-10-29 14:32:22 DEBUG c.t.o.w.m.U.updateFailedLoginAttempt - ==> Parameters: A(String), A(String), 0(Integer), 0(Integer), A12345(String)
2024-10-29 14:32:22 DEBUG c.t.o.w.m.U.updateFailedLoginAttempt - <==    Updates: 1
2024-10-29 14:32:22 DEBUG org.mybatis.spring.SqlSessionUtils - Closing non transactional SqlSession [org.apache.ibatis.session.defaults.DefaultSqlSession@18ab29f9]
2024-10-29 14:32:22 DEBUG o.s.security.web.FilterChainProxy - Securing GET /toppage
2024-10-29 14:32:22 DEBUG o.s.s.w.c.HttpSessionSecurityContextRepository - Retrieved SecurityContextImpl [Authentication=UsernamePasswordAuthenticationToken [Principal=com.toray.ojt.web.entity.CustomUserDetails@57dc9d18, Credentials=[PROTECTED], Authenticated=true, Details=WebAuthenticationDetails [RemoteIpAddress=0:0:0:0:0:0:0:1, SessionId=0D7764B97C9F855F7A133D63184CBDA8], Granted Authorities=[base_admin]]]
2024-10-29 14:32:22 DEBUG o.s.security.web.FilterChainProxy - Secured GET /toppage
2024-10-29 14:32:22 DEBUG org.mybatis.spring.SqlSessionUtils - Creating a new SqlSession
2024-10-29 14:32:22 DEBUG org.mybatis.spring.SqlSessionUtils - SqlSession [org.apache.ibatis.session.defaults.DefaultSqlSession@5c87268e] was not registered for synchronization because synchronization is not active
2024-10-29 14:32:22 DEBUG o.m.s.t.SpringManagedTransaction - JDBC Connection [HikariProxyConnection@1379980142 wrapping oracle.jdbc.driver.T4CConnection@3b5a19ed] will not be managed by Spring
2024-10-29 14:32:22 DEBUG c.t.o.w.m.B.findBaseInfo - ==>  Preparing: SELECT TITLE AS title, BEGIN_YMD AS beginYmd, IMPORTANT_FLG AS importantFlg FROM BASE_INFO WHERE CURRENT_DATE BETWEEN BEGIN_YMD AND END_YMD ORDER BY IMPORTANT_FLG desc
2024-10-29 14:32:22 DEBUG c.t.o.w.m.B.findBaseInfo - ==> Parameters: 
2024-10-29 14:32:22 DEBUG c.t.o.w.m.B.findBaseInfo - <==      Total: 7
2024-10-29 14:32:22 DEBUG org.mybatis.spring.SqlSessionUtils - Closing non transactional SqlSession [org.apache.ibatis.session.defaults.DefaultSqlSession@5c87268e]
2024-10-29 14:32:22 DEBUG org.mybatis.spring.SqlSessionUtils - Creating a new SqlSession
2024-10-29 14:32:22 DEBUG org.mybatis.spring.SqlSessionUtils - SqlSession [org.apache.ibatis.session.defaults.DefaultSqlSession@5cc2aa4a] was not registered for synchronization because synchronization is not active
2024-10-29 14:32:22 DEBUG o.m.s.t.SpringManagedTransaction - JDBC Connection [HikariProxyConnection@362590134 wrapping oracle.jdbc.driver.T4CConnection@3b5a19ed] will not be managed by Spring
2024-10-29 14:32:22 DEBUG c.t.o.w.m.TGuideMapper.findTGuide - ==>  Preparing: SELECT TITLE AS title, BEGIN_YMD AS beginYmd, IMPORTANT_FLG AS importantFlg FROM T_GUIDE WHERE CURRENT_DATE BETWEEN BEGIN_YMD AND END_YMD ORDER BY IMPORTANT_FLG desc
2024-10-29 14:32:22 DEBUG c.t.o.w.m.TGuideMapper.findTGuide - ==> Parameters: 
2024-10-29 14:32:22 DEBUG c.t.o.w.m.TGuideMapper.findTGuide - <==      Total: 1
2024-10-29 14:32:22 DEBUG org.mybatis.spring.SqlSessionUtils - Closing non transactional SqlSession [org.apache.ibatis.session.defaults.DefaultSqlSession@5cc2aa4a]
2024-10-29 14:32:22 DEBUG org.mybatis.spring.SqlSessionUtils - Creating a new SqlSession
2024-10-29 14:32:22 DEBUG org.mybatis.spring.SqlSessionUtils - SqlSession [org.apache.ibatis.session.defaults.DefaultSqlSession@1cf2743e] was not registered for synchronization because synchronization is not active
2024-10-29 14:32:22 DEBUG o.m.s.t.SpringManagedTransaction - JDBC Connection [HikariProxyConnection@171431224 wrapping oracle.jdbc.driver.T4CConnection@3b5a19ed] will not be managed by Spring
2024-10-29 14:32:22 DEBUG c.t.o.w.m.T.findToDoByLocale - ==>  Preparing: SELECT T1.GYOMU_CD || '-' || T1.CYCLE_NO AS gyomuCd, T1.SHUSHU_TXT AS shushuTxt, TO_CHAR(TO_DATE(T1.SHIMEKIRI_YMD, 'YYYY-MM-DD'), 'yyyy/mm/dd') AS shimekiriYMD, T1.IRAI_STATUS AS iraiStatus, T1.SEQ_IRAI AS seqIrai, COALESCE(T2.KAITO_STATUS, 'N/A') AS kaitoStatus, COALESCE(T3.USER_KBN, 'Unknown') AS userKbn, COALESCE(T3.USERID, 'Unknown') AS userId, COALESCE(T4.PARTY_NAME_EN, 'No Party') AS partyNameEn, COALESCE(T5.CODE_VALUE1, 'No Value') AS codeValue1, (SELECT COUNT(*) FROM T_IRAI) AS requestTotal FROM T_IRAI T1 LEFT JOIN T_KAITO T2 ON T1.SEQ_IRAI = T2.SEQ_IRAI LEFT JOIN T_KAITO_USER T3 ON T2.SEQ_KAITO = T3.SEQ_KAITO LEFT JOIN BASE_PARTY T4 ON T3.USERID = T4.PARTY_ID LEFT JOIN BASE_CODE T5 ON T2.KAITO_STATUS = T5.CODE AND T5.CODE_KIND = 'KAITO_STATUS' AND T5.LOCALE = ? ORDER BY shimekiriYMD
2024-10-29 14:32:22 DEBUG c.t.o.w.m.T.findToDoByLocale - ==> Parameters: en(String)
2024-10-29 14:32:22 DEBUG c.t.o.w.m.T.findToDoByLocale - <==      Total: 1
2024-10-29 14:32:22 DEBUG org.mybatis.spring.SqlSessionUtils - Closing non transactional SqlSession [org.apache.ibatis.session.defaults.DefaultSqlSession@1cf2743e]
2024-10-29 14:32:22 DEBUG org.mybatis.spring.SqlSessionUtils - Creating a new SqlSession
2024-10-29 14:32:22 DEBUG org.mybatis.spring.SqlSessionUtils - SqlSession [org.apache.ibatis.session.defaults.DefaultSqlSession@2cdaae31] was not registered for synchronization because synchronization is not active
2024-10-29 14:32:22 DEBUG o.m.s.t.SpringManagedTransaction - JDBC Connection [HikariProxyConnection@1200055876 wrapping oracle.jdbc.driver.T4CConnection@3b5a19ed] will not be managed by Spring
2024-10-29 14:32:22 DEBUG c.t.o.w.m.T.findToDoByLocale - ==>  Preparing: SELECT T1.GYOMU_CD || '-' || T1.CYCLE_NO AS gyomuCd, T1.SHUSHU_TXT AS shushuTxt, TO_CHAR(TO_DATE(T1.SHIMEKIRI_YMD, 'YYYY-MM-DD'), 'yyyy/mm/dd') AS shimekiriYMD, T1.IRAI_STATUS AS iraiStatus, T1.SEQ_IRAI AS seqIrai, COALESCE(T2.KAITO_STATUS, 'N/A') AS kaitoStatus, COALESCE(T3.USER_KBN, 'Unknown') AS userKbn, COALESCE(T3.USERID, 'Unknown') AS userId, COALESCE(T4.PARTY_NAME_EN, 'No Party') AS partyNameEn, COALESCE(T5.CODE_VALUE1, 'No Value') AS codeValue1, (SELECT COUNT(*) FROM T_IRAI) AS requestTotal FROM T_IRAI T1 LEFT JOIN T_KAITO T2 ON T1.SEQ_IRAI = T2.SEQ_IRAI LEFT JOIN T_KAITO_USER T3 ON T2.SEQ_KAITO = T3.SEQ_KAITO LEFT JOIN BASE_PARTY T4 ON T3.USERID = T4.PARTY_ID LEFT JOIN BASE_CODE T5 ON T2.KAITO_STATUS = T5.CODE AND T5.CODE_KIND = 'KAITO_STATUS' AND T5.LOCALE = ? ORDER BY shimekiriYMD
2024-10-29 14:32:22 DEBUG c.t.o.w.m.T.findToDoByLocale - ==> Parameters: en(String)
2024-10-29 14:32:22 DEBUG c.t.o.w.m.T.findToDoByLocale - <==      Total: 1
2024-10-29 14:32:22 DEBUG org.mybatis.spring.SqlSessionUtils - Closing non transactional SqlSession [org.apache.ibatis.session.defaults.DefaultSqlSession@2cdaae31]
2024-10-29 14:32:22 DEBUG o.s.security.web.FilterChainProxy - Securing GET /images/gips.jpg
2024-10-29 14:32:22 DEBUG o.s.security.web.FilterChainProxy - Securing GET /css/top.css
2024-10-29 14:32:22 DEBUG o.s.security.web.FilterChainProxy - Secured GET /images/gips.jpg
2024-10-29 14:32:22 DEBUG o.s.security.web.FilterChainProxy - Secured GET /css/top.css
2024-10-29 14:32:22 DEBUG o.s.s.w.c.HttpSessionSecurityContextRepository - Retrieved SecurityContextImpl [Authentication=UsernamePasswordAuthenticationToken [Principal=com.toray.ojt.web.entity.CustomUserDetails@57dc9d18, Credentials=[PROTECTED], Authenticated=true, Details=WebAuthenticationDetails [RemoteIpAddress=0:0:0:0:0:0:0:1, SessionId=0D7764B97C9F855F7A133D63184CBDA8], Granted Authorities=[base_admin]]]
2024-10-29 14:32:22 DEBUG o.s.s.w.c.HttpSessionSecurityContextRepository - Retrieved SecurityContextImpl [Authentication=UsernamePasswordAuthenticationToken [Principal=com.toray.ojt.web.entity.CustomUserDetails@57dc9d18, Credentials=[PROTECTED], Authenticated=true, Details=WebAuthenticationDetails [RemoteIpAddress=0:0:0:0:0:0:0:1, SessionId=0D7764B97C9F855F7A133D63184CBDA8], Granted Authorities=[base_admin]]]
2024-10-29 14:32:22 DEBUG o.s.security.web.FilterChainProxy - Securing GET /images/Toray.png
2024-10-29 14:32:22 DEBUG o.s.security.web.FilterChainProxy - Secured GET /images/Toray.png
2024-10-29 14:32:22 DEBUG o.s.s.w.c.HttpSessionSecurityContextRepository - Retrieved SecurityContextImpl [Authentication=UsernamePasswordAuthenticationToken [Principal=com.toray.ojt.web.entity.CustomUserDetails@57dc9d18, Credentials=[PROTECTED], Authenticated=true, Details=WebAuthenticationDetails [RemoteIpAddress=0:0:0:0:0:0:0:1, SessionId=0D7764B97C9F855F7A133D63184CBDA8], Granted Authorities=[base_admin]]]
2024-10-29 14:32:22 DEBUG o.s.security.web.FilterChainProxy - Securing GET /images/important.png
2024-10-29 14:32:22 DEBUG o.s.security.web.FilterChainProxy - Secured GET /images/important.png
2024-10-29 14:32:22 DEBUG o.s.s.w.c.HttpSessionSecurityContextRepository - Retrieved SecurityContextImpl [Authentication=UsernamePasswordAuthenticationToken [Principal=com.toray.ojt.web.entity.CustomUserDetails@57dc9d18, Credentials=[PROTECTED], Authenticated=true, Details=WebAuthenticationDetails [RemoteIpAddress=0:0:0:0:0:0:0:1, SessionId=0D7764B97C9F855F7A133D63184CBDA8], Granted Authorities=[base_admin]]]
2024-10-29 14:32:22 DEBUG o.s.security.web.FilterChainProxy - Securing GET /favicon.ico
2024-10-29 14:32:22 DEBUG o.s.s.w.c.HttpSessionSecurityContextRepository - Retrieved SecurityContextImpl [Authentication=UsernamePasswordAuthenticationToken [Principal=com.toray.ojt.web.entity.CustomUserDetails@57dc9d18, Credentials=[PROTECTED], Authenticated=true, Details=WebAuthenticationDetails [RemoteIpAddress=0:0:0:0:0:0:0:1, SessionId=0D7764B97C9F855F7A133D63184CBDA8], Granted Authorities=[base_admin]]]
2024-10-29 14:32:22 DEBUG o.s.security.web.FilterChainProxy - Secured GET /favicon.ico
2024-10-29 14:32:22 WARN  o.s.w.s.m.s.DefaultHandlerExceptionResolver - Resolved [org.springframework.web.HttpRequestMethodNotSupportedException: Request method 'GET' is not supported]
2024-10-29 14:32:22 DEBUG o.s.security.web.FilterChainProxy - Securing GET /error
2024-10-29 14:32:22 DEBUG o.s.s.w.c.HttpSessionSecurityContextRepository - Retrieved SecurityContextImpl [Authentication=UsernamePasswordAuthenticationToken [Principal=com.toray.ojt.web.entity.CustomUserDetails@57dc9d18, Credentials=[PROTECTED], Authenticated=true, Details=WebAuthenticationDetails [RemoteIpAddress=0:0:0:0:0:0:0:1, SessionId=0D7764B97C9F855F7A133D63184CBDA8], Granted Authorities=[base_admin]]]
2024-10-29 14:32:22 DEBUG o.s.security.web.FilterChainProxy - Secured GET /error
2024-10-29 14:32:38 DEBUG o.s.security.web.FilterChainProxy - Securing GET /ObjectUtility
2024-10-29 14:32:38 DEBUG o.s.s.w.c.HttpSessionSecurityContextRepository - Retrieved SecurityContextImpl [Authentication=UsernamePasswordAuthenticationToken [Principal=com.toray.ojt.web.entity.CustomUserDetails@57dc9d18, Credentials=[PROTECTED], Authenticated=true, Details=WebAuthenticationDetails [RemoteIpAddress=0:0:0:0:0:0:0:1, SessionId=0D7764B97C9F855F7A133D63184CBDA8], Granted Authorities=[base_admin]]]
2024-10-29 14:32:38 DEBUG o.s.security.web.FilterChainProxy - Secured GET /ObjectUtility
2024-10-29 14:32:38 ERROR org.thymeleaf.TemplateEngine - [THYMELEAF][http-nio-8080-exec-3] Exception processing template "layout/ObjectTest": Exception evaluating SpringEL expression: "objectUtility.isEmpty(yourObject)" (template: "layout/ObjectTest" - line 8, col 4)
org.thymeleaf.exceptions.TemplateProcessingException: Exception evaluating SpringEL expression: "objectUtility.isEmpty(yourObject)" (template: "layout/ObjectTest" - line 8, col 4)
	at org.thymeleaf.spring6.expression.SPELVariableExpressionEvaluator.evaluate(SPELVariableExpressionEvaluator.java:292)
	at org.thymeleaf.standard.expression.VariableExpression.executeVariableExpression(VariableExpression.java:166)
	at org.thymeleaf.standard.expression.SimpleExpression.executeSimple(SimpleExpression.java:66)
	at org.thymeleaf.standard.expression.Expression.execute(Expression.java:109)
	at org.thymeleaf.standard.expression.Expression.execute(Expression.java:138)
	at org.thymeleaf.standard.processor.AbstractStandardExpressionAttributeTagProcessor.doProcess(AbstractStandardExpressionAttributeTagProcessor.java:144)
	at org.thymeleaf.processor.element.AbstractAttributeTagProcessor.doProcess(AbstractAttributeTagProcessor.java:74)
	at org.thymeleaf.processor.element.AbstractElementTagProcessor.process(AbstractElementTagProcessor.java:95)
	at org.thymeleaf.util.ProcessorConfigurationUtils$ElementTagProcessorWrapper.process(ProcessorConfigurationUtils.java:633)
	at org.thymeleaf.engine.ProcessorTemplateHandler.handleOpenElement(ProcessorTemplateHandler.java:1314)
	at org.thymeleaf.engine.OpenElementTag.beHandled(OpenElementTag.java:205)
	at org.thymeleaf.engine.TemplateModel.process(TemplateModel.java:136)
	at org.thymeleaf.engine.TemplateManager.parseAndProcess(TemplateManager.java:661)
	at org.thymeleaf.TemplateEngine.process(TemplateEngine.java:1103)
	at org.thymeleaf.TemplateEngine.process(TemplateEngine.java:1077)
	at org.thymeleaf.spring6.view.ThymeleafView.renderFragment(ThymeleafView.java:372)
	at org.thymeleaf.spring6.view.ThymeleafView.render(ThymeleafView.java:192)
	at org.springframework.web.servlet.DispatcherServlet.render(DispatcherServlet.java:1432)
	at org.springframework.web.servlet.DispatcherServlet.processDispatchResult(DispatcherServlet.java:1168)
	at org.springframework.web.servlet.DispatcherServlet.doDispatch(DispatcherServlet.java:1106)
	at org.springframework.web.servlet.DispatcherServlet.doService(DispatcherServlet.java:979)
	at org.springframework.web.servlet.FrameworkServlet.processRequest(FrameworkServlet.java:1014)
	at org.springframework.web.servlet.FrameworkServlet.doGet(FrameworkServlet.java:903)
	at jakarta.servlet.http.HttpServlet.service(HttpServlet.java:564)
	at org.springframework.web.servlet.FrameworkServlet.service(FrameworkServlet.java:885)
	at jakarta.servlet.http.HttpServlet.service(HttpServlet.java:658)
	at org.apache.catalina.core.ApplicationFilterChain.internalDoFilter(ApplicationFilterChain.java:195)
	at org.apache.catalina.core.ApplicationFilterChain.doFilter(ApplicationFilterChain.java:140)
	at org.apache.tomcat.websocket.server.WsFilter.doFilter(WsFilter.java:51)
	at org.apache.catalina.core.ApplicationFilterChain.internalDoFilter(ApplicationFilterChain.java:164)
	at org.apache.catalina.core.ApplicationFilterChain.doFilter(ApplicationFilterChain.java:140)
	at org.springframework.web.filter.HiddenHttpMethodFilter.doFilterInternal(HiddenHttpMethodFilter.java:91)
	at org.springframework.web.filter.OncePerRequestFilter.doFilter(OncePerRequestFilter.java:116)
	at org.apache.catalina.core.ApplicationFilterChain.internalDoFilter(ApplicationFilterChain.java:164)
	at org.apache.catalina.core.ApplicationFilterChain.doFilter(ApplicationFilterChain.java:140)
	at org.springframework.web.filter.CompositeFilter$VirtualFilterChain.doFilter(CompositeFilter.java:108)
	at org.springframework.security.web.FilterChainProxy.lambda$doFilterInternal$3(FilterChainProxy.java:231)
	at org.springframework.security.web.FilterChainProxy$VirtualFilterChain.doFilter(FilterChainProxy.java:365)
	at org.springframework.security.web.access.intercept.AuthorizationFilter.doFilter(AuthorizationFilter.java:100)
	at org.springframework.security.web.FilterChainProxy$VirtualFilterChain.doFilter(FilterChainProxy.java:374)
	at org.springframework.security.web.access.ExceptionTranslationFilter.doFilter(ExceptionTranslationFilter.java:126)
	at org.springframework.security.web.access.ExceptionTranslationFilter.doFilter(ExceptionTranslationFilter.java:120)
	at org.springframework.security.web.FilterChainProxy$VirtualFilterChain.doFilter(FilterChainProxy.java:374)
	at org.springframework.security.web.authentication.AnonymousAuthenticationFilter.doFilter(AnonymousAuthenticationFilter.java:100)
	at org.springframework.security.web.FilterChainProxy$VirtualFilterChain.doFilter(FilterChainProxy.java:374)
	at org.springframework.security.web.servletapi.SecurityContextHolderAwareRequestFilter.doFilter(SecurityContextHolderAwareRequestFilter.java:179)
	at org.springframework.security.web.FilterChainProxy$VirtualFilterChain.doFilter(FilterChainProxy.java:374)
	at org.springframework.security.web.savedrequest.RequestCacheAwareFilter.doFilter(RequestCacheAwareFilter.java:63)
	at org.springframework.security.web.FilterChainProxy$VirtualFilterChain.doFilter(FilterChainProxy.java:374)
	at org.springframework.security.web.authentication.AbstractAuthenticationProcessingFilter.doFilter(AbstractAuthenticationProcessingFilter.java:227)
	at org.springframework.security.web.authentication.AbstractAuthenticationProcessingFilter.doFilter(AbstractAuthenticationProcessingFilter.java:221)
	at org.springframework.security.web.FilterChainProxy$VirtualFilterChain.doFilter(FilterChainProxy.java:374)
	at org.springframework.security.web.authentication.logout.LogoutFilter.doFilter(LogoutFilter.java:107)
	at org.springframework.security.web.authentication.logout.LogoutFilter.doFilter(LogoutFilter.java:93)
	at org.springframework.security.web.FilterChainProxy$VirtualFilterChain.doFilter(FilterChainProxy.java:374)
	at org.springframework.security.web.csrf.CsrfFilter.doFilterInternal(CsrfFilter.java:117)
	at org.springframework.web.filter.OncePerRequestFilter.doFilter(OncePerRequestFilter.java:116)
	at org.springframework.security.web.FilterChainProxy$VirtualFilterChain.doFilter(FilterChainProxy.java:374)
	at org.springframework.security.web.header.HeaderWriterFilter.doHeadersAfter(HeaderWriterFilter.java:90)
	at org.springframework.security.web.header.HeaderWriterFilter.doFilterInternal(HeaderWriterFilter.java:75)
	at org.springframework.web.filter.OncePerRequestFilter.doFilter(OncePerRequestFilter.java:116)
	at org.springframework.security.web.FilterChainProxy$VirtualFilterChain.doFilter(FilterChainProxy.java:374)
	at org.springframework.security.web.context.SecurityContextHolderFilter.doFilter(SecurityContextHolderFilter.java:82)
	at org.springframework.security.web.context.SecurityContextHolderFilter.doFilter(SecurityContextHolderFilter.java:69)
	at org.springframework.security.web.FilterChainProxy$VirtualFilterChain.doFilter(FilterChainProxy.java:374)
	at org.springframework.security.web.context.request.async.WebAsyncManagerIntegrationFilter.doFilterInternal(WebAsyncManagerIntegrationFilter.java:62)
	at org.springframework.web.filter.OncePerRequestFilter.doFilter(OncePerRequestFilter.java:116)
	at org.springframework.security.web.FilterChainProxy$VirtualFilterChain.doFilter(FilterChainProxy.java:374)
	at org.springframework.security.web.session.DisableEncodeUrlFilter.doFilterInternal(DisableEncodeUrlFilter.java:42)
	at org.springframework.web.filter.OncePerRequestFilter.doFilter(OncePerRequestFilter.java:116)
	at org.springframework.security.web.FilterChainProxy$VirtualFilterChain.doFilter(FilterChainProxy.java:374)
	at org.springframework.security.web.FilterChainProxy.doFilterInternal(FilterChainProxy.java:233)
	at org.springframework.security.web.FilterChainProxy.doFilter(FilterChainProxy.java:191)
	at org.springframework.web.filter.CompositeFilter$VirtualFilterChain.doFilter(CompositeFilter.java:113)
	at org.springframework.web.servlet.handler.HandlerMappingIntrospector.lambda$createCacheFilter$3(HandlerMappingIntrospector.java:195)
	at org.springframework.web.filter.CompositeFilter$VirtualFilterChain.doFilter(CompositeFilter.java:113)
	at org.springframework.web.filter.CompositeFilter.doFilter(CompositeFilter.java:74)
	at org.springframework.security.config.annotation.web.configuration.WebMvcSecurityConfiguration$CompositeFilterChainProxy.doFilter(WebMvcSecurityConfiguration.java:230)
	at org.springframework.web.filter.DelegatingFilterProxy.invokeDelegate(DelegatingFilterProxy.java:352)
	at org.springframework.web.filter.DelegatingFilterProxy.doFilter(DelegatingFilterProxy.java:268)
	at org.apache.catalina.core.ApplicationFilterChain.internalDoFilter(ApplicationFilterChain.java:164)
	at org.apache.catalina.core.ApplicationFilterChain.doFilter(ApplicationFilterChain.java:140)
	at org.springframework.web.filter.RequestContextFilter.doFilterInternal(RequestContextFilter.java:100)
	at org.springframework.web.filter.OncePerRequestFilter.doFilter(OncePerRequestFilter.java:116)
	at org.apache.catalina.core.ApplicationFilterChain.internalDoFilter(ApplicationFilterChain.java:164)
	at org.apache.catalina.core.ApplicationFilterChain.doFilter(ApplicationFilterChain.java:140)
	at org.springframework.web.filter.FormContentFilter.doFilterInternal(FormContentFilter.java:93)
	at org.springframework.web.filter.OncePerRequestFilter.doFilter(OncePerRequestFilter.java:116)
	at org.apache.catalina.core.ApplicationFilterChain.internalDoFilter(ApplicationFilterChain.java:164)
	at org.apache.catalina.core.ApplicationFilterChain.doFilter(ApplicationFilterChain.java:140)
	at org.springframework.web.filter.CharacterEncodingFilter.doFilterInternal(CharacterEncodingFilter.java:201)
	at org.springframework.web.filter.OncePerRequestFilter.doFilter(OncePerRequestFilter.java:116)
	at org.apache.catalina.core.ApplicationFilterChain.internalDoFilter(ApplicationFilterChain.java:164)
	at org.apache.catalina.core.ApplicationFilterChain.doFilter(ApplicationFilterChain.java:140)
	at org.apache.catalina.core.StandardWrapperValve.invoke(StandardWrapperValve.java:167)
	at org.apache.catalina.core.StandardContextValve.invoke(StandardContextValve.java:90)
	at org.apache.catalina.authenticator.AuthenticatorBase.invoke(AuthenticatorBase.java:483)
	at org.apache.catalina.core.StandardHostValve.invoke(StandardHostValve.java:115)
	at org.apache.catalina.valves.ErrorReportValve.invoke(ErrorReportValve.java:93)
	at org.apache.catalina.core.StandardEngineValve.invoke(StandardEngineValve.java:74)
	at org.apache.catalina.connector.CoyoteAdapter.service(CoyoteAdapter.java:344)
	at org.apache.coyote.http11.Http11Processor.service(Http11Processor.java:384)
	at org.apache.coyote.AbstractProcessorLight.process(AbstractProcessorLight.java:63)
	at org.apache.coyote.AbstractProtocol$ConnectionHandler.process(AbstractProtocol.java:905)
	at org.apache.tomcat.util.net.NioEndpoint$SocketProcessor.doRun(NioEndpoint.java:1741)
	at org.apache.tomcat.util.net.SocketProcessorBase.run(SocketProcessorBase.java:52)
	at org.apache.tomcat.util.threads.ThreadPoolExecutor.runWorker(ThreadPoolExecutor.java:1190)
	at org.apache.tomcat.util.threads.ThreadPoolExecutor$Worker.run(ThreadPoolExecutor.java:659)
	at org.apache.tomcat.util.threads.TaskThread$WrappingRunnable.run(TaskThread.java:63)
	at java.base/java.lang.Thread.run(Thread.java:1583)
Caused by: org.springframework.expression.spel.SpelEvaluationException: EL1004E: Method call: Method isEmpty(null) cannot be found on type com.toray.ojt.web.dto.UserDetailsForUserNameOnlyDto
	at org.springframework.expression.spel.ast.MethodReference.findAccessorForMethod(MethodReference.java:238)
	at org.springframework.expression.spel.ast.MethodReference.getValueInternal(MethodReference.java:148)
	at org.springframework.expression.spel.ast.MethodReference$MethodValueRef.getValue(MethodReference.java:401)
	at org.springframework.expression.spel.ast.CompoundExpression.getValueInternal(CompoundExpression.java:97)
	at org.springframework.expression.spel.ast.SpelNodeImpl.getValue(SpelNodeImpl.java:114)
	at org.springframework.expression.spel.standard.SpelExpression.getValue(SpelExpression.java:338)
	at org.thymeleaf.spring6.expression.SPELVariableExpressionEvaluator.evaluate(SPELVariableExpressionEvaluator.java:265)
	... 109 common frames omitted
2024-10-29 14:32:38 ERROR o.a.c.c.C.[.[.[.[dispatcherServlet] - Servlet.service() for servlet [dispatcherServlet] in context with path [] threw exception [Request processing failed: org.thymeleaf.exceptions.TemplateProcessingException: Exception evaluating SpringEL expression: "objectUtility.isEmpty(yourObject)" (template: "layout/ObjectTest" - line 8, col 4)] with root cause
org.springframework.expression.spel.SpelEvaluationException: EL1004E: Method call: Method isEmpty(null) cannot be found on type com.toray.ojt.web.dto.UserDetailsForUserNameOnlyDto
	at org.springframework.expression.spel.ast.MethodReference.findAccessorForMethod(MethodReference.java:238)
	at org.springframework.expression.spel.ast.MethodReference.getValueInternal(MethodReference.java:148)
	at org.springframework.expression.spel.ast.MethodReference$MethodValueRef.getValue(MethodReference.java:401)
	at org.springframework.expression.spel.ast.CompoundExpression.getValueInternal(CompoundExpression.java:97)
	at org.springframework.expression.spel.ast.SpelNodeImpl.getValue(SpelNodeImpl.java:114)
	at org.springframework.expression.spel.standard.SpelExpression.getValue(SpelExpression.java:338)
	at org.thymeleaf.spring6.expression.SPELVariableExpressionEvaluator.evaluate(SPELVariableExpressionEvaluator.java:265)
	at org.thymeleaf.standard.expression.VariableExpression.executeVariableExpression(VariableExpression.java:166)
	at org.thymeleaf.standard.expression.SimpleExpression.executeSimple(SimpleExpression.java:66)
	at org.thymeleaf.standard.expression.Expression.execute(Expression.java:109)
	at org.thymeleaf.standard.expression.Expression.execute(Expression.java:138)
	at org.thymeleaf.standard.processor.AbstractStandardExpressionAttributeTagProcessor.doProcess(AbstractStandardExpressionAttributeTagProcessor.java:144)
	at org.thymeleaf.processor.element.AbstractAttributeTagProcessor.doProcess(AbstractAttributeTagProcessor.java:74)
	at org.thymeleaf.processor.element.AbstractElementTagProcessor.process(AbstractElementTagProcessor.java:95)
	at org.thymeleaf.util.ProcessorConfigurationUtils$ElementTagProcessorWrapper.process(ProcessorConfigurationUtils.java:633)
	at org.thymeleaf.engine.ProcessorTemplateHandler.handleOpenElement(ProcessorTemplateHandler.java:1314)
	at org.thymeleaf.engine.OpenElementTag.beHandled(OpenElementTag.java:205)
	at org.thymeleaf.engine.TemplateModel.process(TemplateModel.java:136)
	at org.thymeleaf.engine.TemplateManager.parseAndProcess(TemplateManager.java:661)
	at org.thymeleaf.TemplateEngine.process(TemplateEngine.java:1103)
	at org.thymeleaf.TemplateEngine.process(TemplateEngine.java:1077)
	at org.thymeleaf.spring6.view.ThymeleafView.renderFragment(ThymeleafView.java:372)
	at org.thymeleaf.spring6.view.ThymeleafView.render(ThymeleafView.java:192)
	at org.springframework.web.servlet.DispatcherServlet.render(DispatcherServlet.java:1432)
	at org.springframework.web.servlet.DispatcherServlet.processDispatchResult(DispatcherServlet.java:1168)
	at org.springframework.web.servlet.DispatcherServlet.doDispatch(DispatcherServlet.java:1106)
	at org.springframework.web.servlet.DispatcherServlet.doService(DispatcherServlet.java:979)
	at org.springframework.web.servlet.FrameworkServlet.processRequest(FrameworkServlet.java:1014)
	at org.springframework.web.servlet.FrameworkServlet.doGet(FrameworkServlet.java:903)
	at jakarta.servlet.http.HttpServlet.service(HttpServlet.java:564)
	at org.springframework.web.servlet.FrameworkServlet.service(FrameworkServlet.java:885)
	at jakarta.servlet.http.HttpServlet.service(HttpServlet.java:658)
	at org.apache.catalina.core.ApplicationFilterChain.internalDoFilter(ApplicationFilterChain.java:195)
	at org.apache.catalina.core.ApplicationFilterChain.doFilter(ApplicationFilterChain.java:140)
	at org.apache.tomcat.websocket.server.WsFilter.doFilter(WsFilter.java:51)
	at org.apache.catalina.core.ApplicationFilterChain.internalDoFilter(ApplicationFilterChain.java:164)
	at org.apache.catalina.core.ApplicationFilterChain.doFilter(ApplicationFilterChain.java:140)
	at org.springframework.web.filter.HiddenHttpMethodFilter.doFilterInternal(HiddenHttpMethodFilter.java:91)
	at org.springframework.web.filter.OncePerRequestFilter.doFilter(OncePerRequestFilter.java:116)
	at org.apache.catalina.core.ApplicationFilterChain.internalDoFilter(ApplicationFilterChain.java:164)
	at org.apache.catalina.core.ApplicationFilterChain.doFilter(ApplicationFilterChain.java:140)
	at org.springframework.web.filter.CompositeFilter$VirtualFilterChain.doFilter(CompositeFilter.java:108)
	at org.springframework.security.web.FilterChainProxy.lambda$doFilterInternal$3(FilterChainProxy.java:231)
	at org.springframework.security.web.FilterChainProxy$VirtualFilterChain.doFilter(FilterChainProxy.java:365)
	at org.springframework.security.web.access.intercept.AuthorizationFilter.doFilter(AuthorizationFilter.java:100)
	at org.springframework.security.web.FilterChainProxy$VirtualFilterChain.doFilter(FilterChainProxy.java:374)
	at org.springframework.security.web.access.ExceptionTranslationFilter.doFilter(ExceptionTranslationFilter.java:126)
	at org.springframework.security.web.access.ExceptionTranslationFilter.doFilter(ExceptionTranslationFilter.java:120)
	at org.springframework.security.web.FilterChainProxy$VirtualFilterChain.doFilter(FilterChainProxy.java:374)
	at org.springframework.security.web.authentication.AnonymousAuthenticationFilter.doFilter(AnonymousAuthenticationFilter.java:100)
	at org.springframework.security.web.FilterChainProxy$VirtualFilterChain.doFilter(FilterChainProxy.java:374)
	at org.springframework.security.web.servletapi.SecurityContextHolderAwareRequestFilter.doFilter(SecurityContextHolderAwareRequestFilter.java:179)
	at org.springframework.security.web.FilterChainProxy$VirtualFilterChain.doFilter(FilterChainProxy.java:374)
	at org.springframework.security.web.savedrequest.RequestCacheAwareFilter.doFilter(RequestCacheAwareFilter.java:63)
	at org.springframework.security.web.FilterChainProxy$VirtualFilterChain.doFilter(FilterChainProxy.java:374)
	at org.springframework.security.web.authentication.AbstractAuthenticationProcessingFilter.doFilter(AbstractAuthenticationProcessingFilter.java:227)
	at org.springframework.security.web.authentication.AbstractAuthenticationProcessingFilter.doFilter(AbstractAuthenticationProcessingFilter.java:221)
	at org.springframework.security.web.FilterChainProxy$VirtualFilterChain.doFilter(FilterChainProxy.java:374)
	at org.springframework.security.web.authentication.logout.LogoutFilter.doFilter(LogoutFilter.java:107)
	at org.springframework.security.web.authentication.logout.LogoutFilter.doFilter(LogoutFilter.java:93)
	at org.springframework.security.web.FilterChainProxy$VirtualFilterChain.doFilter(FilterChainProxy.java:374)
	at org.springframework.security.web.csrf.CsrfFilter.doFilterInternal(CsrfFilter.java:117)
	at org.springframework.web.filter.OncePerRequestFilter.doFilter(OncePerRequestFilter.java:116)
	at org.springframework.security.web.FilterChainProxy$VirtualFilterChain.doFilter(FilterChainProxy.java:374)
	at org.springframework.security.web.header.HeaderWriterFilter.doHeadersAfter(HeaderWriterFilter.java:90)
	at org.springframework.security.web.header.HeaderWriterFilter.doFilterInternal(HeaderWriterFilter.java:75)
	at org.springframework.web.filter.OncePerRequestFilter.doFilter(OncePerRequestFilter.java:116)
	at org.springframework.security.web.FilterChainProxy$VirtualFilterChain.doFilter(FilterChainProxy.java:374)
	at org.springframework.security.web.context.SecurityContextHolderFilter.doFilter(SecurityContextHolderFilter.java:82)
	at org.springframework.security.web.context.SecurityContextHolderFilter.doFilter(SecurityContextHolderFilter.java:69)
	at org.springframework.security.web.FilterChainProxy$VirtualFilterChain.doFilter(FilterChainProxy.java:374)
	at org.springframework.security.web.context.request.async.WebAsyncManagerIntegrationFilter.doFilterInternal(WebAsyncManagerIntegrationFilter.java:62)
	at org.springframework.web.filter.OncePerRequestFilter.doFilter(OncePerRequestFilter.java:116)
	at org.springframework.security.web.FilterChainProxy$VirtualFilterChain.doFilter(FilterChainProxy.java:374)
	at org.springframework.security.web.session.DisableEncodeUrlFilter.doFilterInternal(DisableEncodeUrlFilter.java:42)
	at org.springframework.web.filter.OncePerRequestFilter.doFilter(OncePerRequestFilter.java:116)
	at org.springframework.security.web.FilterChainProxy$VirtualFilterChain.doFilter(FilterChainProxy.java:374)
	at org.springframework.security.web.FilterChainProxy.doFilterInternal(FilterChainProxy.java:233)
	at org.springframework.security.web.FilterChainProxy.doFilter(FilterChainProxy.java:191)
	at org.springframework.web.filter.CompositeFilter$VirtualFilterChain.doFilter(CompositeFilter.java:113)
	at org.springframework.web.servlet.handler.HandlerMappingIntrospector.lambda$createCacheFilter$3(HandlerMappingIntrospector.java:195)
	at org.springframework.web.filter.CompositeFilter$VirtualFilterChain.doFilter(CompositeFilter.java:113)
	at org.springframework.web.filter.CompositeFilter.doFilter(CompositeFilter.java:74)
	at org.springframework.security.config.annotation.web.configuration.WebMvcSecurityConfiguration$CompositeFilterChainProxy.doFilter(WebMvcSecurityConfiguration.java:230)
	at org.springframework.web.filter.DelegatingFilterProxy.invokeDelegate(DelegatingFilterProxy.java:352)
	at org.springframework.web.filter.DelegatingFilterProxy.doFilter(DelegatingFilterProxy.java:268)
	at org.apache.catalina.core.ApplicationFilterChain.internalDoFilter(ApplicationFilterChain.java:164)
	at org.apache.catalina.core.ApplicationFilterChain.doFilter(ApplicationFilterChain.java:140)
	at org.springframework.web.filter.RequestContextFilter.doFilterInternal(RequestContextFilter.java:100)
	at org.springframework.web.filter.OncePerRequestFilter.doFilter(OncePerRequestFilter.java:116)
	at org.apache.catalina.core.ApplicationFilterChain.internalDoFilter(ApplicationFilterChain.java:164)
	at org.apache.catalina.core.ApplicationFilterChain.doFilter(ApplicationFilterChain.java:140)
	at org.springframework.web.filter.FormContentFilter.doFilterInternal(FormContentFilter.java:93)
	at org.springframework.web.filter.OncePerRequestFilter.doFilter(OncePerRequestFilter.java:116)
	at org.apache.catalina.core.ApplicationFilterChain.internalDoFilter(ApplicationFilterChain.java:164)
	at org.apache.catalina.core.ApplicationFilterChain.doFilter(ApplicationFilterChain.java:140)
	at org.springframework.web.filter.CharacterEncodingFilter.doFilterInternal(CharacterEncodingFilter.java:201)
	at org.springframework.web.filter.OncePerRequestFilter.doFilter(OncePerRequestFilter.java:116)
	at org.apache.catalina.core.ApplicationFilterChain.internalDoFilter(ApplicationFilterChain.java:164)
	at org.apache.catalina.core.ApplicationFilterChain.doFilter(ApplicationFilterChain.java:140)
	at org.apache.catalina.core.StandardWrapperValve.invoke(StandardWrapperValve.java:167)
	at org.apache.catalina.core.StandardContextValve.invoke(StandardContextValve.java:90)
	at org.apache.catalina.authenticator.AuthenticatorBase.invoke(AuthenticatorBase.java:483)
	at org.apache.catalina.core.StandardHostValve.invoke(StandardHostValve.java:115)
	at org.apache.catalina.valves.ErrorReportValve.invoke(ErrorReportValve.java:93)
	at org.apache.catalina.core.StandardEngineValve.invoke(StandardEngineValve.java:74)
	at org.apache.catalina.connector.CoyoteAdapter.service(CoyoteAdapter.java:344)
	at org.apache.coyote.http11.Http11Processor.service(Http11Processor.java:384)
	at org.apache.coyote.AbstractProcessorLight.process(AbstractProcessorLight.java:63)
	at org.apache.coyote.AbstractProtocol$ConnectionHandler.process(AbstractProtocol.java:905)
	at org.apache.tomcat.util.net.NioEndpoint$SocketProcessor.doRun(NioEndpoint.java:1741)
	at org.apache.tomcat.util.net.SocketProcessorBase.run(SocketProcessorBase.java:52)
	at org.apache.tomcat.util.threads.ThreadPoolExecutor.runWorker(ThreadPoolExecutor.java:1190)
	at org.apache.tomcat.util.threads.ThreadPoolExecutor$Worker.run(ThreadPoolExecutor.java:659)
	at org.apache.tomcat.util.threads.TaskThread$WrappingRunnable.run(TaskThread.java:63)
	at java.base/java.lang.Thread.run(Thread.java:1583)
2024-10-29 14:32:38 DEBUG o.s.security.web.FilterChainProxy - Securing GET /error
2024-10-29 14:32:38 DEBUG o.s.s.w.c.HttpSessionSecurityContextRepository - Retrieved SecurityContextImpl [Authentication=UsernamePasswordAuthenticationToken [Principal=com.toray.ojt.web.entity.CustomUserDetails@57dc9d18, Credentials=[PROTECTED], Authenticated=true, Details=WebAuthenticationDetails [RemoteIpAddress=0:0:0:0:0:0:0:1, SessionId=0D7764B97C9F855F7A133D63184CBDA8], Granted Authorities=[base_admin]]]
2024-10-29 14:32:38 DEBUG o.s.security.web.FilterChainProxy - Secured GET /error
2024-10-29 14:32:38 DEBUG o.s.security.web.FilterChainProxy - Securing GET /favicon.ico
2024-10-29 14:32:38 DEBUG o.s.s.w.c.HttpSessionSecurityContextRepository - Retrieved SecurityContextImpl [Authentication=UsernamePasswordAuthenticationToken [Principal=com.toray.ojt.web.entity.CustomUserDetails@57dc9d18, Credentials=[PROTECTED], Authenticated=true, Details=WebAuthenticationDetails [RemoteIpAddress=0:0:0:0:0:0:0:1, SessionId=0D7764B97C9F855F7A133D63184CBDA8], Granted Authorities=[base_admin]]]
2024-10-29 14:32:38 DEBUG o.s.security.web.FilterChainProxy - Secured GET /favicon.ico
2024-10-29 14:32:38 WARN  o.s.w.s.m.s.DefaultHandlerExceptionResolver - Resolved [org.springframework.web.HttpRequestMethodNotSupportedException: Request method 'GET' is not supported]
2024-10-29 14:32:38 DEBUG o.s.security.web.FilterChainProxy - Securing GET /error
2024-10-29 14:32:38 DEBUG o.s.s.w.c.HttpSessionSecurityContextRepository - Retrieved SecurityContextImpl [Authentication=UsernamePasswordAuthenticationToken [Principal=com.toray.ojt.web.entity.CustomUserDetails@57dc9d18, Credentials=[PROTECTED], Authenticated=true, Details=WebAuthenticationDetails [RemoteIpAddress=0:0:0:0:0:0:0:1, SessionId=0D7764B97C9F855F7A133D63184CBDA8], Granted Authorities=[base_admin]]]
2024-10-29 14:32:38 DEBUG o.s.security.web.FilterChainProxy - Secured GET /error
2024-10-29 17:32:31 WARN  com.zaxxer.hikari.pool.HikariPool - HikariPool-1 - Thread starvation or clock leap detected (housekeeper delta=2h55m55s608ms520µs900ns).
2024-10-29 17:46:07 WARN  com.zaxxer.hikari.pool.HikariPool - HikariPool-1 - Thread starvation or clock leap detected (housekeeper delta=1m36s242ms120µs400ns).
